id;question;ground_truth;source_book;answer;contexts_count;answer_response_time_seconds;answer_input_tokens;answer_output_tokens;answer_total_tokens;faithfulness;answer_relevancy;context_precision;context_recall
Q001;O que significa 'lógica de programação' em palavras simples?;É o uso correto das leis do pensamento e de processos organizados de raciocínio aplicados à criação de programas de computador, com o objetivo de produzir soluções válidas e coerentes que resolvam adequadamente os problemas propostos.;Lógica de programação (André Luiz Villar Forbellone) [Programming Logic];"Em palavras simples, a **lógica de programação** pode ser definida como uma técnica de encadear pensamentos de forma coerente, seguindo uma determinada convenção ou regra, com o intuito de atender a um objetivo específico. 

No contexto da computação, ela tem como objetivo principal o estabelecimento de uma **sequência organizada de passos** (uma sequência lógica) que será executada por um computador na forma de um programa. Ou seja, é organizar as ações e regras de forma clara para que o computador saiba o que fazer, seguindo o princípio básico de funcionamento dos sistemas computacionais: receber uma entrada, realizar o processamento e gerar uma saída.";5;13.240452;2216;2454;4670;1.0;0.8673311723897369;0.3333333333;1.0
Q002;A lógica existe no nosso dia a dia, fora da programação de computadores?;"Sim. Sempre que pensamos, falamos, escrevemos ou agimos corretamente, estamos colocando 'ordem no pensamento', ou seja, aplicando lógica; ela não se restringe à matemática ou à computação e aparece em situações simples do cotidiano.";Lógica de programação (André Luiz Villar Forbellone) [Programming Logic];"Sim, a lógica existe no nosso dia a dia, fora da programação de computadores. 

De acordo com o contexto, sempre que pensamos, a lógica necessariamente nos acompanha, sendo essencial para falar, escrever ou agir corretamente, colocando ""ordem no pensamento"". Além disso, usamos a lógica no dia a dia ao tomar decisões, calcular e resolver problemas cotidianos. Exemplos disso incluem o ato de seguir uma receita de bolo, trocar o pneu de um carro ou instalar um aparelho de TV, atividades nas quais obedecemos a uma certa sequência de passos e racionalidade, mesmo que inconscientemente. Como o próprio texto ressalta, ""a lógica está enraizada em nossas vidas"".";5;6.646021;1394;1141;2535;0.9230769230769231;0.9999999999999997;0.999999999975;1.0
Q003;De um jeito bem direto: o que é um algoritmo?;É uma sequência de passos bem definidos e ordenados que tem por objetivo resolver um determinado problema ou chegar a um resultado esperado, como os passos de uma receita de bolo.;Lógica de programação (André Luiz Villar Forbellone) [Programming Logic];"De um jeito bem direto, um algoritmo é **uma sequência finita e ordenada de instruções bem definidas para resolver um problema**. 

No contexto da computação, ele é um procedimento sistemático que recebe dados de entrada, segue regras precisas e transforma esses dados em um resultado de saída. Em suma, é o caminho exato de passos que se deve seguir para chegar à solução de um problema.";5;14.335855;2577;2122;4699;0.8333333333333334;0.8755805205087706;0.99999999998;0.0
Q004;Quais são as principais formas de representar um algoritmo?;Pode ser representado de forma textual, escrevendo os passos em linguagem coloquial comum ou em pseudocódigo estruturado, ou de forma gráfica, como um fluxograma ou um diagrama de Chapin. Cada técnica tem vantagens e desvantagens quanto à clareza e à facilidade de escrita.;Lógica de programação (André Luiz Villar Forbellone) [Programming Logic];"De acordo com o contexto, um algoritmo pode ser descrito basicamente de duas formas:

1. **Forma gráfica**: a partir da utilização de diagramas de blocos, substituindo palavras por convenções de desenhos. Exemplos citados incluem o fluxograma tradicional e o diagrama de Chapin.
2. **Forma textual**: a partir do uso de português coloquial, de uma linguagem de projeto de programação ou mesmo de uma linguagem de programação de computadores formal.";5;5.866837;1359;1105;2464;1.0;0.6905093325344803;0.8666666666377778;1.0
Q005;O que é uma variável dentro de um algoritmo?;É um dado cujo valor pode ser alterado durante a execução do algoritmo, armazenado em uma posição de memória identificada por um nome. É como uma gaveta etiquetada que, ao longo do tempo, pode guardar um objeto diferente dentro de si.;Lógica de programação (André Luiz Villar Forbellone) [Programming Logic];"# O que é uma variável dentro de um algoritmo?

De acordo com o contexto apresentado, uma **variável** pode ser definida, do ponto de vista computacional, como:

> A **representação de uma região de memória** utilizada para **armazenar, acessar e modificar** certo valor por um determinado espaço de tempo.

## Principais características

- **Memória reservada previamente**: uma quantidade maior ou menor de memória é alocada para guardar os dados, dependendo do tamanho e das características de cada valor.
- **Rotulada com um nome**: a variável é devidamente identificada por um nome, sendo declarada com a seguinte estrutura:
  - `var <nome da variável> : <tipo primitivo associado à variável>`
- **Tempo de armazenamento**: o tempo em que um valor permanece armazenado em uma variável está relacionado à **duração da execução do programa**.
- **Finalidade**: serve para guardar os dados (valores, letras, nomes) que servirão de **""entrada"" ou ""matéria-prima""** para realizarmos as tarefas/ações planejadas no algoritmo.

## Classificação quanto ao escopo

As variáveis também podem ser classificadas como:

1. **Globais**: definidas na área de declarações do programa principal, podem ser visualizadas em todas as partes do algoritmo e por todas as sub-rotinas.
2. **Locais**: definidas dentro de uma sub-rotina, existem apenas durante a execução dessa sub-rotina.

A correta definição e uso de variáveis globais e locais resulta, dentre outros benefícios, na **otimização do uso de memória**.";5;9.538881;2156;1425;3581;0.9230769230769231;0.9999997631299503;0.699999999965;0.5
Q006;Quais regras um identificador (nome de variável) deve seguir?;Ele deve necessariamente começar com um caractere alfabético, pode ser seguido por outras letras ou números e não pode conter caracteres especiais nem espaços em branco.;Lógica de programação (André Luiz Villar Forbellone) [Programming Logic];"Com base no contexto fornecido, um identificador (nome de variável) deve seguir as seguintes regras:

* **Início do nome:** O primeiro caractere deve ser sempre alfabético (uma letra) ou o caractere sublinhado (`_`).
* **Demais caracteres:** Podem ser seguidos por mais caracteres alfabéticos e/ou numéricos (alfanuméricos).
* **Caracteres especiais:** É permitido apenas o uso do caractere especial ‘sublinha’ (`_`), sendo proibido o uso de outros caracteres especiais (como `@, $, +, -, %, !`).
* **Espaços em branco:** Não é permitido o uso de espaços em branco; caso deseje separar nomes compostos, deve-se utilizar o underline (`_`).
* **Palavras reservadas:** Jamais pode ser definido com o mesmo nome de palavras reservadas (comandos ou instruções de uma linguagem de programação).
* **Exclusividade:** Não pode utilizar um rótulo que já tenha sido usado para identificar o nome de um programa ou de outra variável (o nome deve ser exclusivo no programa em que foi definido).
* **Legibilidade:** Deve expressar em seu nome o que realmente irá manipular, não deixando dúvida ou ambiguidade, para facilitar a manutenção por outros programadores.
* **Maiúsculas e minúsculas:** O compilador não faz distinção entre letras maiúsculas e minúsculas (ex: o identificador `NUM` é igual ao identificador `num`).";5;14.923797;1504;2604;4108;1.0;0.8587419379743811;0.9166666666361111;1.0
Q007;O que é uma constante em um algoritmo?;É um dado cujo valor nunca muda durante a execução do algoritmo, permanecendo o mesmo do início ao fim e também se mantendo igual em diferentes execuções ao longo do tempo.;Lógica de programação (André Luiz Villar Forbellone) [Programming Logic];"Com base no contexto fornecido, o conceito de **constante em um algoritmo** pode ser compreendido de duas formas principais:

**1. No sentido de valor de dados (Programação/Matemática):**
É uma grandeza numérica fixa, estável e imutável, associada a um nome (obedecendo às mesmas regras de nomenclatura das variáveis). Uma vez definida no início do programa, esse valor não será alterado em nenhum momento até o término da sua execução. 
*Exemplos:* O valor de Pi (aproximadamente 3.14159265) ou o número fixo 1.23 na expressão matemática `SAÍDA = ENTRADA + 1.23`.

**2. No sentido de tempo de execução (Complexidade de algoritmos / Big O):**
É uma quantidade determinada de tempo (frequentemente representada pela letra *c*) que o algoritmo leva para ser executado em suas operações (por exemplo, 10 milissegundos multiplicado por *n*). Na análise de complexidade, essa constante de tempo geralmente é ignorada. O motivo é que, ao comparar dois algoritmos com tempos de execução Big O diferentes (como a pesquisa binária e a pesquisa simples), a velocidade de crescimento do algoritmo ditada pelo Big O será o fator determinante para a rapidez final, fazendo com que a constante de tempo não cause diferença significativa no resultado para grandes volumes de dados.";5;14.590593;1846;2739;4585;0.9411764705882353;0.9639874688865845;0.99999999995;1.0
Q008;Por que usamos aspas duplas ao escrever uma constante do tipo caractere?;As aspas duplas são usadas para delimitar e distinguir os dados constantes do tipo caractere dos demais tipos primitivos, deixando claro no algoritmo onde aquele texto fixo começa e termina.;Lógica de programação (André Luiz Villar Forbellone) [Programming Logic];"Com base no contexto fornecido, há um detalhe importante a ser esclarecido sobre a terminologia da sua pergunta: o texto especifica que as **aspas duplas ("" "")** não são usadas para um único caractere, mas sim para delimitar uma **cadeia de caracteres** (também chamada de *string*). Um **caractere isolado** deve ser delimitado por **apóstrofos (' ')**.

Portanto:
* **Caractere isolado:** Utiliza-se apóstrofos (ex: `'P'`). 
* **Cadeia de caracteres (String):** Utiliza-se aspas duplas (ex: `""Programa""` ou `""João e Maria comem pão""`).

O motivo pelo qual usamos aspas duplas ao escrever uma constante do tipo cadeia de caracteres (string), segundo o contexto, é **""para possibilitar a separação entre o texto do seu programa e o conteúdo de uma string""**. 

As aspas duplas servem para delimitar claramente o início e o fim da sequência de caracteres. Isso é essencial para que o compilador/interpretador saiba exatamente onde a string começa e termina, permitindo, inclusive, o uso de espaços em branco dentro do texto sem causar erros de leitura ou interpretação do código.";5;16.627745;2108;3038;5146;0.9;0.8952102022254964;0.9166666666361111;1.0
Q009;Qual é a diferença entre uma constante e uma variável?;Uma constante mantém sempre o mesmo valor do início ao fim da execução do algoritmo, enquanto uma variável pode ter seu valor alterado a qualquer momento durante essa execução.;Lógica de programação (André Luiz Villar Forbellone) [Programming Logic];"Com base no contexto, a principal diferença entre uma constante e uma variável é:

*   **Variável:** É a representação de uma região de memória utilizada para armazenar, acessar e **modificar** um determinado valor por um espaço de tempo, que está relacionado ao tempo de duração da execução do programa.
*   **Constante:** É um valor definido inicialmente no programa que **não será alterado em nenhum momento** até o término da execução do programa. É um valor fixo (numérico) associado a um nome, sem qualquer atributo, e a vinculação de um valor a uma constante nomeada é um processo permanente.";5;13.278289;1205;1212;2417;0.8888888888888888;0.9046118038672061;0.36666666664833336;1.0
Q010;Dê um exemplo que ajude a ilustrar a diferença entre uma constante e uma variável.;"No cálculo da área de um círculo, o valor de pi é uma constante, pois é sempre o mesmo número independentemente do cálculo; já o raio é uma variável, porque muda dependendo de qual círculo está sendo considerado.";Lógica de programação (André Luiz Villar Forbellone) [Programming Logic];"De acordo com o contexto, um exemplo que ilustra a diferença entre uma constante e uma variável é a construção de um algoritmo para calcular o valor da área de uma circunferência. 

Nesse caso, a fórmula matemática utiliza o valor de **pi**, que é uma **constante** de 3,1416..., pois é independente de qual seja a circunferência e vale para todas as ocasiões em que a área é calculada. Já o valor de **r**, que representa o raio, é uma **variável**, pois é dependente da circunferência (ou seja, seu valor pode ser alterado).";5;13.065825;1319;2230;3549;1.0;0.8259268094581138;0.8666666666377778;1.0
Q011;Quais são os tipos de dados primitivos usados na lógica de programação?;São quatro: inteiro (números inteiros positivos, negativos ou zero), real (números com casas decimais), caractere (letras, números e símbolos tratados como texto) e lógico (que admite apenas os valores verdadeiro ou falso).;Lógica de programação (André Luiz Villar Forbellone) [Programming Logic];"Com base no contexto fornecido, os tipos de dados primitivos (ou básicos) são aqueles que não são definidos em termos de outros tipos, servindo como reflexos do hardware e base para a construção de tipos derivados e estruturas de dados. Eles representam as informações do mundo exterior abstraídas para serem processadas pelo computador.

Na lógica de programação, os dados são enquadrados em três categorias principais de tipos primitivos:

1. **Numéricos:** Podem ser:
   * **Inteiro:** Valores numéricos positivos e negativos, excluindo qualquer valor fracionário.
   * **Real:** Valores numéricos que pertencem ao conjunto de números reais (incluindo fracionários).

2. **Caracteres (ou Cadeia):** Representados por valores alfabéticos ou alfanuméricos (letras, símbolos, textos).

3. **Lógicos:** Representados pelos valores **falso** e **verdadeiro**.

O contexto também ressalta que, em linguagens de programação reais (como o Pascal, citado no texto), esses tipos vêm predefinidos com nomes específicos, como *Integer, Char, Byte, Real, String* e *Boolean*. Quando a quantidade desses tipos primitivos não é suficiente para o algoritmo, o programador pode compor esses tipos básicos para criar novas estruturas de dados, como matrizes, vetores ou *arrays*.";5;18.616499;2238;2561;4799;0.9;0.936484394166043;0.8666666666377778;1.0
Q012;O que caracteriza o tipo de dado lógico?;É um tipo de informação biestável, ou seja, só pode assumir um de dois estados possíveis, convencionalmente representados como verdadeiro (V) ou falso (F), como uma porta que só pode estar aberta ou fechada.;Lógica de programação (André Luiz Villar Forbellone) [Programming Logic];Com base no contexto, o tipo de dado lógico é caracterizado por possuir valores binários, ou seja, é toda informação que pode assumir apenas uma de duas situações possíveis: verdadeiro ou falso (ou sim e não, 1 e 0). Ele também é conhecido como tipo booleano.;5;8.965277;1235;1031;2266;1.0;0.9421640221367583;0.99999999998;0.0
Q013;Para que serve o comando 'leia' em um algoritmo?;É o comando de entrada de dados: recebe um valor vindo de fora do algoritmo, como algo digitado pelo usuário, e atribui esse valor à variável indicada entre parênteses.;Lógica de programação (André Luiz Villar Forbellone) [Programming Logic];De acordo com o contexto, o comando 'leia' é um comando de entrada utilizado para receber dados digitados pelo usuário, que serão armazenados em variáveis.;5;11.592473;1190;795;1985;1.0;0.6829125911691021;0.9999999999666667;1.0
Q014;De onde vêm os dados que o comando de entrada armazena nas variáveis?;"Vêm de fora do algoritmo, como o teclado ou outro dispositivo de entrada, semelhante aos ingredientes que entram em uma receita; sem essa entrada, o algoritmo não teria nada com que trabalhar.";Lógica de programação (André Luiz Villar Forbellone) [Programming Logic];De acordo com o contexto, os dados vêm de um dispositivo de entrada de dados (como o teclado do computador) ou de um arquivo em disco, sendo descritos também como dados digitados pelo usuário.;5;12.891191;935;869;1804;1.0;0.6204863425200774;0.9999999999666667;0.0
Q015;Qual é a função do comando 'escreva' em um algoritmo?;É o comando de saída de dados: exibe o conteúdo de uma variável identificada, mostrando ao usuário o resultado ou a resposta calculada pelo algoritmo.;Lógica de programação (André Luiz Villar Forbellone) [Programming Logic];"De acordo com o contexto, a função do comando `escreva` é atuar como um **comando de saída de dados**. Ele é utilizado para mostrar dados na tela ou na impressora, exibindo mensagens ou os conteúdos de variáveis. 

Ao ser executado, as expressões em sua lista são analisadas e seus resultados são impressos na saída padrão. A principal característica do `escreva` em relação ao `escreval` é que, após terminar a execução, o cursor permanece na mesma posição (não muda de linha).";5;12.129036;1214;1288;2502;1.0;0.8228140929514116;0.999999999975;1.0
Q016;É possível exibir mais de uma informação em um único comando 'escreva'?;"Sim, basta colocar entre parênteses vários identificadores, expressões ou trechos de texto separados por vírgulas, como em escreva(""Você pesa"", W, ""quilos""), permitindo combinar texto fixo com o valor de variáveis.";Lógica de programação (André Luiz Villar Forbellone) [Programming Logic];"Sim, é possível. De acordo com o contexto, o comando de saída aceita uma ""lista-de-expressões"" que deve estar entre parênteses e separada por vírgula. 

Um exemplo apresentado no texto é o comando `escreval (“A = “, A, “ e B = “, B)`, que exibe em um único comando uma cadeia de caracteres (""A = ""), o valor de uma variável (A), outra cadeia de caracteres ("" e B = "") e o valor de outra variável (B). Também é exemplificado com a exibição de uma cadeia de caracteres e uma expressão aritmética, como em `escreval (“X + Y = “ , X+Y)`.";5;12.356285;1459;967;2426;1.0;0.7826753593911192;0.9166666666361111;1.0
Q017;Quais são os operadores aritméticos básicos usados em algoritmos?;São a adição (+), a subtração (-), a multiplicação (*) e a divisão (/), usados para representar as operações matemáticas fundamentais entre constantes ou variáveis numéricas.;Lógica de programação (André Luiz Villar Forbellone) [Programming Logic];"De acordo com o contexto, os operadores aritméticos básicos usados em algoritmos são: 
* **Adição (+)**
* **Subtração (-)**
* **Multiplicação (*)**
* **Divisão (/)**";5;8.874028;1117;753;1870;1.0;0.9291880818626715;0.94999999997625;1.0
Q018;Como a potenciação e a radiciação são representadas em pseudocódigo, já que os símbolos ^ e √ não são usados?;Em vez disso, usam-se palavras-chave: pot(x,y) representa x elevado a y, e rad(x) representa a raiz quadrada de x.;Lógica de programação (André Luiz Villar Forbellone) [Programming Logic];"Com base no contexto fornecido, já que os símbolos matemáticos tradicionais (como `^` e `√`) não são usados de forma padrão, a potenciação e a radiciação são representadas em pseudocódigo por meio de palavras-chave e funções específicas:

* **Potenciação:** É representada pela palavra-chave `pot(x, y)`, que significa ""x elevado a y"". O exemplo citado no texto é `pot(2, 3)`. O contexto também observa que, em algumas linguagens como C e Java, usa-se a função `pow(x, y)`, e que potências de 2 (como $a^2$) podem ser representadas simplesmente pela multiplicação explícita `a*a`.
* **Radiciação (Raiz quadrada):** É representada pela palavra-chave `rad(x)`, como no exemplo `rad(9)`. O texto ainda ressalva que, em algumas linguagens, essa operação também pode ser executada através da função `sqrt(a)`.";5;16.352567;2707;2198;4905;1.0;0.890314847651715;0.5833333333041666;1.0
Q019;Para que servem os operadores relacionais?;Servem para comparar dois valores de um mesmo tipo primitivo, sejam constantes, variáveis ou expressões aritméticas, permitindo construir entre eles relações como igualdade ou desigualdade.;Lógica de programação (André Luiz Villar Forbellone) [Programming Logic];"Com base no contexto fornecido, os operadores relacionais servem para **estabelecer uma condição, ou seja, uma relação lógica entre dois elementos**, comparando os valores de seus dois operandos. 

A principal característica desses operadores é que o resultado obtido de uma relação é **sempre um valor lógico (booleano): verdadeiro ou falso**. A operação determina a verdade ou a falsidade da expressão dependendo dos tipos de operandos comparados. 

Por exemplo, ao analisar a expressão `A + B = C`, o resultado será verdadeiro à medida que o valor da expressão aritmética `A + B` seja igual ao conteúdo da variável `C`; caso seja diferente, o resultado será falso.

Eles são usados para verificar as seguintes condições:
* **= (Igual a):** verifica se dois valores são iguais (Ex: `3 = 3` ou `X = Y`).
* **> (Maior que):** verifica se um valor é maior que o outro (Ex: `5 > 4` ou `X > Y`).
* **< (Menor que):** verifica se um valor é menor que o outro (Ex: `3 < 6` ou `X < Y`).
* **>= (Maior ou igual a):** verifica se um valor é maior ou igual a outro (Ex: `5 >= 3`).
* **<= (Menor ou igual a):** verifica se um valor é menor ou igual a outro (Ex: `3 <= 5`).
* **<> (Diferente de):** verifica se os valores são diferentes (Ex: `8 <> 9` ou `X <> Y`).";5;12.021775;2228;2262;4490;0.95;0.8965586002789271;0.94999999997625;1.0
Q020;De que tipo é sempre o resultado de uma comparação feita com um operador relacional?;É sempre um valor lógico, verdadeiro ou falso, dependendo de a relação testada entre os dois valores comparados se verificar ou não.;Lógica de programação (André Luiz Villar Forbellone) [Programming Logic];De acordo com o contexto, o resultado de uma comparação feita com um operador relacional é sempre um valor lógico (ou booleano), sendo sempre **verdadeiro ou falso**.;5;7.615984;1148;919;2067;1.0;0.9382489556778072;0.8666666666377778;1.0
Q021;Quais são os três operadores lógicos básicos e o que cada um faz?;"São o não, que inverte o valor de uma condição (negação); o e, que só resulta verdadeiro quando ambos os operandos são verdadeiros (conjunção); e o ou, que resulta verdadeiro quando pelo menos um dos operandos é verdadeiro (disjunção).";Lógica de programação (André Luiz Villar Forbellone) [Programming Logic];"Com base no contexto, os três operadores lógicos que trabalham vinculando mais de uma condição para uma única decisão são:

1. **ou** (disjunção inclusiva): Operador que resulta VERDADEIRO quando um dos seus operandos lógicos for verdadeiro.
2. **e** (conjunção): Operador que resulta VERDADEIRO somente se seus dois operandos lógicos forem verdadeiros.
3. **xou** (disjunção exclusiva): Operador que resulta VERDADEIRO se seus dois operandos lógicos forem diferentes, e FALSO se forem iguais.";5;8.438675;1318;1230;2548;1.0;0.7435454666138192;0.6999999999766667;1.0
Q022;Em que situação o operador lógico 'e' entre duas condições resulta verdadeiro?;"Somente quando ambas as condições avaliadas são simultaneamente verdadeiras; se qualquer uma delas for falsa, o resultado do 'e' também será falso.";Lógica de programação (André Luiz Villar Forbellone) [Programming Logic];"De acordo com o contexto, o operador lógico ""e"" resulta VERDADEIRO somente se seus dois operandos lógicos (ou proposições/condições) forem verdadeiros.";5;4.040956;1171;326;1497;1.0;0.7925198339230309;0.8333333332916666;1.0
Q023;O que o comando de atribuição faz em um algoritmo?;Fornece um valor a uma variável, armazenando nela o resultado de uma expressão ou uma constante, desde que o tipo desse valor seja compatível com o tipo declarado da variável.;Lógica de programação (André Luiz Villar Forbellone) [Programming Logic];"De acordo com o contexto, o comando de atribuição pode ser definido como uma ação a ser executada. Ele fornece o mecanismo por meio do qual o usuário pode mudar dinamicamente as vinculações de valores a variáveis. 

Especificamente, o comando atribui um valor a um identificador (nome de uma variável) explicitado no lado esquerdo do símbolo de igualdade. Esse valor pode ser o resultado de uma expressão, o valor de outra variável ou uma constante, e o resultado dessa expressão será armazenado no identificador.";5;12.723064;1227;1553;2780;1.0;0.6753932145868949;0.9999999999666667;0.0
Q024;O que deve existir do lado esquerdo do símbolo de atribuição?;Deve haver apenas um único identificador, ou seja, o nome de uma variável, pois é ali que será armazenado o valor calculado no lado direito da expressão.;Lógica de programação (André Luiz Villar Forbellone) [Programming Logic];Uma variável (identificador).;5;4.456455;869;631;1500;1.0;0.22700033981742906;0.32499999998375;1.0
Q025;O que caracteriza a estrutura sequencial de um algoritmo?;É quando o conjunto de ações do algoritmo é executado uma após a outra, em ordem linear de cima para baixo, seguindo exatamente a mesma ordem em que as ações foram escritas.;Lógica de programação (André Luiz Villar Forbellone) [Programming Logic];De acordo com o contexto, a estrutura sequencial de um algoritmo é caracterizada pelo fato de que o conjunto de ações primitivas será executado em uma sequência linear de cima para baixo e da esquerda para a direita. Além disso, ela estabelece a sequência a ser executada, descrevendo de forma sucinta a ação passo a passo para a solução do problema indicado, baseando-se nas etapas de trabalho de um computador: entrada, processamento e saída.;5;23.537273;1225;2168;3393;0.4;0.9628023895191813;0.5833333333041666;1.0
Q026;Como as ações costumam ser separadas dentro da estrutura sequencial de um algoritmo?;"Por convenção, cada ação é separada da seguinte por um ponto e vírgula (;), sinalizando que, uma vez alcançada, o próximo comando da sequência deve ser executado.";Lógica de programação (André Luiz Villar Forbellone) [Programming Logic];"De acordo com o contexto fornecido, as ações dentro da estrutura sequencial de um algoritmo costumam ser separadas por um **ponto-e-vírgula (;)**. 

O texto explica que o objetivo dessa convenção é separar uma ação da outra e auxiliar na organização sequencial das ações. Isso ocorre porque o algoritmo é executado em uma sequência linear (de cima para baixo e da esquerda para a direita, na mesma ordem em que foi escrito), de modo que, ao encontrar um ponto-e-vírgula, o sistema sabe que deve executar o próximo comando da sequência.";5;10.360385;2404;1398;3802;1.0;0.8236030792734605;0.19999999998;1.0
Q027;Qual é a ordem de prioridade entre parênteses, operadores aritméticos, operadores relacionais e operadores lógicos em uma expressão?;Primeiro resolvem-se os parênteses mais internos, depois os operadores aritméticos, em seguida os operadores relacionais e, por fim, os operadores lógicos.;Lógica de programação (André Luiz Villar Forbellone) [Programming Logic];"Com base no contexto, a ordem de prioridade de execução em uma expressão é a seguinte:

1. **Parênteses:** São utilizados para estabelecer uma nova ordem de execução e alterar o nível de prioridade natural dos operadores.
2. **Operadores aritméticos:** 
   - 1ª prioridade: `*` e `/`
   - 2ª prioridade: `+` e `-` 
   - *(Observação: o operador `div` possui nível de prioridade inferior a qualquer outro operador aritmético).*
3. **Operadores relacionais:**
   - 3ª prioridade: `>`, `<`, `>=`, `<=`
   - 4ª prioridade: `=`, `z`
4. **Operadores lógicos:**
   - 5ª prioridade: `não`
   - 6ª prioridade: `e`
   - 7ª prioridade: `ou` (e também `xou`, que possui o mesmo nível de prioridade do `ou`)";5;9.835852;1381;1673;3054;0.875;0.7650818871665276;0.99999999995;1.0
Q028;Entre os operadores lógicos não, e e ou, qual tem a maior prioridade na resolução de uma expressão?;"O operador não tem a maior prioridade, seguido pelo e e, por último, pelo ou; essa é a ordem em que são resolvidos quando aparecem juntos em uma mesma expressão lógica.";Lógica de programação (André Luiz Villar Forbellone) [Programming Logic];De acordo com o contexto, o operador lógico **.não.** (Negação) possui a maior prioridade na resolução de uma expressão.;5;4.476843;1224;685;1909;1.0;0.9247881649894284;0.99999999995;1.0
Q029;Quais são os tipos de dados numéricos usados em Python e qual é a diferença entre eles?;"Python trabalha com números inteiros (int), que não têm parte decimal, e números de ponto flutuante (float), que têm parte decimal; mesmo um valor como 1.0, com zero na casa decimal, já é considerado de ponto flutuante.";Introdução à programação com Python (Nilo Ney Coutinho Menezes) [Introduction to Programming with Python];"Com base no contexto fornecido, os tipos de dados numéricos usados em Python são os **números inteiros** e os **números de ponto flutuante (ou decimais)**. A diferença fundamental entre eles é a presença ou ausência da parte decimal:

* **Números inteiros:** São aqueles que **não possuem parte decimal**. Exemplos citados no contexto incluem: `1`, `0`, `-5`, `550`, `-47` e `30000`.
* **Números de ponto flutuante (decimais):** São aqueles que **possuem parte decimal**. Exemplos incluem: `5.478`, `10.478` e `30000.4`. É importante destacar que, mesmo tendo zero na parte decimal, um número como `1.0` é classificado como um número de ponto flutuante.

**Outras características importantes da representação numérica em Python destacadas no contexto:**

1. **Separador decimal:** Por herança da língua inglesa, Python utiliza o ponto (`.`) e não a vírgula (`,`) para separar a parte inteira da fracionária.
2. **Ausência de separador de milhar:** Não se utiliza nenhum separador para milhares ou milhões. Por exemplo, ""um milhão"" deve ser escrito direto: `1000000`.
3. **Limites de representação:** O valor máximo e mínimo que uma variável pode armazenar é limitado pela quantidade de dígitos reservados para ela, conceito que remonta à representação no sistema binário.
4. **Formatação e Bases:** Embora o Python apresente os números de forma transparente na base 10 (sistema do dia a dia), ele também suporta a representação de inteiros em outras bases (binária, octal, hexadecimal) e a representação de números muito grandes ou pequenos por meio de **notação científica** (formatos `e` e `E`, que separam o número em mantissa e expoente).";5;14.431484;2675;3082;5757;0.9375;0.9688814435585438;0.9999999999;1.0
Q030;Como Python representa os valores lógicos (booleanos)?;Ele usa o tipo lógico, também chamado de booleano, escrevendo True para representar verdadeiro e False para representar falso, sempre com a primeira letra maiúscula.;Introdução à programação com Python (Nilo Ney Coutinho Menezes) [Introduction to Programming with Python];"De acordo com o contexto fornecido, Python representa os valores lógicos (também chamados de tipo booleano) utilizando as palavras **`True`** para verdadeiro e **`False`** para falso. 

Alguns pontos importantes destacados pelo contexto sobre essa representação incluem:

* **Maiúsculas:** É obrigatório escrever a letra inicial em maiúsculo (o **T** de *True* e o **F** de *False*).
* **Atribuição:** Eles podem ser armazenados diretamente em variáveis, como nos exemplos `resultado = True` ou `aprovado = False`.
* **Resultado de comparações:** Além de serem atribuídos diretamente, os valores lógicos são gerados automaticamente como resultado da avaliação de expressões que utilizam operadores relacionais (como `==`, `>`, `<`, `!=`, etc.). Ou seja, toda comparação em Python retornará um valor do tipo lógico (`True` ou `False`).";5;14.937283;2333;1476;3809;1.0;0.8599491301696468;0.7555555555303703;1.0
Q031;Como funciona a estrutura condicional simples (se-então) e quando o comando associado a ela é de fato executado?;"Na estrutura condicional simples, um comando (ou bloco de comandos) só é executado quando a condição testada é verdadeira; se a condição for falsa, a estrutura termina sem executar nada. Quando mais de um comando depende da condição, esse conjunto deve ser delimitado por marcadores de início/fim de bloco (como início/fim), o que não é necessário quando há apenas um comando.";Lógica de programação (André Luiz Villar Forbellone) [Programming Logic];"Com base no contexto fornecido, a estrutura condicional simples funciona da seguinte maneira:

* **Como funciona:** A instrução é construída utilizando os comandos `se`, `então` (ou `ENTÃO`) e `fim_se` (ou `FIM`, quando há dois ou mais comandos). Entre os comandos `se` e `então`, é definida uma condição, que é uma comparação que possui dois valores possíveis: verdadeiro ou falso.
* **Quando o comando é executado:** O comando (ou a sequência de instruções subordinadas definida dentro do bloco) será de fato executado **apenas se a condição for verdadeira**. 

Após a execução dessas instruções, o programa prossegue automaticamente executando as eventuais instruções que existem após o comando `fim_se`. Por outro lado, se a condição for **falsa**, as instruções dentro do bloco não serão executadas, sendo executadas apenas as eventuais instruções que estiverem após o comando `fim_se`.";5;9.687258;1311;1933;3244;1.0;0.7651463478148938;0.5888888888692593;1.0
Q032;Qual é a diferença entre a estrutura condicional simples e a composta?;"Na estrutura simples há apenas um desvio (então), que executa uma ação somente quando a condição é verdadeira, não fazendo nada se ela for falsa. Na estrutura composta há dois desvios, então e senão: se a condição for verdadeira, o bloco do então é executado; se for falsa, o bloco do senão é executado, garantindo que alguma ação seja sempre tomada.";Fundamentos da programação de computadores (Ana Fernanda Gomes Ascencio et al.) [Fundamentals of Computer Programming];"Com base no contexto fornecido, a diferença entre as estruturas é:

*   **Estrutura condicional simples:** Executa uma sequência de comandos apenas se a condição lógica for verdadeira (Formato 1: *se condição então comando*).
*   **Estrutura condicional composta:** Além de executar um comando se a condição for verdadeira, ela inclui a palavra-chave **else** (senão). Se a condição for verdadeira, o `comando1` é executado; se a condição for falsa, o `comando2` é executado (Formato 2: *if (condição) comando1; else comando2;*). O controle do programa só passa para o próximo comando após a execução de um dos dois caminhos.";5;11.306614;1411;1270;2681;1.0;0.8839278816720834;0.5833333333041666;1.0
Q033;Em uma seleção composta, o que acontece se o resultado da condição for falso?;Quando o resultado da condição avaliada é falso, o algoritmo desvia para o bloco associado à cláusula senão, executando a sequência de comandos (ou a ação única) prevista para esse caso, em vez do bloco associado ao então, que só é executado quando a condição é verdadeira.;Lógica de programação (André Luiz Villar Forbellone) [Programming Logic];De acordo com o contexto, caso o resultado da condição seja falso, haverá a execução do comando (ação primitiva) que segue a cláusula senão.;5;10.690244;1094;497;1591;1.0;0.8434809083717467;0.4777777777618519;1.0
Q034;O que caracteriza uma estrutura condicional encadeada (senão-se) e por que ela é chamada de heterogênea quando não há um padrão de construção identificável?;Uma estrutura encadeada surge quando várias seleções são agrupadas em sequência, geralmente porque uma ação só deve ocorrer se um amplo conjunto de possibilidades ou combinações de condições for satisfeito, testando uma nova condição dentro da cláusula senão da anterior. Quando essas seleções encadeadas não seguem um padrão lógico de construção identificável, a estrutura é chamada de estrutura encadeada heterogênea.;Lógica de programação (André Luiz Villar Forbellone) [Programming Logic];"De acordo com o contexto, uma estrutura condicional encadeada é caracterizada pelo encadeamento de várias seleções (que podem ser simples, contendo apenas a cláusula ""então"", ou compostas, contendo ""então"" e ""senão""), o que gera um número elevado de diferentes possibilidades de construção.

Ela é chamada de **heterogênea** precisamente porque, nesses encadeamentos, **não conseguimos identificar um padrão lógico de construção**.";5;11.890282;1318;1402;2720;1.0;0.8804797600606884;0.9999999999;1.0
Q035;Como um algoritmo pode usar comandos condicionais aninhados (um se dentro de outro) para refinar uma decisão já tomada, como na classificação da nota de aprovação de um aluno em faixas?;"Um comando condicional aninhado é um se colocado dentro do bloco verdadeiro (ou falso) de outro se, permitindo que uma segunda decisão seja avaliada somente depois de a primeira condição já ter sido confirmada. No exemplo da média de um aluno, verifica-se primeiro se o aluno foi aprovado (média maior ou igual a 5); só então, dentro desse bloco, novos comandos verificam a faixa exata da média para escrever se a aprovação foi com louvor, mérito ou distinção, e cada se aninhado precisa de seu próprio marcador de fechamento correspondente.";Algoritmos e Programação de Computadores (Dilermando Junior, Gilberto Nakamiti) [Algorithms and Computer Programming];"De acordo com o contexto, para refinar uma decisão, o algoritmo utiliza comandos condicionais aninhados, o que ocorre quando um comando condicional é colocado dentro de outro. A necessidade de compor essa estrutura surge de acordo com as dificuldades e complexidades do problema a ser resolvido.

No caso da classificação da nota do aluno, o algoritmo primeiro toma a decisão principal (verificar se a média é maior ou igual a 5). Dentro desse bloco de aprovação, aninha-se outro comando condicional para refinar essa decisão. Esse novo comando avaliará o valor exato da média para imprimir palavras complementares ao desempenho do aluno, classificando-o em faixas, tais como: ""Aprovado com Louvor"" (nota 10), ""Aprovado com Mérito"" (notas 8 ou 9), ""Aprovado com Destaque"" (notas 6 ou 7) ou apenas ""Aprovado"" (nota 5). 

O contexto destaca que o resultado produzido por esses comandos aninhados é o mesmo de um comando de seleção de casos, sendo a escolha entre eles uma questão de organização e clareza para cada problema específico.";5;7.979741;1586;1426;3012;1.0;0.6746573534039396;0.999999999975;0.5
Q036;Como a estrutura de repetição com pré-teste (enquanto) controla quantas vezes um trecho do algoritmo será executado?;A estrutura enquanto verifica a condição antes de cada execução do bloco de comandos, repetindo-o somente enquanto essa condição permanecer verdadeira. Por causa disso, se a condição já for falsa na primeira verificação, o bloco pode não ser executado nenhuma vez, o que é a principal característica desse tipo de repetição.;Lógica de programação (André Luiz Villar Forbellone) [Programming Logic];"De acordo com o contexto, a estrutura de repetição com pré-teste (enquanto) controla a execução sempre verificando antes de cada execução se é ""permitido"" executar o mesmo trecho do algoritmo. Ela permite que um bloco seja repetido enquanto uma determinada <condição> for verdadeira. Como a condição de teste está no início, o laço pode não ser executado nenhuma vez caso a condição não seja atendida logo de início.";5;6.725753;1244;1089;2333;1.0;0.8385858058370439;0.8333333332916666;1.0
Q037;Em uma estrutura enquanto, o que é preciso fazer para controlar o número de repetições, já que essa estrutura não oferece esse recurso por si só?;Como a estrutura enquanto, sozinha, não sabe quantas vezes já repetiu, é necessário criar um contador: uma variável com um valor inicial definido, que é incrementada a cada repetição, e usar essa variável na condição de parada do laço, por exemplo repetindo enquanto o contador for menor que o número desejado de execuções.;Lógica de programação (André Luiz Villar Forbellone) [Programming Logic];"Com base no contexto, para controlar o número de repetições na estrutura `enquanto` e evitar que o loop se torne um erro de sequência infinita, é preciso que exista uma forma de o laço ser interrompido por alguma ""interferência"". 

Como o `enquanto` faz o teste da condição no início, o controle é feito por meio da própria condição lógica avaliada e pela atualização manual das variáveis dentro do bloco de execução. Isso é demonstrado no exemplo de código do texto, onde a condição `enquanto (J <= A) faça` controla o laço, e a variável é atualizada dentro dele através do comando `J ~ J + 1` (J recebe J + 1), fazendo com que a condição seja eventualmente invalidada e o loop seja interrompido.";5;9.243751;1521;1556;3077;0.9;0.7995800938019691;0.3333333333;0.0
Q038;Como funciona a estrutura de repetição para (com variável de controle) e o que a diferencia das outras estruturas de repetição?;A estrutura para repete um bloco de comandos um número predeterminado de vezes, usando uma variável de controle que recebe um valor inicial, é comparada a um valor final e é incrementada por um passo definido a cada execução. Diferentemente do enquanto e do repita, ela não depende de uma condição lógica avaliada a cada passagem, mas sim de limites fixos estabelecidos antes de o laço começar.;Lógica de programação (André Luiz Villar Forbellone) [Programming Logic];"Baseado no contexto fornecido, a estrutura de repetição `para` (com variável de controle) funciona da seguinte maneira:

**Como funciona:**
*   É utilizada quando se sabe o número de vezes (finito e determinado) que um trecho do algoritmo precisa ser repetido.
*   Utiliza uma **variável de controle** que deve ser obrigatoriamente do tipo inteiro.
*   Essa variável recebe um **valor-inicial**, que é atribuído apenas uma vez, antes de iniciar a primeira repetição.
*   A sequência de comandos é executada até que a variável de controle atinja o **valor-limite** (valor de parada).
*   A cada repetição, a variável sofre uma variação chamada de **incremento** (ou passo) para que convirja ao valor-limite. Esse passo é opcional. Se a variação não convergir para o valor-limite, o processo se repetirá infinitamente, o que é um erro grave de programação.

**O que a diferencia das outras estruturas:**
*   **Em relação ao `enquanto` (teste no início):** No `enquanto`, a condição está no início, o que significa que o laço pode não ser executado nenhuma vez. Já no `para`, é necessário um número finito e determinado de iterações, conhecendo o valor final da variável de controle.
*   **Em relação ao `repita` (teste no final):** No `repita`, a condição de parada está no final, garantindo que os comandos sejam repetidos pelo menos uma vez. O `para`, por sua vez, foca na iteração controlada por uma variável com limite e passo definidos, ao invés de testar uma condição lógica no início ou no final do bloco.";5;13.08904;1558;1877;3435;1.0;0.915306012555983;0.8666666666377778;1.0
Q039;O que diferencia a estrutura repita...até das outras estruturas de repetição quanto ao momento em que a condição é testada?;Na estrutura repita, o bloco de comandos é executado primeiro e a condição só é avaliada depois, ao final de cada repetição, continuando o laço até que essa condição se torne verdadeira. Por causa disso, o bloco de comandos é sempre executado pelo menos uma vez, mesmo que a condição já fosse verdadeira antes da primeira execução, o que não acontece na estrutura enquanto.;Lógica de programação (André Luiz Villar Forbellone) [Programming Logic];"De acordo com o contexto, a estrutura `repita...até` diferencia-se das outras estruturas porque a condição é testada **no final** (repetição com teste no final). 

Por ter a condição de parada no final, os comandos escritos dentro dessa estrutura são executados **pelo menos uma vez**, diferentemente da estrutura `enquanto`, que realiza o teste no início e, por isso, pode não ser executada caso a condição já não seja satisfeita logo de cara.";5;6.68699;1145;1096;2241;1.0;0.7883436795065566;0.99999999995;1.0
Q040;Quando uma estrutura enquanto é substituída por uma estrutura repita para resolver o mesmo problema, o que precisa mudar na condição usada?;Ao substituir um enquanto por um repita mantendo a mesma lógica, a condição usada no repita deve ser a negação da condição que era usada no enquanto, já que o enquanto continua repetindo enquanto a condição é verdadeira e o repita continua repetindo até que a condição se torne verdadeira (ou seja, ele para quando a condição original seria falsa).;Lógica de programação (André Luiz Villar Forbellone) [Programming Logic];"Com base no contexto, a estrutura **enquanto** realiza a repetição enquanto uma determinada condição for **verdadeira**. Já a estrutura **repita** interrompe a repetição quando a condição se torna **verdadeira**. 

Portanto, ao substituir uma pela outra, a condição precisa ser invertida (negada), pois o que faz a repetição continuar em uma estrutura é o que faz a repetição parar na outra.";5;8.517744;1222;1627;2849;0.4;0.6005252874225591;0.0;0.0
Q041;Em uma estrutura de repetição, o que é um contador e para que ele serve dentro do laço?;Um contador é uma variável inicializada com um valor de partida (normalmente zero) que é incrementada por uma quantia fixa, normalmente 1, a cada repetição do laço. Ele serve para contar quantas vezes o bloco de comandos já foi executado, permitindo, por exemplo, controlar quando a repetição deve parar.;Lógica de programação (André Luiz Villar Forbellone) [Programming Logic];"De acordo com o contexto, em uma estrutura de repetição, um **contador** é uma variável (também chamada de variável de laço) que possui um valor inicial e na qual o valor de contagem é mantido. 

Dentro do laço, ele serve para estabelecer um modo de contagem, sendo incrementado (o que é o mesmo que somar um valor constante, normalmente 1) a cada repetição. Dessa forma, o contador ajuda a especificar os parâmetros do laço — os valores inicial, final e o tamanho do passo (incremento) — permitindo repetir trechos finitos de código de forma automática quando esses valores já são conhecidos.";5;10.18974;1290;1280;2570;0.9230769230769231;0.7816726258372054;0.8333333332916666;1.0
Q042;Qual é a diferença entre um contador e um acumulador usados dentro de estruturas de repetição?;Um contador sempre soma um valor constante (normalmente 1) a cada repetição, servindo para contar quantas vezes o laço foi executado. Um acumulador, por outro lado, soma um valor que pode variar (como uma nota lida do usuário) a cada repetição, acumulando um total desses valores diferentes ao longo das iterações, que depois é usado, por exemplo, para calcular uma média.;Lógica de programação (André Luiz Villar Forbellone) [Programming Logic];"Com base no contexto fornecido, a diferença estabelecida entre eles é a seguinte:

*   **Acumulador:** Deve ser usado quando a realização de um cálculo precisa de valores obtidos a cada iteração, ou seja, o cálculo só estará pronto com a conclusão da repetição. Por isso, deve ser inicializado com um valor neutro para a operação (ex: zero para adição, ou 1 para multiplicação). A cada execução do laço, ele acumula o valor anterior somado a um novo valor.
*   **Contador:** O contexto aponta que laços controlados por contador são mais complexos e seu projeto é mais trabalhoso, sendo às vezes suportados por instruções de máquina projetadas especificamente para esse fim. Em linguagens funcionais (que não possuem variáveis contadoras), a contagem é simulada através de recursão, onde o contador é passado como um parâmetro para uma função de laço. O texto também menciona o uso de contadores no método de contagem de referências, onde um contador armazena o número de ponteiros que apontam para uma determinada célula.

Em resumo, o contexto descreve o acumulador como uma variável focada em calcular e acumular valores obtidos a cada iteração até o fim da repetição, enquanto o contador é descrito como um mecanismo de controle de repetição de projeto mais complexo, que dita o número de repetições do laço.";5;22.793068;1508;3071;4579;0.8823529411764706;0.8647358689332664;0.699999999965;0.5
Q043;Por que um acumulador precisa ser inicializado com zero antes de entrar no laço de repetição?;"O acumulador precisa começar em zero porque, a cada repetição, ele receberá a soma do seu próprio valor anterior mais um valor recém-lido ou calculado; se não fosse inicializado, a primeira soma partiria de um valor indefinido ou de lixo de memória, invalidando o resultado acumulado final ao término do laço.";Fundamentos da programação de computadores (Ana Fernanda Gomes Ascencio et al.) [Fundamentals of Computer Programming];"De acordo com o contexto fornecido, um acumulador precisa ser inicializado com zero antes de entrar no laço de repetição pelos seguintes motivos:

1. **Uso de um valor neutro:** O acumulador deve sempre ser inicializado com um valor neutro referente à operação que será realizada. No caso de uma **adição** (ou soma), o valor neutro é o **zero**. (Se fosse uma multiplicação, por exemplo, o valor neutro seria 1).
2. **Necessidade de valores a cada iteração:** Os acumuladores são usados quando um cálculo precisa de valores obtidos a cada iteração do laço, ou seja, o cálculo só estará concluído com a conclusão da repetição. 
3. **Garantia de um estado inicial correto:** A inicialização vincula a variável a um valor antes de o código do laço começar a executar. Iniciar com zero garante que a variável não contenha ""lixo"" de memória ou valores residuais, permitindo que o primeiro valor lido seja somado corretamente sem alterar o resultado final da operação.";5;11.793766;2530;2066;4596;0.5454545454545454;0.9999996023795591;0.94999999997625;0.5
Q044;O que é um vetor (variável composta unidimensional) e como um elemento específico dentro dele é acessado?;Um vetor é um conjunto de variáveis do mesmo tipo que compartilham o mesmo nome (identificador) e são armazenadas sequencialmente na memória, formando uma estrutura com apenas uma dimensão. Para acessar um elemento específico, usa-se o nome do vetor seguido de um índice entre colchetes, indicando a posição desejada dentro dos limites definidos na declaração.;Algoritmos e Programação de Computadores (Dilermando Junior, Gilberto Nakamiti) [Algorithms and Computer Programming];"De acordo com o contexto:

**O que é um vetor:**
Um vetor (ou variável composta homogênea unidimensional) é uma estrutura de dados composta por um número finito de variáveis do mesmo tipo de dado primitivo (por isso é homogênea), identificada por um único nome e que possui somente uma dimensão, representada em linha ou coluna. Ele corresponde a posições de memória individualizadas por índices, cujo conteúdo é de um mesmo tipo de dado.

**Como um elemento específico é acessado:**
Para acessar um elemento específico dentro de um vetor, deve-se primeiro determinar qual é o vetor que se deseja acessar por meio do seu identificador (nome) atribuído em sua definição. Uma vez definido o vetor, deve-se especificar qual elemento (posição) se deseja acessar por meio de um **índice**.";5;27.292094;1418;2602;4020;1.0;0.9246924201230399;0.9166666666361111;0.5
Q045;Qual é a diferença entre o índice de um vetor e o elemento armazenado naquela posição?;O índice é apenas a posição dentro do vetor (equivalente ao número do andar de um prédio), enquanto o elemento é o dado de fato armazenado naquela posição. Os dois não devem ser confundidos: o índice serve apenas para localizar onde o valor está armazenado, e é por meio do índice que se manipula o conteúdo guardado naquela posição específica.;Lógica de programação (André Luiz Villar Forbellone) [Programming Logic];De acordo com o contexto, o índice é a posição no vetor (como o andar de um prédio), enquanto o elemento é o que está contido naquela posição (o conteúdo do andar).;5;6.082774;1312;504;1816;1.0;0.8233568666623033;0.6388888888675925;1.0
Q046;Como o número total de elementos de um vetor é calculado a partir dos limites inicial e final definidos em sua declaração?;O número de elementos de um vetor é dado pela diferença entre o limite final (LF) e o limite inicial (LI), somando 1 ao resultado (LF - LI + 1). As posições do vetor são identificadas a partir do limite inicial, com incrementos unitários, até o limite final.;Lógica de programação (André Luiz Villar Forbellone) [Programming Logic];"Com base no contexto fornecido, o texto não apresenta uma fórmula matemática explícita para calcular o número total de elementos a partir dos limites inicial e final. No entanto, esclarece o seguinte sobre o dimensionamento e o tamanho do vetor:

* **Faixa inclusiva:** O limite inferior e superior definem a faixa de posições que o vetor terá com base no contexto (exemplo: limite inferior 7 e superior 12 para armazenar vendas de julho a dezembro). É necessário dimensionar a quantidade total de elementos (seu tamanho) para fazer a reserva de memória.
* **Em VisuAlg:** O tamanho é definido diretamente na declaração pela faixa de limites (ex: `Vetor [1..12] de Real`).
* **Em C/C++:** O número total de elementos não é calculado a partir de dois limites; em vez disso, o tamanho (a quantidade de elementos que o vetor poderá armazenar) é declarado diretamente por um valor inteiro fixo colocado dentro dos colchetes.";5;29.001592;1428;3094;4522;1.0;0.8366106814047561;0.0;0.0
Q047;O que é uma matriz (estrutura composta multidimensional) e o que a diferencia de um vetor comum?;Enquanto um vetor precisa de apenas um índice para localizar um elemento, uma matriz é uma estrutura composta homogênea que precisa de mais de um índice para endereçamento, e por isso é chamada de multidimensional. Em uma matriz bidimensional, por exemplo, o primeiro índice indica a linha e o segundo indica a coluna do elemento desejado.;Lógica de programação (André Luiz Villar Forbellone) [Programming Logic];"De acordo com o contexto fornecido:

**O que é uma matriz:**
Uma matriz (ou Variável Composta Homogênea Multidimensional) é uma estrutura de dados que corresponde a um conjunto de posições de memória identificadas por um único nome. Ela é composta por variáveis de um mesmo tipo de dado primitivo, que são individualizadas e acessadas por meio de índices que especificam suas posições dentro da estrutura (nas interseções de linhas e colunas). Por possuir mais de uma dimensão, o acesso aos seus elementos requer o uso de mais de um índice.

**O que a diferencia de um vetor comum:**
A principal diferença está na **dimensionalidade**. Ambas são variáveis compostas homogêneas, mas, ao contrário do vetor que é **unidimensional** (possui apenas uma dimensão, disposto em uma única linha ou coluna), a matriz é **multidimensional**. Ou seja, a matriz pode ter duas ou mais dimensões, o que exige a utilização de um índice para cada dimensão existente, enquanto o vetor necessita de apenas um.";5;11.693744;1414;1707;3121;1.0;0.9218917710743301;0.99999999998;1.0
Q048;Como uma matriz bidimensional é declarada e como se calcula o número total de elementos que ela pode armazenar?;Uma matriz é declarada informando o nome da variável seguido das dimensões entre colchetes, indicando o tamanho de cada dimensão (por exemplo, quantas linhas e quantas colunas) e o tipo de dado armazenado. O número total de elementos é obtido multiplicando o tamanho de cada dimensão, ou seja, o número de linhas pelo número de colunas.;Fundamentos da programação de computadores (Ana Fernanda Gomes Ascencio et al.) [Fundamentals of Computer Programming];"Com base no contexto fornecido:

**Como é declarada:**
Uma matriz bidimensional é declarada estabelecendo-se o nome (identificador), a quantidade de elementos da 1ª dimensão (linha), a quantidade de elementos da 2ª dimensão (coluna) e o tipo de dados dos elementos. O texto apresenta a seguinte sintaxe de exemplo: `DECLARE X[3,5] NUMÉRICO`, onde 3 é o tamanho da 1ª dimensão (linhas) e 5 é o tamanho da 2ª dimensão (colunas).

**Como se calcula o número total de elementos:**
O contexto explica que a matriz é uma variável composta formada por um número finito de variáveis e que, ao declará-la, devemos estabelecer quantos elementos ela irá conter. Embora o texto não forneça a fórmula matemática explícita (multiplicação de linhas por colunas), ele determina que o número total de elementos que a matriz pode armazenar é estabelecido pelas ""quantidades de elementos"" definidas em cada uma de suas dimensões (1ª dimensão e 2ª dimensão) no momento da declaração.";5;16.218604;1474;2350;3824;1.0;0.9518107426071855;0.19999999998;0.5
Q049;Como duas cadeias de caracteres podem ser concatenadas (unidas) em um algoritmo e o que essa operação produz como resultado?;A concatenação junta o conteúdo de duas cadeias de caracteres, formando uma terceira cadeia que contém os caracteres da primeira seguidos pelos da segunda. Essa operação geralmente é feita por meio de uma função específica (como CONCAT) ou pelo próprio sinal de adição, que muitas linguagens aceitam como atalho para concatenar cadeias.;Fundamentos da programação de computadores (Ana Fernanda Gomes Ascencio et al.) [Fundamentals of Computer Programming];"De acordo com o contexto, duas ou mais cadeias de caracteres podem ser concatenadas (unidas) das seguintes formas:

*   Utilizando o **operador de adição (+)** (sinal de `+`), que é o método mais generalista citado.
*   Utilizando **métodos ou funções específicas** de cada linguagem, como o método `concat` (em Java) ou as funções `strcat` e `strncat` (em C++).

**Resultado da operação:**
A operação produz uma **nova cadeia de caracteres (string) maior**, que consiste na junção das cadeias originais em uma única sequência. Por exemplo, ao concatenar ""AB"" + ""C"", o resultado produzido é a string ""ABC"".";5;8.349914;1361;1389;2750;0.875;0.9125535259143563;0.99999999998;1.0
Q050;Como se descobre o número de caracteres (comprimento) armazenados em uma cadeia de caracteres e como é possível determinar se uma cadeia aparece dentro de outra?;Para obter o comprimento de uma cadeia, usa-se uma função (como LENGTH) que retorna o número de caracteres nela armazenados. Para verificar se uma cadeia aparece dentro de outra, existe uma função (como POS) que retorna a posição inicial em que a primeira cadeia é encontrada dentro da segunda, retornando zero se ela não for encontrada.;Fundamentos da programação de computadores (Ana Fernanda Gomes Ascencio et al.) [Fundamentals of Computer Programming];"Com base no contexto fornecido, o número de caracteres e a verificação de uma cadeia dentro de outra são determinados da seguinte forma em diferentes linguagens:

**Para descobrir o número de caracteres (comprimento) de uma cadeia:**
* **Pascal:** Utiliza-se a função `LENGTH(cadeia)`, que retorna o número de caracteres da cadeia para uma variável (que pode ser do tipo Integer ou Real).
* **C++:** Utiliza-se a função `strlen(cadeia)`, que exige a utilização da biblioteca `string.h`.
* **Java:** Utiliza-se o método `cadeia.length()`.

**Para determinar se uma cadeia aparece dentro de outra:**
* **Pascal:** Utiliza-se a função `POS(cadeia1, cadeia2)`, que retorna a posição inicial em que a `cadeia1` aparece dentro da `cadeia2`. A primeira posição é a número um, e caso a `cadeia1` não apareça dentro da `cadeia2`, a função retornará zero.
* **Java:** Utiliza-se o método `cadeia1.indexOf(cadeia2)`, que retorna a posição a partir da qual a `cadeia2` aparece pela primeira vez na `cadeia1` (começando da posição zero). Se a `cadeia2` não existir na `cadeia1`, o retorno será -1. Também é possível utilizar o método `cadeia1.lastIndexOf(cadeia2)` para encontrar a posição da última ocorrência, ou `cadeia1.indexOf(cadeia2, posição)` para iniciar a comparação a partir de uma posição específica.

*(Nota: O contexto não fornece a função específica para busca de subcadeias em C++, apenas as de comparação).*";5;12.613422;1633;2135;3768;0.95;0.7466588085362255;0.9999999999666667;1.0
Q051;Como funciona a combinação de operadores lógicos (e, ou, não) com operadores relacionais em uma expressão lógica composta?;"Em uma expressão lógica composta, cada operador relacional (como maior que, menor que ou igual a) primeiro produz um resultado verdadeiro ou falso a partir da comparação entre dois valores; esses resultados parciais são então combinados por operadores lógicos, em que o e só resulta verdadeiro se ambas as condições forem verdadeiras, o ou resulta verdadeiro se pelo menos uma for verdadeira, e o não inverte o valor lógico de uma condição.";Lógica de programação (André Luiz Villar Forbellone) [Programming Logic];"De acordo com o contexto, a combinação de operadores lógicos e relacionais em uma expressão lógica composta funciona da seguinte maneira:

- **Formação das condições:** Os **operadores relacionais** (como `=`, `>`, `≥`, `<`, `≤`, diferente de) são utilizados para formar as expressões lógicas iniciais (as condições ou operandos).
- **Conexão das condições:** Os **operadores lógicos** (`.e.`, `.ou.`, `.xou.`, `.não.`) atuam como conectores, vinculando duas ou mais dessas condições entre si para formar novas expressões, com o objetivo de tomar uma única decisão. O operador `.não.` pode ser usado à frente de uma condição para inverter seu resultado lógico.
- **Ordem de execução (precedência):** A avaliação da expressão segue uma ordem de prioridade. O operador lógico `.não.` possui o maior nível de prioridade (sendo operacionalizado em primeiro lugar para inverter a condição), seguido pelo `.e.` (nível médio) e, por último, os operadores `.ou.` e `.xou.` (baixo nível). 
- **Exemplo prático:** Na expressão `(A = B) .e. .não. (A > 5)`, a parte relacional `(A > 5)` é avaliada e o operador `.não.` inverte seu resultado. Somente após saber esse resultado é que a avaliação do restante da expressão lógica é realizada com o operador `.e.`.
- **Resultado:** Qualquer operador lógico em uso, ao combinar as condições relacionais, possibilitará obter uma de duas respostas lógicas possíveis: falso ou verdadeiro.";5;11.967763;1642;2078;3720;1.0;0.9319800102926167;0.6791666666496875;0.5
Q052;O que o operador módulo (resto da divisão) faz e como ele pode ser usado para verificar se um número é par ou ímpar?;O operador módulo (mod) retorna o resto da divisão inteira entre dois números, por exemplo 9 mod 4 resulta em 1. Para verificar se um número é par ou ímpar, basta calcular o resto da sua divisão por 2: se o resto for igual a zero o número é par, e se for igual a 1 o número é ímpar.;Lógica de programação (André Luiz Villar Forbellone) [Programming Logic];"De acordo com o contexto fornecido:

**O que o operador módulo faz:**
O operador aritmético de modulo é responsável por gerar o resto da divisão de valores inteiros positivos (verificando a divisibilidade).

**Como ele pode ser usado para verificar se um número é par ou ímpar:**
Para verificar se um número é par ou ímpar, deve-se calcular o resto da divisão do número por 2 (usando a expressão `N mod 2` ou `RESTO(num/2)`). 
- Se o resto da divisão for igual a zero, o número é par (ou seja, é divisível por 2).
- Se o resto da divisão for diferente de zero, o número é ímpar.";5;7.317203;1544;982;2526;1.0;0.9392830578810347;0.999999999975;1.0
Q053;Por que é necessário usar laços de repetição aninhados (um dentro do outro) para simular algo como uma contagem regressiva de minutos e segundos?;Como há duas grandezas que mudam de forma dependente (os segundos completam um ciclo inteiro antes de cada mudança de minuto), é preciso um laço externo para controlar os minutos e um laço interno para controlar os segundos, de modo que o laço mais interno complete todas as suas iterações (por exemplo, 60 valores de segundos) a cada única iteração do laço externo.;Lógica de programação (André Luiz Villar Forbellone) [Programming Logic];"Com base no contexto fornecido, é necessário usar laços de repetição aninhados porque a simulação envolve o controle de duas unidades de tempo (minutos e segundos) que são decrementadas em ritmos diferentes, de forma hierárquica. 

Assim como o funcionamento de um relógio, onde o ponteiro dos segundos precisa completar todo o seu ciclo antes que o ponteiro dos minutos seja alterado, o algoritmo utiliza um laço externo para controlar a variável dos minutos (`MIN`) e um laço interno para controlar a variável dos segundos (`SEG`). 

Dessa forma, para cada decremento do minuto (de 9 até 0), o laço interno automaticamente repete a contagem dos segundos (de 59 até 0). O uso dessas estruturas aninhadas facilita a repetição dos trechos de código e reduz o trabalho de programação, permitindo que a contagem regressiva ocorra de forma automática sem a necessidade de escrever manualmente o comando de escrita para cada um dos 600 segundos.";5;11.641;1521;1331;2852;1.0;0.7557922986486544;0.7499999999625;1.0
Q054;Ao aninhar dois laços para percorrer uma matriz bidimensional, quantas vezes no total o laço mais interno é executado e do que isso depende?;O laço mais interno é executado uma vez para cada iteração do laço externo, então o número total de execuções do laço interno é o produto do número de iterações do laço externo pelo número de iterações do laço interno em cada passagem, o que corresponde a percorrer todas as colunas para cada linha da matriz.;Lógica de programação (André Luiz Villar Forbellone) [Programming Logic];"Com base no contexto fornecido, ao aninhar dois laços para percorrer uma matriz bidimensional, o laço mais interno (geralmente controlado pela variável `j`) é executado integralmente — do seu valor inicial até atingir o seu limite — para **cada iteração** do laço externo (controlado pela variável `i`). 

O número total de vezes que o laço interno é executado depende de:

1. **Do tamanho das dimensões da matriz (limites dos laços):** Depende dos limites estabelecidos para as variáveis de controle `i` e `j`, que correspondem à quantidade de linhas e colunas existentes na matriz. O contexto explica que a mudança de valor da variável `i` (laço externo) acontece mais lentamente, enquanto a variável `j` (laço interno) muda rapidamente, assumindo todos os valores possíveis para aquela linha ou coluna antes que `i` seja incrementada. O laço interno só se encerra e retorna para o laço externo quando `j` atinge o seu limite máximo.
2. **Da forma de percurso escolhida (disposição das estruturas de repetição):** Depende de como os laços estão organizados para definir se o percurso será horizontal ou vertical. 
   * No **percurso horizontal**, `i` é usada na primeira posição do colchete (linha) e fica ""parada"", enquanto `j` assume todas as colunas possíveis.
   * No **percurso vertical**, `i` é usada na segunda posição do colchete (coluna) e fica ""parada"", enquanto `j` assume todas as linhas possíveis. 

Em resumo, o total de execuções do laço interno é determinado pela necessidade de formar todos os possíveis pares de linha e coluna da matriz, variando conforme o limite de suas dimensões e a direção (horizontal ou vertical) escolhida para a varredura.";5;15.719875;2948;3199;6147;1.0;0.910132762299853;0.99999999998;1.0
Q055;O que acontece quando uma estrutura de seleção (se-então-senão) é combinada com uma estrutura de repetição, como ao decidir a situação de aprovação/reprovação de vários alunos dentro do mesmo laço?;A cada iteração do laço, o algoritmo lê os dados de um aluno, calcula sua média e então executa a estrutura condicional para decidir e exibir se ele foi aprovado ou reprovado, repetindo todo esse processo (ler, calcular e decidir) para cada novo aluno até que a condição de parada do laço seja alcançada.;Lógica de programação (André Luiz Villar Forbellone) [Programming Logic];"Com base no contexto fornecido, não há um exemplo explícito que descreva a combinação de um laço de repetição com uma seleção para múltiplos alunos. No entanto, de acordo com as definições do próprio texto:

1. A estrutura de **seleção** permite que uma ação seja ou não executada, dependendo do valor resultante da inspeção de uma condição (como visto no Algoritmo 3.4, onde se a média for `>= 7`, executa-se a ação de escrever ""Aluno Aprovado!"").
2. A estrutura de **repetição** permite que trechos de algoritmos sejam repetidos até que uma condição seja satisfeita ou enquanto uma condição não estiver satisfeita.

Portanto, ao combiná-las, a verificação da condição de aprovação (a estrutura de seleção) passa a atuar como um ""trecho de algoritmo"" que será repetido continuamente conforme os critérios de parada estabelecidos pela estrutura de repetição.";5;10.283335;1403;1871;3274;0.6666666666666666;0.7040703613427791;0.249999999975;1.0
Q056;Como funciona uma estrutura de seleção múltipla (do tipo switch/case) usada dentro de um laço de repetição para contar ocorrências de diferentes categorias, como tipos de vinho lidos até um valor de término?;"Dentro do laço, para cada valor lido, a estrutura de seleção múltipla verifica a qual categoria (caso) aquele valor pertence e incrementa o contador específico dessa categoria, além de um contador geral; o laço se repete até que o valor de término seja lido, momento em que o contador geral é ajustado para descontar essa última leitura antes de calcular o percentual de cada categoria.";Lógica de programação (André Luiz Villar Forbellone) [Programming Logic];"Com base no contexto fornecido, o funcionamento dessa estrutura ocorre da seguinte maneira:

1. **Laço de Repetição (Entrada de Dados):** Utiliza-se um laço de repetição (como o ""Repita"") que lê continuamente os dados de entrada (a variável `TV` - tipo de vinho). Como a quantidade de vinhos é desconhecida, o laço é executado repetidamente até que o usuário informe o finalizador 'F' (fim).
2. **Avaliação pela Seleção Múltipla (`escolha` / `switch`):** Dentro do laço, a variável lida é passada para uma estrutura de seleção múltipla (iniciada pela palavra-chave `escolha` e finalizada por `fimescolha`). A expressão de seleção deve ser de um tipo compatível (como caractere, inteiro ou lógico).
3. **Execução por Caso (Contagem):** A estrutura inspeciona os valores definidos em cada `caso`. Caso o conteúdo da variável seja igual ao valor de uma opção (por exemplo, 'T' para tinto, 'B' para branco e 'R' para rosê), o comando correspondente àquele caso é executado. No algoritmo de inventário, esses comandos incrementam os contadores específicos de cada categoria (`CT` para tinto, `CB` para branco, `CR` para rosê) e um contador de vinhos geral (`CONV`).
4. **Tratamento de Exceção (`outrocaso`):** Caso o valor inserido não atenda a nenhum dos casos listados anteriormente, a estrutura pode direcionar a execução para o bloco `outrocaso` (que funciona como um curinga), embora seu uso não seja obrigatório se o problema não exigir.
5. **Acumulação e Fim do Laço:** A cada leitura válida (exceto a do finalizador 'F'), os contadores das respectivas categorias são somados. Quando o laço se encerra pela entrada do finalizador, os dados acumulados nos contadores permitem especificar a porcentagem de cada tipo de vinho sobre o total geral.";5;17.380463;1841;2316;4157;0.8571428571428571;0.5456469344689215;0.9999999999;0.5
Q057;Que tipo de estrutura de repetição é mais adequado quando já se sabe exatamente quantas vezes um trecho do algoritmo deve ser executado, como ao ler as notas de uma turma de tamanho fixo?;Quando o número de repetições é conhecido de antemão, a estrutura mais adequada é a repetição com variável de controle (para), pois ela já estabelece um valor inicial, um valor final e um passo de incremento definidos antes de o laço começar, sem depender da avaliação de uma condição lógica a cada iteração como acontece no enquanto ou no repita.;Fundamentos da programação de computadores (Ana Fernanda Gomes Ascencio et al.) [Fundamentals of Computer Programming];De acordo com o contexto, o tipo de estrutura de repetição mais adequado é a **Estrutura de repetição para número definido de repetições (estrutura PARA)**. Essa estrutura é utilizada quando se sabe exatamente o número de vezes que um trecho do algoritmo deve ser repetido e é a mais recomendada para casos em que o número de repetições é finito (como ler as notas de 10 alunos).;5;7.693453;1177;1028;2205;1.0;0.7912744302096516;0.36666666664833336;1.0
Q058;Em uma matriz unidimensional (vetor), qual é a vantagem operacional de usar essa estrutura em vez de declarar várias variáveis simples separadas para armazenar um conjunto de valores relacionados?;Usando uma matriz unidimensional, é possível armazenar vários valores relacionados sob um único identificador, acessando cada um deles por meio de um índice, em vez de ter que criar e nomear uma variável simples diferente para cada valor. Isso facilita o processamento com laços, pois o índice pode variar automaticamente a cada repetição para acessar sequencialmente todas as posições da estrutura.;Algoritmos Lógica para desenvolvimento de programação de computadores [Algorithms: Logic for Computer Programming Development];"Com base no contexto, a vantagem operacional de usar um vetor (matriz unidimensional) em vez de várias variáveis simples separadas é que ele permite agrupar um número finito de variáveis de um mesmo tipo de dado sob um **único nome ou identificador** na memória (caracterizando-o como uma variável composta). 

Além disso, a principal vantagem de manipulação é que, ao utilizar um vetor, pode-se percorrer e manipular todos os seus elementos utilizando apenas uma **única instrução de laço** (como *enquanto*, *para* ou *repita*), o que facilita a organização e o processamento dos dados em relação a lidar com variáveis isoladas.";5;8.623268;1335;1268;2603;0.75;0.8105926985075372;0.8666666666377778;1.0
Q059;Como as listas em Python podem ser percorridas usando um laço while e o que controla o acesso a cada posição durante essa repetição?;"Para percorrer uma lista com while, cria-se uma variável de índice que começa em zero e é incrementada a cada repetição, enquanto essa variável for menor que o tamanho da lista (obtido com a função len); a cada iteração, o índice atual é usado para acessar o elemento correspondente da lista, avançando posição por posição até chegar ao fim.";Introdução à programação com Python (Nilo Ney Coutinho Menezes) [Introduction to Programming with Python];"De acordo com o contexto, as listas em Python podem ser percorridas usando um laço `while` seguindo estes passos:
1. Inicializar uma variável de controle (índice) com o valor 0 (ex: `x=0`);
2. Acessar o elemento da lista através desse índice (ex: `e=L[x]` ou `print(L[x])`);
3. Incrementar a variável de controle dentro do bloco de repetição (ex: `x+=1`).

O que controla o acesso a cada posição durante essa repetição é a condição do laço `while` combinada com a função `len`, que retorna o tamanho da lista. A estrutura condicional do `while` verifica se o índice é menor que o tamanho da lista (ex: `while x < len(L):`). A repetição continua enquanto essa condição for verdadeira, garantindo que o acesso se limite aos índices válidos da lista, e é concluída quando o índice alcança o fim dela.";5;13.730656;1580;1359;2939;1.0;0.8259443775664418;0.5833333333041666;1.0
Q060;Qual é a relação entre a função len e os índices válidos de uma lista em Python?;A função len retorna o número de elementos de uma lista e, como a contagem de índices em Python começa em zero, os índices válidos de uma lista vão de 0 até o valor retornado por len menos 1. Por causa disso, as comparações usadas para percorrer a lista (como em um laço while) geralmente testam se o índice é menor que o len da lista, e não menor ou igual a ele.;Introdução à programação com Python (Nilo Ney Coutinho Menezes) [Introduction to Programming with Python];"De acordo com o contexto, a função `len` retorna a quantidade de elementos que existem na lista. Como os índices das listas começam a ser numerados a partir de 0 (zero), os índices válidos de uma lista variam de 0 até o valor de `len(L)-1` (onde L é a lista). 

Portanto, o valor retornado pela função `len` não pode ser utilizado diretamente como índice, mas é perfeito para testar os limites de uma lista (como em repetições de verificação).";5;7.255354;1221;857;2078;1.0;0.6523910801639419;0.9166666666361111;1.0
Q061;Qual é a diferença fundamental entre um procedimento e uma função como subprogramas?;Ambos desviam a execução do programa principal para realizar uma tarefa específica, mas uma função sempre retorna um valor a quem a chamou, um valor associado ao seu próprio nome, enquanto um procedimento realiza a operação e não retorna nenhum valor ao ponto de chamada.;Fundamentos da programação de computadores (Ana Fernanda Gomes Ascencio et al.) [Fundamentals of Computer Programming];"Com base no contexto fornecido, a diferença fundamental entre um procedimento e uma função reside na obrigatoriedade do retorno de valores ao programa/algoritmo que os invocou (o ""chamador""):

* **Função:** Tem como característica especial **sempre retornar** ao chamador um único parâmetro (conteúdo). Esse valor é retornado automaticamente no próprio nome da função, podendo ser utilizado diretamente em operações de processamento (matemático ou lógico) e de saída. Por essa razão, é obrigatório indicar o tipo de dado da função.
* **Procedimento:** Ao contrário da função, **pode ou não retornar** um parâmetro ao chamador. O procedimento é voltado para a execução de sub-tarefas (como leitura e validação de dados, cálculos, saídas, etc.), sem a obrigatoriedade de devolver um valor específico associado ao seu nome.";5;17.933855;2310;2939;5249;1.0;0.8628125258090805;0.5833333333041666;0.0
Q062;No método de módulos de Forbellone, o que distingue um módulo com 'contexto de ação' de um módulo com 'contexto de resultado'?;Um módulo tem contexto de ação quando sua essência é executar um conjunto de ações que resolve parte do problema, sem preocupação em retornar um valor específico. Um módulo tem contexto de resultado quando sua finalidade é calcular e retornar, por meio do comando 'retorne', um único valor que passa a ser associado ao próprio nome do módulo, exigindo compatibilidade entre o tipo desse valor e o tipo da variável que o recebe.;Lógica de programação (André Luiz Villar Forbellone) [Programming Logic];"De acordo com o contexto fornecido, a distinção entre os dois tipos de módulos é a seguinte:

*   **Contexto de ação:** O módulo é centrado nos processos e atividades realizadas. Ele se preocupa com um processo em particular e seu conjunto de ações é o que perfaz a sua essência.
*   **Contexto de resultado:** O módulo tem por objetivo calcular ou obter algum valor em especial. Sua essência é possuir um conjunto de ações que visa um objetivo único: ""retornar"" ao ponto de sua chamada um valor específico, o qual será associado ao próprio nome que identifica o módulo.";5;9.657657;1359;1272;2631;0.8888888888888888;0.5905016422007023;0.9999999999666667;0.5
Q063;O que é o fator de carga de uma tabela hash e por que ele é usado como critério para redimensionar a tabela?;"O fator de carga mede a proporção entre o número de itens armazenados e o número total de posições no vetor subjacente da tabela hash (por exemplo, 2 itens em 5 posições dá um fator de carga de 2/5). Quando esse valor fica alto, a chance de colisões aumenta e o desempenho piora; por isso, quando ele ultrapassa um certo limiar (uma boa regra prática é 0.7), um vetor maior é criado, normalmente com o dobro do tamanho original, e todos os itens são reinseridos usando a função hash, o que reduz o fator de carga e mantém o tempo médio de execução próximo de O(1).";Entendendo Algoritmos (Aditya Y. Bhargava) [Grokking Algorithms];"De acordo com o contexto, o fator de carga mede quantos espaços continuam vazios na tabela hash. Ele é calculado contando o número de espaços usados no array de armazenamento em relação ao total de espaços disponíveis.

Ele é usado como critério para redimensionar a tabela porque, se o fator de carga começar a crescer (a regra geral é redimensionar quando for maior do que 0,7), significa que você está ficando com mais itens do que espaços suficientes no array. Um fator de carga menor garante que haverá menos colisões e que a tabela terá um melhor desempenho. Assim, ao redimensionar a tabela (criando um array com o dobro do tamanho do original), o fator de carga diminui, reduzindo as colisões e melhorando o desempenho geral.";5;17.04293;1112;2105;3217;1.0;0.9026210084896844;0.8333333332916666;1.0
Q064;No exemplo com as sub-rotinas S2 (parâmetro por valor) e S3 (parâmetro por referência) do livro de Ascencio et al., o que acontece com as variáveis globais X e Y do programa principal após cada chamada?;Depois da chamada de S2, que recebe X e Y por valor, os valores das variáveis globais permanecem inalterados, pois a sub-rotina modificou apenas cópias locais. Depois da chamada de S3, que recebe os mesmos nomes por referência, as alterações feitas dentro da sub-rotina são refletidas diretamente nas variáveis globais do programa principal, porque elas se comportam como variáveis globais dentro da sub-rotina.;Fundamentos da programação de computadores (Ana Fernanda Gomes Ascencio et al.) [Fundamentals of Computer Programming];"Com base **apenas no contexto fornecido**, não é possível determinar o que exatamente acontece com os valores das variáveis globais X e Y após cada chamada. 

O contexto apresenta apenas as linhas do algoritmo principal que fazem as chamadas (linha 10: `S2(X,Y)` com parâmetros por valor; e linha 13: `S3(X,Y)` com parâmetros por referência), mas o trecho é interrompido antes de mostrar a implementação das sub-rotinas ou o resultado impresso após a execução. 

Além disso, o próprio texto afirma que ""as próximas seções demonstrarão essas especificidades"" sobre a passagem de parâmetros por valor e por referência, deixando claro que a explicação do comportamento dessas variáveis não está contida no excerto fornecido.";5;19.36597;1618;1691;3309;0.75;0.0;0.19999999998;0.0
Q065;No exemplo de Forbellone sobre escopo de variáveis com módulos aninhados, o que acontece quando uma variável K é declarada tanto no início do algoritmo (global) quanto dentro de um módulo interno, com o mesmo nome?;Quando ocorre esse conflito de nomes, o módulo em que a variável foi declarada localmente, assim como os módulos hierarquicamente subordinados a ele, sempre usam a variável local, ignorando a variável global de mesmo nome. Os módulos que não descendem desse módulo continuam a enxergar apenas a variável global original K.;Lógica de programação (André Luiz Villar Forbellone) [Programming Logic];"De acordo com o contexto fornecido, quando uma variável local (dentro de um módulo/sub-rotina) possui o mesmo nome que uma variável global (definida no início do algoritmo/programa principal), as seguintes situações ocorrem:

1. Elas ocuparão **posições de memória distintas** (assim como as variáveis locais `Val_1` e `Val_3` ocupam memórias diferentes das de mesmo nome no programa principal).
2. O texto alerta que **não é aconselhável** dar o mesmo nome para variáveis globais e locais, pois, entre outros motivos, isso faz com que a **manutenção do algoritmo/programa se torne demorada e de difícil entendimento**.";5;11.581747;1505;2196;3701;1.0;0.5877053515413343;0.19999999998;1.0
Q066;Segundo Ascencio et al., qual é a diferença entre uma variável local e uma variável global em um algoritmo com sub-rotinas, e o que acontece com cada uma delas ao final da execução?;As variáveis locais são declaradas dentro de uma sub-rotina e só podem ser usadas dentro dela, sendo destruídas (perdendo seu conteúdo) assim que a execução da sub-rotina termina. As variáveis globais são declaradas fora de qualquer sub-rotina e podem ser acessadas por qualquer parte do programa, inclusive pelas sub-rotinas, sendo destruídas somente quando o programa inteiro termina.;Fundamentos da programação de computadores (Ana Fernanda Gomes Ascencio et al.) [Fundamentals of Computer Programming];"Segundo o contexto, a diferença entre as variáveis e o que acontece com elas ao final da execução são:

**Variável Global:**
*   **Diferença:** É declarada no início do programa principal (ou a partir do ponto onde foi declarada) e é acessível às sub-rotinas subsequentes.
*   **Ao final da execução:** Permanece ocupando a memória do computador o tempo todo em que o programa principal está em execução (não é liberada após o uso em uma sub-rotina específica).

**Variável Local:**
*   **Diferença:** É definida no contexto de uma sub-rotina específica, ocupando posições de memória distintas das variáveis globais de mesmo nome. 
*   **Ao final da execução:** Ocupa a memória apenas enquanto a sub-rotina onde foi criada está em execução. Terminada a execução da sub-rotina, os espaços de memória são liberados e seu conteúdo é perdido.";5;7.167086;1464;1264;2728;1.0;0.8218904536270418;0.8333333332916666;1.0
Q067;O que é recursão e por que toda função recursiva precisa de um caso base?;Recursão é quando uma função chama a si mesma para resolver um problema, geralmente reduzindo-o a uma versão menor do mesmo problema. Toda função recursiva precisa de um caso base, a situação mais simples em que a função para de chamar a si mesma, porque sem ele as chamadas se repetiriam indefinidamente, resultando em um laço infinito que nunca produz um resultado.;Entendendo Algoritmos (Aditya Y. Bhargava) [Grokking Algorithms];"De acordo com o contexto:

**O que é recursão:** 
Recursão (ou recursividade) é quando uma função faz chamadas a si mesma. Esse efeito permite executar o processamento sem laço, proporcionando a escrita de um código mais elegante com um alto grau de abstração.

**Por que toda função recursiva precisa de um caso base:**
Toda função recursiva é composta por dois casos: o caso-base e o caso recursivo. Devido ao fato de a função chamar a si mesma, é mais fácil escrevê-la erroneamente e acabar em um loop infinito, no qual a função fica executando para sempre. O caso-base serve para evitar esse problema e encerrar a recursão (em casos que envolvem arrays, por exemplo, o caso-base costuma ser um array vazio ou com apenas um elemento).";5;18.14381;1071;1419;2490;0.8333333333333334;1.0;0.8333333332916666;0.5
Q068;O que é a 'pilha de chamadas' e como ela se relaciona com a recursão?;"A pilha de chamadas é a estrutura que o computador usa internamente para acompanhar o estado de cada chamada de função que ainda não terminou; cada nova chamada é empilhada no topo e, quando uma função retorna, a sua parte é removida do topo, devolvendo a execução à função anterior. Em funções recursivas, cada chamada recursiva cria uma nova entrada nessa pilha, então uma recursão muito profunda pode consumir muita memória.";Entendendo Algoritmos (Aditya Y. Bhargava) [Grokking Algorithms];"Com base no contexto fornecido, a **pilha de chamada** (call stack) é um conceito fundamental na programação que funciona de forma semelhante a uma pilha de notas adesivas. Ela possui apenas duas operações:
* **Push:** inserir um item no topo da pilha.
* **Pop:** remover e ler o item que está no topo.

Todas as chamadas de função vão para a pilha de chamada. Ela serve para salvar as funções de chamada que estão ""completadas até a metade"", acompanhando e gerenciando essas informações automaticamente para o programador. Cada ativação de subprograma, seja recursiva ou não, cria uma instância de um registro de ativação na pilha, fornecendo as cópias separadas necessárias dos parâmetros, das variáveis locais e do endereço de retorno.

**Relação com a recursão:**
A pilha de chamada é indispensável para entender a recursão. A recursão ocorre quando uma função chama a si mesma, contendo um caso-base e um caso recursivo. Quando uma função recursiva é executada, cada nova chamada que ela faz de si mesma vai para a pilha de chamada. 

No entanto, o uso da pilha tem um custo de memória. Cada chamada de função ocupa um pouco de memória. Se uma função recursiva ficar executando infinitamente (sem alcançar o caso-base), o computador continuará alocando memória na pilha para cada nova chamada, enchendo a pilha até o limite e sobrecarregando a memória. Para evitar que a pilha fique muito cheia em casos de consumo excessivo de memória, o contexto sugere reescrever o código utilizando loops ou utilizar a técnica de ""tail recursion"" (recursão de cauda).";5;11.375153;1368;2181;3549;1.0;0.8571239528438389;0.99999999998;1.0
Q069;Como funciona a função fatorial recursiva e qual é o seu caso base?;A função fatorial recursiva retorna 1 quando o argumento é igual a 1 (esse é o caso base) e, em qualquer outro caso, retorna o próprio argumento multiplicado pelo resultado da chamada recursiva com o argumento menos um. Assim, calcular o fatorial de um número é reduzido repetidamente a calcular o fatorial de um número menor, até que o caso base seja alcançado.;Entendendo Algoritmos (Aditya Y. Bhargava) [Grokking Algorithms];"Com base no contexto fornecido, o funcionamento e o caso base da função recursiva FATORIAL() são os seguintes:

**Como funciona:**
A função opera por meio da expressão `FATORIAL <- FATORIAL(N - 1) * N`. A cada instância de chamada, a função é ""empilhada"" na memória. Quando a função atinge o seu limite (caso base) e começa a retornar, ela efetua a multiplicação sucessiva do valor retornado com o valor armazenado na pilha de memória. 

Por exemplo, para calcular a fatorial de 5, os valores são empilhados (5, 4, 3, 2). No retorno, o valor 1 é multiplicado pelo valor 2 empilhado (obtendo 2); em seguida, o valor 2 retornado é multiplicado pelo valor 3 empilhado (obtendo 6); depois 6 por 4 (obtendo 24); e, por último, 24 por 5 (obtendo 120). A cada multiplicação no retorno, o valor anterior é destruído da memória, permanecendo apenas o resultado final.

**Caso base:**
O caso base ocorre quando o conteúdo (valor de N) é menor ou igual a 1. Neste caso, é atribuído à variável FATORIAL o valor 1, e a função recursiva retorna o valor 1. É nesse momento que a função para de chamar a si mesma, encerra o empilhamento e inicia o processo de retorno para efetuar as multiplicações sucessivas.";5;10.337909;1753;1906;3659;1.0;0.8903459345051364;0.999999999975;1.0
Q070;Ao calcular o fatorial de 3 usando a versão recursiva, o que acontece na pilha de chamadas enquanto a função ainda não retornou nenhum valor?;A pilha de chamadas acumula uma entrada para cada chamada ainda incompleta: primeiro há a chamada com argumento 3 esperando o resultado da chamada com argumento 2, que por sua vez espera o resultado da chamada com argumento 1. Quando essa última chamada atinge o caso base e retorna 1, os valores voltam multiplicando-se em cada nível da pilha até que a chamada original retorne o resultado final, e a pilha se esvazia.;Entendendo Algoritmos (Aditya Y. Bhargava) [Grokking Algorithms];"De acordo com o contexto, ao calcular o fatorial de 3 (que corresponde às ""três vezes em que a execução alcança a posição 1 na função factorial"" antes de qualquer retorno), ocorre o seguinte na pilha de chamadas:

* Cada instância de chamada da função recursiva ocorre de forma a **empilhar cada uma das instâncias da função em operação**;
* A pilha mostra mais uma ativação da função a cada chamada, com o **valor funcional indefinido**;
* A primeira instância do registro de ativação tem o **endereço de retorno configurado para a função chamadora (main)**;
* As outras instâncias empilhadas têm um **endereço de retorno para a própria função**, referentes às chamadas recursivas.";5;9.285542;1360;1764;3124;0.8333333333333334;0.7320918888297253;0.4777777777618519;1.0
Q071;Como funciona a busca simples (busca linear) e qual é o seu tempo de execução em notação Big O?;Na busca simples, o algoritmo percorre a lista item por item, do início ao fim, comparando cada elemento até encontrar o valor procurado ou chegar ao fim da lista. No pior caso, todos os n elementos precisam ser verificados, então o seu tempo de execução é O(n), crescendo linearmente com o tamanho da lista.;Entendendo Algoritmos (Aditya Y. Bhargava) [Grokking Algorithms];"Com base no contexto fornecido, a busca simples (também chamada de pesquisa sequencial ou linear) funciona da seguinte forma: ela busca a informação desejada a partir do primeiro elemento, avançando sequencialmente cada posição da matriz até chegar ao último elemento. Se ao longo da pesquisa a informação for localizada, ela é apresentada. Caso chegue ao final da matriz sem localizar o elemento, indica que ele não está armazenado. 

O seu tempo de execução em notação Big O é **O(n)** (tempo de execução linear). O texto ressalva que este método de pesquisa é lento quando comparado à pesquisa binária (que é O(log n)), embora seja eficiente em alguns casos.";5;10.864641;1277;1679;2956;1.0;0.9583886934808801;0.19999999998;1.0
Q072;Diferentemente da busca binária, a busca simples exige que a lista esteja ordenada para funcionar?;Não. A busca simples funciona em qualquer lista, ordenada ou não, pois apenas percorre os elementos um a um sem depender de nenhuma organização prévia dos dados. É justamente por não exigir ordenação que ela é mais lenta, O(n), do que a busca binária, O(log n), que só pode ser usada em listas ordenadas.;Entendendo Algoritmos (Aditya Y. Bhargava) [Grokking Algorithms];"Não, é exatamente o contrário. A **busca simples (ou sequencial) não exige que a lista esteja ordenada** para funcionar. É a **busca binária** que requer que a lista esteja ordenada.

Com base no contexto fornecido, podemos entender o porquê:

1. **Busca Binária:** O contexto explica que esse método se baseia na ""divisão sucessiva da matriz em duas partes"", o que diminui o volume de dados pela metade a cada passo. Para que seja possível decidir se a busca deve continuar na ""parte superior ou inferior"" da tabela (como no exemplo de localizar o nome ""Waldir"" na posição 7), a matriz deve ser ""unidimensional ordenada"". Sem a ordenação, a lógica de descarte de metade da lista não funciona.

2. **Busca Simples:** O contexto menciona a busca simples ao comparar tempos de execução e notação Big O. Ao contrário da busca binária, a busca simples percorre a lista elemento por elemento, do início ao fim. Como ela apenas verifica cada item sequencialmente até encontrar o alvo, ela não depende de qualquer ordem prévia dos dados. 

Portanto, embora o contexto mostre que a busca binária é infinitamente mais rápida para grandes volumes de dados (como 4 bilhões de elementos), ela tem como pré-requisito obrigatório a lista ordenada, enquanto a busca simples não possui essa exigência.";5;27.389991;2202;3619;5821;0.4375;0.7350313582365894;0.0;0.0
Q073;Como funciona a busca binária e qual é o seu pré-requisito em relação aos dados?;"A busca binária localiza um elemento em uma lista ordenada comparando o valor procurado com o elemento do meio; se o valor procurado for menor, a busca continua apenas na metade inferior; se for maior, continua na metade superior, repetindo esse processo e descartando metade dos elementos restantes a cada passo. O pré-requisito é que a lista esteja ordenada, já que sem isso não é possível decidir corretamente em qual metade continuar a busca.";Entendendo Algoritmos (Aditya Y. Bhargava) [Grokking Algorithms];"Com base no contexto fornecido, a busca (ou pesquisa) binária funciona da seguinte forma:

**Como funciona:**
A pesquisa binária utiliza a mesma estratégia usada para consultar um dicionário ou uma lista telefônica. O método ""divide"" a matriz em duas partes e verifica se a informação que está sendo pesquisada encontra-se na posição central. 
* Se o conteúdo da posição central for igual ao valor pesquisado, o elemento é localizado e a busca é encerrada.
* Caso seja diferente, o método verifica se a informação tem possibilidade de estar na primeira ou na segunda parte da matriz. 
* Se estiver na primeira parte, a metade final da matriz é desprezada. Se estiver na segunda, a metade inicial é desprezada.

Devido a essa característica de divisão sucessiva, o volume de dados a ser verificado sempre diminui pela metade a cada passo, o que torna a pesquisa binária, em média, mais rápida do que o método sequencial.

**Pré-requisito em relação aos dados:**
O pré-requisito fundamental é que os dados na matriz precisam estar **ordenados**. O contexto destaca o uso de uma ""matriz unidimensional ordenada"" e, no exemplo do algoritmo prático, há um trecho específico de código dedicado à ordenação dos dados (trecho de ordenação) que é executado *antes* de iniciar a pesquisa binária. Sem essa ordenação prévia, a técnica de dividir e descartar metades da tabela não funciona corretamente.";5;14.32906;2450;2512;4962;0.8235294117647058;0.9271409424997191;0.5888888888692593;1.0
Q074;Qual é o tempo de execução da busca binária em notação Big O e por que ela é considerada muito mais rápida que a busca simples em listas grandes?;A busca binária tem tempo de execução O(log n), já que o espaço de busca é cortado pela metade a cada comparação. Isso a torna muito mais rápida que a busca simples, O(n), à medida que a lista cresce: buscar em uma lista de 4 bilhões de elementos levaria cerca de 32 comparações com a busca binária, contra até 4 bilhões de comparações com a busca simples.;Entendendo Algoritmos (Aditya Y. Bhargava) [Grokking Algorithms];"Com base no contexto fornecido, o tempo de execução da busca binária em notação Big O é **O(log n)**. 

Ela é considerada muito mais rápida que a busca simples (que tem tempo de execução O(n)) em listas grandes pela seguinte razão:

A diferença de crescimento entre os tempos de execução (Big O) é tão significativa que **as constantes de tempo não importam no final das contas**. O contexto ilustra isso com um exemplo prático: mesmo que a busca simples tenha uma constante muito menor (10 milissegundos) e a busca binária tenha uma constante maior (1 segundo), ao realizar uma busca em uma lista gigante com 4 bilhões de elementos, a busca binária ainda assim será muito mais rápida. 

Assim, como o próprio texto ressalta, ""a constante dificilmente será relevante na comparação entre pesquisa simples e pesquisa binária, pois **O(log n) é muito mais rápido do que O(n) quando sua lista é grande**"".";5;12.607973;2254;2086;4340;1.0;0.9222469932367018;0.7555555555303703;0.3333333333333333
Q075;Como funciona o algoritmo de ordenação por seleção?;O algoritmo percorre repetidamente os elementos ainda não ordenados procurando o menor valor entre eles e o move para a próxima posição da lista ordenada resultante. Essa busca pelo menor elemento restante é repetida até que todos os elementos tenham sido selecionados, formando a lista final em ordem crescente.;Entendendo Algoritmos (Aditya Y. Bhargava) [Grokking Algorithms];"Com base no contexto fornecido, o funcionamento do algoritmo de ordenação por seleção é descrito da seguinte forma:

*   **Objetivo prático:** É usado para ordenar listas de acordo com um critério estabelecido. O contexto dá o exemplo de ordenar uma lista de artistas musicais do mais tocado para o menos tocado, utilizando um contador de ""plays"".
*   **Mecanismo de troca (para registros):** Ao aplicar a ordenação a um conjunto de registros, é necessário criar uma variável de auxílio à troca (chamada de ""X"", sendo do tipo registro). A classificação é feita com base em um campo específico de cada registro (como o campo ""NOME"", que atua como a chave de classificação). Quando os dados estão fora da ordem desejada, eles são trocados de posição usando essa variável auxiliar.
*   **Desempenho:** Possui um tempo de execução de O(n²) na notação Big O, o que o torna um algoritmo considerado ""bastante lento"".
*   **Aprendizado:** É considerado um ""trampolim"" para entender algoritmos mais complexos e rápidos, como o quicksort.

*(Nota: O contexto não detalha o passo a passo interno de como o menor elemento é procurado na lista, limitando-se a descrever sua aplicação, suas trocas em registros, seu tempo de execução e sua utilidade didática).*";5;10.530689;1286;1918;3204;0.65;0.9999996219791495;0.0;0.0
Q076;Qual é o tempo de execução da ordenação por seleção e por que ele continua sendo O(n²) mesmo que o número de elementos verificados a cada passagem diminua?;Encontrar o menor elemento em uma lista custa O(n), e essa operação precisa ser repetida n vezes, uma para cada posição da lista final, resultando em O(n × n), ou seja, O(n²). Mesmo que restem menos elementos a verificar a cada repetição, a notação Big O ignora constantes como a fração média de elementos analisados, então o resultado ainda é expresso como O(n²).;Entendendo Algoritmos (Aditya Y. Bhargava) [Grokking Algorithms];"De acordo com o contexto, o tempo de execução da ordenação por seleção é **O(n²)**.

Ele continua sendo O(n²) mesmo com a diminuição dos elementos verificados a cada passagem porque, na média, você verifica uma lista que tem ½ × n elementos, o que daria um tempo de execução de O(n × ½ × n). No entanto, na notação Big O, as constantes como ½ são ignoradas. Por conta disso, o cálculo é simplificado para O(n × n), ou seja, O(n²).";5;6.131013;1184;910;2094;1.0;0.8436320344828915;0.999999999975;1.0
Q077;Como funciona o método de ordenação conhecido como bubble sort?;O bubble sort ordena a lista comparando repetidamente pares de elementos adjacentes e trocando-os sempre que estiverem fora da ordem desejada. Esse processo de comparar e trocar é repetido percorrendo a lista até que nenhuma troca seja mais necessária, ou seja, até que todos os elementos estejam ordenados.;Lógica de programação (André Luiz Villar Forbellone) [Programming Logic];"Com base no contexto fornecido, o método de ordenação conhecido como **Bubble Sort** (ou método de bolhas) funciona da seguinte maneira:

**1. Princípio básico de comparação e troca**
É um algoritmo simples e fácil de aprender, porém lento para listas grandes. Ele funciona percorrendo a lista e comparando dois elementos vizinhos por vez (o elemento atual e o próximo). Se o valor do primeiro elemento for maior que o do segundo, eles trocam de posição. Essa operação é repetida para os próximos elementos até o fim da lista.

**2. Eliminação do último elemento a cada passada (Uso da variável `fim`)**
Como o método de bolhas exige que a lista seja percorrida várias vezes, ele possui uma propriedade útil: a cada passagem completa pela lista, o maior elemento sempre será empurrado para a última posição (sua posição correta). Aproveitando isso, o algoritmo utiliza a variável `fim` (que começa com a quantidade de elementos da lista) para marcar o limite da verificação. A cada passagem completa, o valor de `fim` é decrementado em 1, eliminando a necessidade de verificar novamente o último elemento, que já está ordenado.

**3. Verificação de conclusão antecipada (Uso da variável `trocou`)**
Para evitar que o algoritmo continue percorrendo a lista desnecessariamente, é utilizada uma variável de marcação chamada `trocou`. No início de cada nova passagem, `trocou` recebe o valor `False`. Caso ocorra alguma troca de posição durante a comparação dos elementos, ela passa a valer `True`. Se, ao final de uma passagem, nenhuma troca tiver sido feita (`if not trocou`), isso significa que a lista já está totalmente ordenada. Nesse caso, o processo é interrompido (`break`), economizando tempo de processamento.";5;18.410517;2373;3332;5705;1.0;0.8825518713118896;0.8874999999778125;1.0
Q078;Qual é a diferença de estratégia entre a ordenação por seleção direta e o bubble sort?;"Na seleção direta, o algoritmo procura o menor elemento entre os restantes e o troca diretamente para a posição correta, repetindo o processo para as posições seguintes. No bubble sort, por outro lado, não há busca pelo menor elemento; em vez disso, o algoritmo compara pares de elementos vizinhos e os troca quando estão fora de ordem, fazendo com que os maiores valores se desloquem gradualmente para o fim da lista a cada passagem completa.";Lógica de programação (André Luiz Villar Forbellone) [Programming Logic];"Com base no contexto fornecido, a diferença de estratégia entre os dois métodos é a seguinte:

*   **Bubble sort (método da bolha):** É uma ""Classificação por troca"". Sua estratégia consiste na comparação de pares de elementos adjacentes, permutando-os (trocando de posição) quando estiverem fora de ordem (ou seja, se o valor do primeiro for maior que o do segundo). Essa operação é repetida para o próximo elemento até o fim da lista, exigindo que a lista seja percorrida várias vezes até que todos estejam ordenados.
*   **Seleção direta:** É uma ""Classificação por seleção"" (o contexto não detalha a estratégia passo a passo deste método, apenas o diferencia pela sua categoria em relação à estratégia de troca de pares adjacentes usada pelo bubble sort).";5;16.536202;1269;1892;3161;1.0;0.9396234886683462;0.249999999975;0.5
Q079;Como o quicksort aplica a estratégia de dividir para conquistar para ordenar um vetor?;O quicksort escolhe um elemento do vetor como pivô e particiona o restante em dois subvetores: um com os elementos menores que o pivô e outro com os maiores. Em seguida, aplica recursivamente o mesmo processo a cada subvetor até chegar ao caso base, que são vetores vazios ou com um único elemento, e a combinação final é feita juntando o subvetor menor, o pivô e o subvetor maior, produzindo uma lista ordenada.;Entendendo Algoritmos (Aditya Y. Bhargava) [Grokking Algorithms];"De acordo com o contexto, o quicksort aplica a estratégia de dividir para conquistar seguindo estes passos:

1. **Escolha um pivô.**
2. **Particione o array** em dois subarrays, separando-os entre elementos menores do que o pivô e elementos maiores do que o pivô. (Os subarrays não estão ordenados, apenas particionados).
3. **Execute o quicksort recursivamente** em ambos os subarrays.

A estratégia funciona porque, ao dividir o problema recursivamente, os subarrays vão diminuindo até atingir o **caso-base** do quicksort, que consegue ordenar arrays de dois elementos e arrays vazios. 

Uma vez que os subarrays estejam ordenados por meio dessas chamadas recursivas, basta **combiná-los** no formato `array esquerdo + pivô + array direito` para obter o array final completamente ordenado.";5;9.625725;1086;1610;2696;0.8181818181818182;0.8937206704222084;0.8041666666465626;1.0
Q080;Por que o quicksort costuma ser mais rápido que o merge sort na prática, mesmo que ambos tenham o mesmo tempo médio de execução de O(n log n)?;Embora ambos tenham tempo médio de execução O(n log n), o quicksort tem uma constante multiplicativa menor que a do merge sort, e essa constante, normalmente ignorada na notação Big O, passa a importar quando dois algoritmos compartilham a mesma ordem de crescimento. Além disso, na prática o quicksort tende a se comportar mais perto do seu caso médio com mais frequência do que do seu pior caso, O(n²), o que o torna mais rápido na maioria das situações do mundo real.;Entendendo Algoritmos (Aditya Y. Bhargava) [Grokking Algorithms];De acordo com o contexto, o quicksort acaba sendo mais rápido que o merge sort na prática porque possui uma **constante menor**. Embora ambos tenham o mesmo tempo de execução médio de O(n log n), a constante faz diferença no final das contas, resultando em um desempenho superior para o quicksort. Além disso, o quicksort funciona mais vezes no caso médio do que no pior caso.;5;11.373972;1087;1102;2189;1.0;0.9261653311790745;0.36666666664833336;1.0
Q081;O que a notação Big O representa e por que ela não mede o tempo de execução de um algoritmo em segundos?;A notação Big O expressa como o tempo de execução de um algoritmo cresce à medida que o tamanho da entrada aumenta, e não um tempo medido em segundos, já que a velocidade real depende do hardware usado. Por isso, o Big O foca na taxa de crescimento — por exemplo, O(n) significa que o tempo cresce linearmente com o número de elementos — permitindo comparar algoritmos independentemente da máquina em que são executados.;Entendendo Algoritmos (Aditya Y. Bhargava) [Grokking Algorithms];"Com base no contexto fornecido, a notação Big O representa a forma de expressar o tempo de execução dos algoritmos, sendo que esse tempo é **medido por meio de seu crescimento** à medida que os elementos da lista aumentam. Por exemplo, um tempo de execução de O(log n) é mais rápido do que O(n) e fica ainda mais rápido conforme a lista aumenta.

A notação não mede o tempo de execução em segundos porque **a rapidez de um algoritmo não é medida em segundos**. O foco da notação Big O é a taxa de crescimento em relação ao tamanho da entrada, ignorando constantes. 

O contexto explica que, mesmo que um algoritmo pareça mais rápido por ter uma constante menor em segundos (como uma pesquisa simples levando 10 milissegundos contra 1 segundo da pesquisa binária), em listas muito grandes (como 4 bilhões de elementos) a taxa de crescimento é o que realmente importa. No final das contas, a pesquisa binária (com menor crescimento, O(log n)) continuará sendo muito mais rápida, mostrando que a constante medida em segundos não causa diferença alguma no resultado final. Por isso, a medição é feita pelo crescimento e não pelo tempo cronológico.";5;13.674751;2376;2608;4984;1.0;0.9573335519505348;0.8666666666377778;1.0
Q082;Por que a constante que acompanha o tempo de execução de um algoritmo costuma ser ignorada na notação Big O, mas em alguns casos pode fazer diferença?;A constante costuma ser ignorada porque, quando dois algoritmos têm ordens de crescimento diferentes em notação Big O, como O(n) versus O(log n), essa diferença de crescimento é muito mais decisiva do que qualquer constante, especialmente para entradas grandes. No entanto, quando dois algoritmos compartilham a mesma notação Big O, como o quicksort e o merge sort, ambos O(n log n), a constante passa a fazer diferença prática, e é por isso que o quicksort tende a ser mais rápido que o merge sort no uso cotidiano.;Entendendo Algoritmos (Aditya Y. Bhargava) [Grokking Algorithms];"De acordo com o contexto, a constante costuma ser ignorada na notação Big O porque, quando dois algoritmos têm tempos de execução Big O diferentes, a constante não importará. Por exemplo, ao realizar uma busca em uma lista com 4 bilhões de elementos, mesmo que a pesquisa simples tenha uma constante muito menor (10 milissegundos) do que a pesquisa binária (1 segundo), a pesquisa binária ainda assim será muito mais rápida, e a constante não causará diferença alguma no final das contas. Além disso, constantes como ½ são simplesmente ignoradas na notação (O(n x ½ x n) vira apenas O(n²)).

Porém, a constante pode fazer diferença quando dois algoritmos têm o mesmo tempo de execução Big O. O contexto cita o exemplo do quicksort comparado ao merge sort: ambos têm o mesmo tempo de execução de O(n log n), mas como o quicksort possui uma constante menor que o merge sort, ele acaba sendo mais rápido na prática.";5;9.965662;1310;1497;2807;1.0;0.8675919835351914;0.8333333332916666;1.0
Q083;O que caracteriza a estrutura de dados pilha e quais são as suas duas operações básicas?;Uma pilha é uma estrutura de dados LIFO (Last In, First Out), em que o último elemento inserido é sempre o primeiro a ser removido. Suas duas operações básicas são push, que insere um elemento no topo da pilha, e pop, que remove e lê o elemento do topo.;Entendendo Algoritmos (Aditya Y. Bhargava) [Grokking Algorithms];"De acordo com o contexto fornecido, a pilha é caracterizada como uma estrutura de dados amplamente aplicável que armazena algum número de elementos de dados e **só permite acesso ao elemento em uma de suas extremidades: o topo**.

As suas duas operações básicas descritas no texto são:
1. **push (EMPILHAR)**: Insere o elemento especificado na pilha especificada.
2. **pop (DESEMPILHAR)**: Remove o elemento do topo da pilha especificada.";5;7.18266;1263;1128;2391;0.4444444444444444;0.7127378345141913;0.19999999998;0.5
Q084;De que forma a pilha de chamadas do computador é um exemplo prático de como funciona uma pilha LIFO?;"Toda vez que uma função é chamada, o computador empilha uma nova entrada com o estado dessa chamada no topo da pilha; quando a função termina e retorna, apenas a entrada do topo é removida, devolvendo a execução à função que fez a chamada mais recente. Esse comportamento, em que a última chamada feita é sempre a primeira a terminar e ser removida, corresponde exatamente à lógica LIFO de uma pilha.";Entendendo Algoritmos (Aditya Y. Bhargava) [Grokking Algorithms];"De acordo com o contexto, a pilha de chamadas do computador é um exemplo prático de uma pilha LIFO (Último a Entrar, Primeiro a Sair) da seguinte forma:

1. **Inserção no topo (push):** Quando uma nova função é chamada, o estado atual (o ""monte de caixas"" ou instância de registro de ativação da função) é salvo e colocado no topo da pilha.
2. **Execução no topo:** A execução do programa sempre ocorre no subprograma cujo registro de ativação está no topo da pilha, ou seja, a última função que foi chamada (a última a entrar) é a que está sendo executada.
3. **Remoção do topo (pop):** Assim como na pilha de notas adesivas em que se lê e retira apenas o item do topo, quando a função do topo é concluída, ela é retirada da pilha, retornando o fluxo para a função que está logo abaixo dela. 

Dessa forma, a última função a ser chamada (a entrar na pilha) será a primeira a ser concluída e removida (a sair da pilha), caracterizando o comportamento prático de uma estrutura de dados LIFO.";5;11.386897;1246;1581;2827;0.8;0.8569631331609054;0.8666666666377778;0.5
Q085;O que caracteriza a estrutura de dados fila e quais são as suas duas operações básicas?;Uma fila é uma estrutura de dados FIFO (First In, First Out), em que o primeiro elemento inserido é o primeiro a ser removido, assim como uma fila de pessoas. Suas duas operações básicas são enqueue, que insere um elemento no fim da fila, e dequeue, que remove e lê o elemento da frente dela.;Entendendo Algoritmos (Aditya Y. Bhargava) [Grokking Algorithms];"De acordo com o contexto, a estrutura de dados fila é caracterizada por:
* Armazenar um elemento após o outro, de forma que o primeiro elemento armazenado na fila seja o primeiro elemento a ser retirado;
* Possuir início e fim;
* Reposicionar os elementos subsequentes uma posição à frente após a remoção de um elemento, de maneira que o próximo assuma a posição do retirado, abrindo uma nova posição de inserção no final da fila.

As suas duas operações básicas (mencionadas no contexto) são a **inserção** (ou ""entrar na fila"") e a **remoção** (ou ""sair da fila"").";5;7.454043;1055;1290;2345;0.6666666666666666;0.8103321020989821;0.99999999995;0.5
Q086;Por que a busca em largura em um grafo usa uma fila, em vez de uma pilha, para guardar os elementos a serem verificados?;"A busca em largura precisa verificar as conexões na mesma ordem em que foram adicionadas à lista de busca, garantindo que as conexões de primeiro grau sejam verificadas antes das de segundo grau, o que é essencial para encontrar o caminho mais curto. Como uma fila é FIFO, ela preserva essa ordem de chegada; uma pilha, sendo LIFO, inverteria a ordem e faria o algoritmo verificar primeiro os elementos adicionados mais recentemente, o que não garantiria encontrar o caminho mais curto.";Entendendo Algoritmos (Aditya Y. Bhargava) [Grokking Algorithms];"Com base no contexto fornecido, a busca em largura (BFS) em um grafo utiliza uma fila em vez de uma pilha devido à natureza de seus objetivos e à forma como as estruturas de dados funcionam:

1. **Objetivo da Busca em Largura:** O contexto explica que a pesquisa em largura permite encontrar o menor caminho (ou caminho mínimo) entre dois objetos, respondendo a perguntas como ""Qual o caminho mínimo do vértice A até o vértice B?"". Para garantir que o caminho encontrado seja o mais curto, o algoritmo precisa explorar as conexões do grafo nível por nível (em largura), verificando todos os vizinhos mais próximos antes de avançar para os vizinhos mais distantes.

2. **Propriedades da Fila vs. Pilha:** O contexto define a fila como uma estrutura FIFO (First In, First Out - Primeiro a Entrar, Primeiro a Sair) e a pilha como LIFO (Last In, First Out - Último a Entrar, Primeiro a Sair). 

Ao usar uma **fila (FIFO)**, a busca em largura garante que o primeiro vértice adicionado à `fila_de_pesquisa` seja o primeiro a ser verificado (`popleft()`). Isso mantém a ordem de proximidade dos elementos, assegurando que a busca avance de maneira uniforme pelos níveis do grafo.

Se fosse utilizada uma **pilha (LIFO)**, o último elemento adicionado seria verificado primeiro. Isso faria com que o algoritmo aprofundasse em um único caminho específico antes de verificar os vizinhos do nível inicial, o que quebraria a lógica de exploração em largura e não garantiria a descoberta do caminho mais curto.";5;34.410381;1872;2835;4707;0.42857142857142855;0.8820313228519927;0.0;0.0
Q087;O que é uma função hash e como ela permite que uma tabela hash encontre um valor com tempo de execução O(1)?;Uma função hash recebe uma chave (como uma cadeia de caracteres) e retorna consistentemente o mesmo número para a mesma entrada, mapeando essa chave para uma posição em um vetor subjacente. Como a tabela hash usa esse número como índice direto no vetor, ela acessa o valor associado à chave imediatamente, sem precisar percorrer os demais elementos, o que garante tempo de execução O(1) mesmo à medida que o número de itens armazenados aumenta.;Entendendo Algoritmos (Aditya Y. Bhargava) [Grokking Algorithms];"De acordo com o contexto, uma função hash recebe uma string e retorna o número do espaço (slot) no array onde o valor deve ser inserido. Ela mapeia todas as chaves para um espaço na tabela e, idealmente, distribui os valores de maneira simétrica por toda a hash.

Ela permite que uma tabela hash encontre um valor com tempo de execução O(1) (tempo constante) porque, quando você deseja saber o valor de uma chave, basta utilizar a função hash novamente. A função indicará diretamente o espaço no qual o valor está armazenado. Como esse tempo de mapeamento e busca permanecerá sempre o mesmo, independentemente de quão grande a tabela hash possa ser, a pesquisa é realizada em tempo constante (O(1)).";5;9.235441;1079;1314;2393;1.0;0.9475439725889231;0.8333333332916666;1.0
Q088;O que é uma colisão em uma tabela hash e qual é a solução mais simples para resolvê-la?;"Uma colisão ocorre quando a função hash mapeia duas chaves diferentes para a mesma posição do vetor subjacente da tabela, fazendo com que um valor sobrescreva o outro. A solução mais simples é, quando várias chaves caem na mesma posição, iniciar ali uma lista encadeada contendo todos os itens daquela posição; a busca por uma chave específica então percorre essa pequena lista em vez do vetor inteiro, desde que a função hash seja boa o suficiente para manter essas listas curtas.";Entendendo Algoritmos (Aditya Y. Bhargava) [Grokking Algorithms];"De acordo com o contexto, a colisão é descrita simplesmente como um ""problema"" que pode ocorrer em tabelas hash. Esse problema faz com que as ""listas encadeadas"" se tornem muito longas, o que diminui demais o tempo de execução da tabela hash. 

Para evitar e resolver as colisões, o contexto apresenta as seguintes soluções necessárias:
*   **Um baixo fator de carga:** É necessário redimensionar a tabela hash caso o fator de carga seja maior que 0,7.
*   **Uma boa função hash:** Uma função que mapeie as chaves de maneira simétrica por toda a hash, criando poucas colisões e evitando que as listas encadeadas se tornem muito longas. 

*(Nota: O contexto não fornece uma definição técnica exata do que é uma colisão nem nomeia uma ""solução mais simples"", limitando-se a descrevê-la como um problema a ser minimizado por meio das medidas citadas acima).*";5;12.66661;1226;1850;3076;0.9333333333333333;0.9100112679802659;0.0;0.0
Q089;O que é um registro (estrutura de dados heterogênea) e como ele difere de um vetor ou de uma matriz?;Um registro é um tipo de dado derivado que agrupa, dentro de uma única estrutura, vários campos que podem ser de tipos primitivos diferentes entre si, como cadeia, caractere, inteiro e real ao mesmo tempo. Isso faz dele uma estrutura heterogênea, diferentemente de um vetor ou de uma matriz, que são estruturas homogêneas e só podem armazenar dados de um único tipo em todas as suas posições.;Algoritmos Lógica para desenvolvimento de programação de computadores [Algorithms: Logic for Computer Programming Development];"Com base no contexto fornecido, aqui está a explicação sobre o que é um registro e como ele difere de uma matriz:

**O que é um registro (estrutura de dados heterogênea)?**
Um registro é um tipo de estrutura de dados heterogênea projetada para modelar uma coleção de dados na qual os elementos individuais não são do mesmo tipo ou tamanho. Ele nada mais é que uma reunião de dados sobre um objeto, com o objetivo de facilitar sua organização e uso, servindo como uma abstração de um objeto real no computador. 

Em um registro, os dados são chamados de campos ou atributos. Por exemplo, um registro de estudante pode combinar uma cadeia de caracteres para o nome, um inteiro para o número de matrícula e um ponto flutuante para a média de notas. Além disso, um campo pode conter outras estruturas de dados, como um outro registro (ex: data de nascimento) ou até mesmo uma matriz. Cada atributo é acessado separadamente e possui um nome próprio, assim como uma variável.

**Como ele difere de um vetor ou de uma matriz?**
A principal diferença entre um registro e uma matriz heterogênea reside na natureza dos elementos e na forma como eles são armazenados na memória:

*   **Armazenamento na memória:** Enquanto em uma matriz heterogênea todos os elementos são referências para objetos de dados que residem em posições espalhadas na memória (geralmente no *monte* ou *heap*), os elementos de um registro são de tamanhos potencialmente diferentes, mas **residem em posições de memória adjacentes**.
*   **Tipos de dados:** Embora matrizes heterogêneas possam parecer a mesma coisa à primeira vista, o registro é uma estrutura que combina explicitamente tipos de dados distintos (inteiros, reais, caracteres, etc.) em um bloco de memória contíguo, ao passo que as matrizes convencionais geralmente armazenam dados do mesmo tipo. 

Em resumo, o registro agrupa diferentes tipos de dados em posições de memória adjacentes sob um único nome de abstração, enquanto as matrizes lidam com coleções de dados que, no caso das heterogêneas, são armazenados de forma espalhada por meio de referências. Em linguagens como C, C++ e C#, os registros são suportados por meio do tipo de dados `struct`.";5;19.159924;2211;3992;6203;0.9354838709677419;0.8931382302526379;0.9166666666361111;0.5
Q090;Como um tipo registro é declarado e como um campo específico de uma variável desse tipo é acessado?;"A declaração é feita com o comando tipo, definindo um identificador seguido de registro, listando cada campo com o seu respectivo tipo primitivo e encerrando com fim_registro; em seguida, o comando var associa uma variável a esse tipo derivado. Para acessar ou atribuir um campo específico dessa variável, usa-se a notação variável.campo (por exemplo, ALUNO.NOME ou ALUNO.NOTA1), separando o nome da variável do nome do campo por um ponto.";Algoritmos Lógica para desenvolvimento de programação de computadores [Algorithms: Logic for Computer Programming Development];"Com base no contexto fornecido:

**Como é declarado um tipo registro:**
A declaração de um registro envolve especificar o nome de seus campos com seus respectivos tipos. O contexto apresenta duas formas de declaração:

1. **Diretamente na variável:** Utilizando a sintaxe `DECLARE nome_da_variável_registro REGISTRO (nome_campo1 TIPO_DO_CAMPO1, nome_campo2 TIPO_DO_CAMPO2, ..., nome_campoN TIPO_DO_CAMPON)`. *Exemplo: `DECLARE conta REGISTRO (num, saldo NUMÉRICO, nome LITERAL)`.*
2. **Definindo o tipo de dado antes da variável:** O tipo derivado registro deve ser declarado pelo comando `tipo` (ou `TYPE`) antes do comando `var` (ou `VAR`). *Exemplo: `TYPE EXEMPLO = RECORD num : INTEGER; nome : STRING[35]; saldo : REAL; END;` e em seguida `VAR conta: ARRAY[1..15] OF EXEMPLO;`.*

**Como um campo específico é acessado:**
O contexto fornecido **não explica e não apresenta exemplos** de como acessar um campo específico de uma variável deste tipo. Ele apenas menciona que os registros são compostos por campos e como declará-los.";5;26.19303;1462;2272;3734;1.0;0.9175760949774263;0.4499999999775;0.0
