id;question;ground_truth;source_book;answer;contexts_count;answer_response_time_seconds;answer_input_tokens;answer_output_tokens;answer_total_tokens;faithfulness;answer_relevancy;context_precision;context_recall
Q001;O que significa 'lógica de programação' em palavras simples?;É o uso correto das leis do pensamento e de processos organizados de raciocínio aplicados à criação de programas de computador, com o objetivo de produzir soluções válidas e coerentes que resolvam adequadamente os problemas propostos.;Lógica de programação (André Luiz Villar Forbellone) [Programming Logic];"## Lógica de Programação em Palavras Simples

A **lógica de programação** é, essencialmente, a **arte de organizar pensamentos e instruções de forma clara e ordenada** para que um computador possa executar uma tarefa corretamente.

Em termos simples:

1. **Lógica no dia a dia:** No uso comum, a palavra ""lógica"" está relacionada à **coerência e à racionalidade** — ou seja, pensar de forma organizada e fazer sentido.

2. **Aplicada à programação:** Quando aplicamos essa lógica para criar **algoritmos** (sequências de passos para resolver um problema), chamamos isso de **lógica de programação**. É como montar uma receita de bolo: você define cada passo na ordem certa para obter o resultado desejado.

3. **Por que é importante?** O computador não ""pensa"" sozinho — ele apenas segue instruções. A lógica de programação ensina como **estruturar essas instruções** para que a máquina faça exatamente o que queremos.

### Exemplo prático:
Imagine que você quer ensinar alguém a trocar uma lâmpada. Os passos seriam:
1. Pegar uma lâmpada nova.
2. Desligar o interruptor.
3. Remover a lâmpada velha.
4. Colocar a lâmpada nova.
5. Ligar o interruptor para testar.

Isso é um **algoritmo** — e a lógica de programação é justamente a habilidade de **pensar e estruturar essa sequência de passos** de forma que funcione corretamente. 🎯";5;17.04901;2528;461;2989;0.3684210526315789;0.9286160906829846;0.4166666666458333;1.0
Q002;A lógica existe no nosso dia a dia, fora da programação de computadores?;"Sim. Sempre que pensamos, falamos, escrevemos ou agimos corretamente, estamos colocando 'ordem no pensamento', ou seja, aplicando lógica; ela não se restringe à matemática ou à computação e aparece em situações simples do cotidiano.";Lógica de programação (André Luiz Villar Forbellone) [Programming Logic];"## Sim, a lógica existe no nosso dia a dia, fora da programação de computadores!

De acordo com os materiais consultados, a lógica está presente em diversas situações do nosso cotidiano, muito além do mundo da programação. Aqui estão os pontos principais:

### O que é lógica?
A palavra **lógica** advém do termo grego *lógos*, que dá o sentido de **linguagem, discurso, pensamento e conhecimento**. Em sua forma mais ampla, a lógica é a **ação usada para ordenar o pensamento**. O uso corriqueiro da palavra ""lógica"" está normalmente relacionado à **coerência** e à **racionalidade**.

### A lógica no dia a dia
Sempre que pensamos, a lógica (ou a ilógica) necessariamente nos acompanham. Quando **falamos** ou **escrevemos**, estamos expressando nosso pensamento — e, portanto, precisamos usar a lógica nessas atividades. 

Podemos perceber a importância da lógica em nossa vida não só na teoria, mas também na prática, já que, quando queremos **pensar, falar, escrever ou agir corretamente**, precisamos **colocar ""ordem no pensamento""**, ou seja, utilizar a lógica.

### Lógica ≠ apenas matemática
Frequentemente, as pessoas associam a lógica **apenas à matemática**, não percebendo que ela está presente em todas as áreas do conhecimento e em todas as situações do cotidiano. A lógica também objetiva a criação de uma representação mais **formal**, que se contrapõe à linguagem natural (que é suscetível a argumentações informais).

### Exemplos práticos
A lógica de programação, inclusive, costuma ser ensinada e exemplificada utilizando **situações do dia a dia**, como preparar um algoritmo para trocar uma lâmpada, fazer um bolo, ou realizar qualquer tarefa que envolva uma sequência lógica de passos. Isso demonstra que a lógica é uma habilidade **inerente ao ser humano** e presente em suas atividades mais comuns.

Em resumo: **a lógica é uma ferramenta do raciocínio humano** que usamos constantemente, muito antes de existirem computadores ou linguagens de programação! 🧠";5;7.335269;2569;599;3168;0.7631578947368421;0.8230095195258835;0.99999999998;1.0
Q003;De um jeito bem direto: o que é um algoritmo?;É uma sequência de passos bem definidos e ordenados que tem por objetivo resolver um determinado problema ou chegar a um resultado esperado, como os passos de uma receita de bolo.;Lógica de programação (André Luiz Villar Forbellone) [Programming Logic];"Um **algoritmo** é, de forma bem direta, **um conjunto de instruções (passos) ordenadas para resolver um problema ou realizar uma tarefa**.

Pense numa **receita de bolo**: ela traz uma lista de ingredientes e uma sequência de passos que devem ser seguidos para chegar ao resultado final. Um algoritmo é exatamente isso — só que no contexto da computação, ele transforma **dados de entrada** em **dados de saída**, por meio de regras claras, sequenciais e bem definidas que um computador consegue executar.";5;3.64115;2476;175;2651;0.5714285714285714;0.8755805205087706;0.99999999998;1.0
Q004;Quais são as principais formas de representar um algoritmo?;Pode ser representado de forma textual, escrevendo os passos em linguagem coloquial comum ou em pseudocódigo estruturado, ou de forma gráfica, como um fluxograma ou um diagrama de Chapin. Cada técnica tem vantagens e desvantagens quanto à clareza e à facilidade de escrita.;Lógica de programação (André Luiz Villar Forbellone) [Programming Logic];"De acordo com os documentos consultados, um algoritmo pode ser representado basicamente de **duas formas** principais:

---

## 1. Forma Gráfica (Diagramas de Blocos)

A representação gráfica utiliza símbolos e convenções de desenho para ilustrar o fluxo de execução do algoritmo. Segundo os textos, as formas gráficas são consideradas ""mais puras"" por serem mais fiéis ao raciocínio original, substituindo um grande número de palavras por convenções de desenhos.

As principais técnicas gráficas são:

- **Fluxograma tradicional (representação simbólica):** Utiliza símbolos gráficos padronizados conectados por setas que indicam a direção do fluxo de execução. Cada símbolo representa um tipo de operação (entrada, processamento, decisão, saída, etc.). A estrutura visual costuma ser orientada de cima para baixo e da direita para a esquerda.
  
- **Chapin (Diagrama de Nassi-Shneiderman / Chapin):** Outra técnica gráfica que também permite grande clareza quanto ao fluxo de execução, utilizando uma estrutura visual diferente do fluxograma tradicional.

### Vantagens e Desvantagens da Forma Gráfica
- **Vantagem:** Maior clareza visual quanto ao fluxo de execução do algoritmo.
- **Desvantagem:** Exige o conhecimento prévio das convenções gráficas de cada técnica, que não são naturais, pois estamos mais acostumados a nos expressar por palavras.

---

## 2. Forma Textual (Descrição Narrativa / Linguagem de Projeto)

A representação textual descreve o algoritmo por meio de palavras e uma linguagem estruturada. Pode se apresentar de diferentes maneiras:

- **Descrição Narrativa (Português Coloquial):** O algoritmo é descrito em linguagem natural, como um texto comum em português. É a forma mais intuitiva, pois utiliza a linguagem cotidiana.

- **Português Estruturado (Pseudocódigo):** Uma forma mais estruturada e organizada de descrever o algoritmo, utilizando uma sintaxe que se aproxima da linguagem de programação, mas sem obedecer a regras rígidas de uma linguagem formal.

- **Linguagem de Programação Formal:** Representação do algoritmo em uma linguagem de programação de computadores propriamente dita, com sintaxe e regras bem definidas.

---

## Resumo

| Forma de Representação | Exemplos |
|---|---|
| **Gráfica** | Fluxograma tradicional, Diagrama de Chapin |
| **Textual** | Descrição narrativa, Português Estruturado (pseudocódigo), Linguagem de programação formal |

Cada uma dessas formas possui vantagens e desvantagens particulares, e a escolha depende do contexto, do público-alvo e do nível de detalhamento necessário para a solução do problema.";5;7.222004;2443;742;3185;0.5769230769230769;0.9315116569526937;0.8666666666377778;0.5
Q005;O que é uma variável dentro de um algoritmo?;É um dado cujo valor pode ser alterado durante a execução do algoritmo, armazenado em uma posição de memória identificada por um nome. É como uma gaveta etiquetada que, ao longo do tempo, pode guardar um objeto diferente dentro de si.;Lógica de programação (André Luiz Villar Forbellone) [Programming Logic];"## O que é uma Variável em um Algoritmo?

De acordo com o material consultado, do ponto de vista computacional, uma **variável** pode ser definida como:

> **A representação de uma região de memória utilizada para armazenar, acessar e modificar um determinado valor por um espaço de tempo.** O tempo de armazenamento de um valor em uma variável está relacionado ao tempo de duração da execução de um programa.

### Características principais:

- **Armazenamento:** A variável serve como um espaço na memória do computador onde um valor pode ser guardado durante a execução do algoritmo.
- **Acesso e Modificação:** O valor armazenado em uma variável pode ser lido (acessado) e alterado (modificado) ao longo da execução do programa.
- **Tipo associado:** Toda variável possui um **tipo primitivo** associado, que define que tipo de dado ela pode armazenar (ex.: inteiro, real, caractere, lógico, etc.).
- **Identificação:** A variável é identificada por um **nome**, que é usado para referenciá-la dentro do algoritmo.

### Sintaxe básica de declaração:

```
var
  <nome da variável> : <tipo primitivo associado à variável>
```

### Tipos de Variáveis quanto ao Escopo:

Além disso, as variáveis podem ser classificadas quanto ao seu **escopo** (visibilidade) dentro do algoritmo:

1. **Variáveis Globais:** São definidas na seção de declarações do programa/algoritmo principal e podem ser visualizadas em todas as partes do algoritmo, inclusive por todas as sub-rotinas utilizadas por ele.
2. **Variáveis Locais:** São definidas dentro de sub-rotinas (procedimentos ou funções) e só podem ser acessadas dentro daquela sub-rotina específica.

A correta definição e uso de variáveis globais e locais resulta, dentre outros benefícios, na **otimização do uso de memória** do programa.";5;5.467523;2139;541;2680;0.7857142857142857;0.9706865202947199;0.699999999965;0.5
Q006;Quais regras um identificador (nome de variável) deve seguir?;Ele deve necessariamente começar com um caractere alfabético, pode ser seguido por outras letras ou números e não pode conter caracteres especiais nem espaços em branco.;Lógica de programação (André Luiz Villar Forbellone) [Programming Logic];"De acordo com o material consultado, um **identificador** (nome de variável) deve seguir as seguintes regras:

1. **Composição de caracteres:** O nome de uma variável pode utilizar um ou mais caracteres, limitando-se às restrições da linguagem de programação em uso.

2. **Primeiro caractere alfabético:** O primeiro caractere **não pode ser numérico nem um símbolo gráfico** (como cifrão, tralha, vírgula, ponto e vírgula, traço, parênteses, chaves, colchetes, entre outros). O primeiro caractere **deve ser sempre alfabético** (uma letra).

3. **Demais caracteres alfanuméricos:** Após o primeiro caractere, os demais podem ser alfanuméricos, ou seja, **números e letras**.

4. **Sem espaços em branco:** Não pode haver espaços em branco no nome da variável. Caso deseje separar nomes compostos, deve-se utilizar o caractere de sublinhado (`_`, underline).

5. **Não usar palavras reservadas:** Jamais uma variável pode ter o mesmo nome de uma palavra que represente um comando ou instrução da linguagem de programação (palavras reservadas). O uso dessas palavras causará erro de compilação ou execução.

6. **Unicidade do nome:** Não pode ser utilizado um rótulo que já tenha sido usado para identificar o nome de um programa ou de outra variável. O nome **deve ser exclusivo** dentro do programa em que foi definido.

---

### Exemplos de nomes **válidos**:
`NOMEUSUÁRIO`, `NOME_USUÁRIO`, `NUSUÁRIO`, `N_USUÁRIO`, `FONE1`

### Exemplos de nomes **inválidos**:
- `1NOME` → começa com número
- `NOME USUÁRIO` → contém espaço em branco
- `var` → é uma palavra reservada
- `NOME-USUÁRIO` → contém símbolo gráfico (traço)";5;5.319851;2353;548;2901;0.9047619047619048;0.8103545544153931;0.9166666666361111;1.0
Q007;O que é uma constante em um algoritmo?;É um dado cujo valor nunca muda durante a execução do algoritmo, permanecendo o mesmo do início ao fim e também se mantendo igual em diferentes execuções ao longo do tempo.;Lógica de programação (André Luiz Villar Forbellone) [Programming Logic];"## O que é uma Constante em um Algoritmo?

Uma **constante** é tudo aquilo que é **fixo, estável, inalterável, imutável** e de valor fixo. Do ponto de vista computacional (semelhante ao matemático ou científico), uma constante é uma **grandeza numérica fixa** utilizada normalmente em uma expressão aritmética ou matemática, que define um valor que **não será alterado** durante a execução do programa, independentemente das variáveis envolvidas na operação.

### Características principais:

- **Valor inalterável:** Uma vez definida, a constante mantém o mesmo valor do início ao fim da execução do programa.
- **Associada a um nome:** Na programação de computadores, uma constante é um valor numérico associado a um nome, sem qualquer atributo.
- **Regras de nomenclatura:** Para definir nomes de constantes (por exemplo, com o comando `const`), é preciso obedecer às mesmas regras utilizadas para a definição de variáveis.

### Exemplos práticos:

1. **Constante matemática π (pi):** que equivale ao valor aproximado de **3.14159265**.
2. **Expressão matemática:** `SAÍDA = ENTRADA + 1.23`, onde o valor **1.23** é a constante da expressão.

### Constante no contexto de análise de algoritmos (Big O):

Na análise de desempenho de algoritmos, a constante também aparece como uma quantidade determinada de tempo que um algoritmo leva para ser executado. Por exemplo, pode ser **10 milissegundos × n** para um algoritmo e **1 segundo × n** para outro. Normalmente, ao comparar algoritmos com tempos de execução Big O diferentes, a constante não altera a classificação de eficiência — o algoritmo com melhor complexidade continuará sendo mais rápido para grandes volumes de dados, independentemente da constante.

Em resumo, as constantes são fundamentais para representar valores fixos e imutáveis em algoritmos e programas, garantindo clareza e evitando alterações acidentais desses valores durante a execução.";5;5.322912;2008;559;2567;0.9047619047619048;0.9999996256080715;0.8333333332916666;1.0
Q008;Por que usamos aspas duplas ao escrever uma constante do tipo caractere?;As aspas duplas são usadas para delimitar e distinguir os dados constantes do tipo caractere dos demais tipos primitivos, deixando claro no algoritmo onde aquele texto fixo começa e termina.;Lógica de programação (André Luiz Villar Forbellone) [Programming Logic];"## Sobre aspas duplas e constantes do tipo caractere

Com base no material consultado, é importante fazer uma distinção fundamental:

### Aspas simples (apóstrofos) × Aspas duplas

- **Aspas simples (`' '`)** — também chamadas de apóstrofos — são usadas para delimitar **um único caractere** (tipo caractere/char). Por exemplo: `'a'`, `'1'`, `'P'`.

- **Aspas duplas (`"" ""`)** são usadas para delimitar **uma cadeia de caracteres** (string), ou seja, um **conjunto de caracteres**. Por exemplo: `""Programa""`, `""João e Maria comem pão""`.

### Por que essa distinção é importante?

Como os documentos explicam:

> *""O tipo de dados caractere é utilizado quando se faz referência a um único caractere delimitado por aspas, já o tipo de dados cadeia é utilizado quando se faz referência a um conjunto de caracteres delimitado por aspas.""*

E ainda:

> *""Cada uma das letras estava entre apóstrofos (' ') — esta é a maneira de identificar um caractere isoladamente. [...] A palavra Programa estava entre aspas ("" "") — esta é a maneira de identificar uma cadeia de caracteres.""*

Portanto, **se o objetivo for representar uma constante de um único caractere, utilizam-se aspas simples**. Já as **aspas duplas servem para delimitar o início e o fim de uma cadeia (sequência) de caracteres**, permitindo inclusive o uso de espaços dentro dela sem ambiguidade.

### Exemplo prático:

```c
char   letra  = 'P';        // caractere único → aspas simples
char   nome[] = ""Programa""; // cadeia de caracteres → aspas duplas
```

Em resumo, as aspas duplas indicam que o conteúdo entre elas representa uma **string (cadeia de caracteres)** e não um único caractere isolado, o que ajuda o compilador/interpretador a distinguir os dois tipos de dados.";5;8.19302;6011;799;6810;0.8888888888888888;0.7697010652669416;0.9166666666361111;0.0
Q009;Qual é a diferença entre uma constante e uma variável?;Uma constante mantém sempre o mesmo valor do início ao fim da execução do algoritmo, enquanto uma variável pode ter seu valor alterado a qualquer momento durante essa execução.;Lógica de programação (André Luiz Villar Forbellone) [Programming Logic];"## Diferença entre Constante e Variável

Com base nos documentos consultados, a diferença principal entre uma constante e uma variável está na **possibilidade de alteração do valor** durante a execução de um programa:

### 📌 Constante

Uma constante é um **valor fixo** que **não sofre nenhuma variação** no decorrer do tempo. Ou seja, seu valor é definido uma vez e **não será alterado em nenhum momento até o término da execução** do programa, sendo o mesmo também para execuções diferentes.

- **Exemplo:** O valor de PI (3.14159265) é uma constante, pois seu valor nunca muda.
- **Sintaxe comum:**
  ```
  const
  PI = 3.14159265
  ```

### 📌 Variável

Uma variável é a **representação de uma região de memória** utilizada para **armazenar, acessar e modificar** um valor por um determinado espaço de tempo. Diferente da constante, uma variável **tem a possibilidade de ser alterada** em algum instante durante a execução do programa.

- **Sintaxe comum:**
  ```
  var
  <nome da variável> : <tipo primitivo associado à variável>
  ```

### 📋 Resumo Comparativo

| Característica | Constante | Variável |
|---|---|---|
| **Valor** | Fixo, não muda durante a execução | Pode ser alterado durante a execução |
| **Objetivo** | Armazenar valores que não devem ser modificados | Armazenar valores que podem mudar ao longo do tempo |
| **Definição** | Geralmente definida com o comando `const` | Definida com o comando `var` (ou similar) |
| **Regras de nomeação** | Segue as mesmas regras de nomenclatura de variáveis | Segue regras específicas de nomenclatura |

Em resumo: a **constante** é imutável após sua definição, enquanto a **variável** pode ter seu valor modificado quantas vezes forem necessárias durante a execução do programa.";5;5.282696;2369;554;2923;0.8823529411764706;0.9999996062063595;0.36666666664833336;1.0
Q010;Dê um exemplo que ajude a ilustrar a diferença entre uma constante e uma variável.;"No cálculo da área de um círculo, o valor de pi é uma constante, pois é sempre o mesmo número independentemente do cálculo; já o raio é uma variável, porque muda dependendo de qual círculo está sendo considerado.";Lógica de programação (André Luiz Villar Forbellone) [Programming Logic];"## Diferença entre Constante e Variável

Para ilustrar a diferença, vamos usar um exemplo clássico citado pelos livros de lógica de programação: **o cálculo da área de uma circunferência**.

### A fórmula: **Área = π × r²**

Nessa fórmula, temos dois elementos com comportamentos bem diferentes:

---

### 🔒 Constante: **π (PI)**

- **π** é uma **constante**, ou seja, é um valor **fixo** que não sofre nenhuma variação durante a execução do programa.
- Seu valor é sempre **3,14159265...**, independentemente de qual seja a circunferência.
- Vale para **todas as ocasiões** em que calculamos a área.
- Em um programa, seria definida assim:

```
const
    PI = 3.14159265
```

A partir do momento em que é definida, **PI nunca muda** — do início ao fim da execução do programa, e também em execuções diferentes.

---

### 🔄 Variável: **r (raio)**

- **r** é uma **variável**, ou seja, é um valor que **pode ser alterado** durante a execução do programa.
- O raio **depende da circunferência** que estamos calculando. Pode ser 2, 5, 10... cada valor representa uma circunferência diferente.
- Exemplos de variáveis no dia a dia: a **cotação do dólar**, o **peso de uma pessoa**, o **índice da inflação** — todos podem mudar ao longo do tempo.

---

### Resumo da diferença

| Característica | Constante | Variável |
|---|---|---|
| **Valor** | Fixo, não muda | Pode mudar durante a execução |
| **Exemplo** | π = 3,14159265 | raio da circunferência |
| **Definição em código** | `const PI = 3.14159265` | `r = 5` (pode ser alterado depois) |

Em suma: a **constante** é um valor que permanece o mesmo do início ao fim da execução, enquanto a **variável** pode assumir valores diferentes em momentos distintos do programa.";5;5.312285;2487;613;3100;0.9;0.7490747174262234;0.8666666666377778;1.0
Q011;Quais são os tipos de dados primitivos usados na lógica de programação?;São quatro: inteiro (números inteiros positivos, negativos ou zero), real (números com casas decimais), caractere (letras, números e símbolos tratados como texto) e lógico (que admite apenas os valores verdadeiro ou falso).;Lógica de programação (André Luiz Villar Forbellone) [Programming Logic];"## Tipos de Dados Primitivos na Lógica de Programação

Os tipos de dados primitivos (ou tipos básicos) são os tipos fundamentais de dados que não são definidos em termos de outros tipos. Eles são a base para a construção de tipos de dados derivados. Conforme os materiais consultados, os tipos primitivos podem ser classificados da seguinte forma:

### 1. **Numéricos**
Subdividem-se em duas categorias:

- **Inteiro:** Representa valores numéricos positivos e negativos pertencentes ao conjunto dos números inteiros, **excluindo** qualquer valor fracionário. Exemplos: `-10`, `0`, `25`, `1000`.
- **Real:** Representa valores numéricos que incluem partes fracionárias (decimais). Exemplos: `3.14`, `-0.5`, `2.718`.

### 2. **Caractere / Cadeia de Caracteres**
Representa valores alfabéticos ou alfanuméricos, ou seja, letras, símbolos e combinações de caracteres. Exemplos: `""A""`, `""Hello""`, `""Rua das Flores, 123""`.

### 3. **Lógico (Booleano)**
Representa apenas dois valores possíveis:
- **Verdadeiro** (true)
- **Falso** (false)

---

### Resumo

| Tipo Primitivo | Descrição | Exemplos |
|---|---|---|
| **Inteiro** | Números sem casas decimais | `10`, `-5`, `0` |
| **Real** | Números com casas decimais | `3.14`, `-2.5` |
| **Caractere/Cadeia** | Textos e símbolos | `""A""`, `""João""`, `""123ABC""` |
| **Lógico** | Valores booleanos | `verdadeiro`, `falso` |

### Pontos importantes:
- **Tipos de dados primitivos** não são definidos em termos de outros tipos — são as unidades mais básicas de informação.
- A partir dos tipos primitivos, é possível construir **tipos de dados derivados** (como matrizes, registros, listas, enumerações, etc.).
- Alguns tipos primitivos são reflexos diretos do hardware (como os tipos inteiros), enquanto outros exigem um pouco mais de suporte lógico da linguagem de programação.";5;5.704932;2248;621;2869;0.8947368421052632;0.9177065584063145;0.8666666666377778;1.0
Q012;O que caracteriza o tipo de dado lógico?;É um tipo de informação biestável, ou seja, só pode assumir um de dois estados possíveis, convencionalmente representados como verdadeiro (V) ou falso (F), como uma porta que só pode estar aberta ou fechada.;Lógica de programação (André Luiz Villar Forbellone) [Programming Logic];"## Tipo de Dado Lógico

O tipo de dado **lógico** (também conhecido como **booleano**) é caracterizado por possuir **valores binários**, ou seja, apenas dois valores possíveis. Segundo os documentos consultados:

- Os valores lógicos podem ser representados de diversas formas, como: **sim e não**, **verdadeiro e falso**, ou **1 e 0**, entre outros, sendo que **apenas um dos valores pode ser escolhido**.

- No contexto do livro *Algoritmos – Lógica para Desenvolvimento de Programação de Computadores*, a representação em português estruturado é feita com os valores:
  - **.V.** (verdadeiro) ou **.VERDADEIRO.**
  - **.F.** (falso) ou **.FALSO.**

### Pontos importantes:

1. **Simplicidade:** Os tipos booleanos são considerados os mais simples, pois sua faixa de valores contém apenas dois elementos: um para verdadeiro e outro para falso.

2. **História:** Foram introduzidos na linguagem **ALGOL 60** e incluídos na maioria das linguagens de programação de propósito geral desde então.

3. **Operações lógicas:** Os dados lógicos são utilizados em operações de processamento lógico, com operadores como:
   - **.e.** (conjunção)
   - **.ou.** (disjunção inclusiva)
   - **.xou.** (disjunção exclusiva)
   - **.não.** (negação)

4. **Origem do termo ""booleano"":** O nome faz referência ao matemático inglês **George Boole**, que em 1854 criou um sistema de relação lógica que serve de base para o modelo computacional digital utilizado até hoje.

Em resumo, o tipo de dado lógico é caracterizado por aceitar **apenas dois valores possíveis** (verdadeiro ou falso), sendo fundamental para operações de tomada de decisão e processamento lógico em algoritmos e programação.";5;6.770845;2441;509;2950;0.5;0.7835013839655791;0.99999999998;0.0
Q013;Para que serve o comando 'leia' em um algoritmo?;É o comando de entrada de dados: recebe um valor vindo de fora do algoritmo, como algo digitado pelo usuário, e atribui esse valor à variável indicada entre parênteses.;Lógica de programação (André Luiz Villar Forbellone) [Programming Logic];"O comando **`leia`** é um **comando de entrada de dados** utilizado em algoritmos para permitir que o programa receba dados do meio externo (por exemplo, digitados pelo usuário via teclado).

## Finalidade

A finalidade do comando `leia` é **atribuir o dado fornecido à variável identificada**. Ou seja, ele lê um valor de entrada e armazena esse valor em uma variável para que o algoritmo possa processá-lo posteriormente.

## Sintaxe

A regra sintática do comando é:

```
leia(identificador)
```

Onde **identificador** é o nome da variável que receberá o valor digitado.

## Exemplos

```
leia(X);
leia(A, XPTO, NOTA);
```

- No primeiro exemplo, o algoritmo lê um valor e o armazena na variável `X`.
- No segundo exemplo, o algoritmo lê três valores e os armazena, respectivamente, nas variáveis `A`, `XPTO` e `NOTA`.

## Analogia

Pode-se pensar no comando `leia` como o momento em que uma receita de bolo solicita os ingredientes — os ingredientes vêm de fora da receita (do meio externo) e são fornecidos para que o processo (algoritmo) possa ser executado e produzir o resultado final.

## Contraparte: o comando `escreva`

Enquanto o `leia` serve para **receber** dados, existe o comando **`escreva`**, que é o comando de **saída de dados**, usado para mostrar os resultados calculados pelo algoritmo ao usuário.";5;9.592434;6941;468;7409;0.5;0.595308472656359;0.999999999975;1.0
Q014;De onde vêm os dados que o comando de entrada armazena nas variáveis?;"Vêm de fora do algoritmo, como o teclado ou outro dispositivo de entrada, semelhante aos ingredientes que entram em uma receita; sem essa entrada, o algoritmo não teria nada com que trabalhar.";Lógica de programação (André Luiz Villar Forbellone) [Programming Logic];"Os dados que o comando de entrada armazena nas variáveis vêm de **dispositivos de entrada de dados**, sendo o **teclado** o mais comum, ou também de **arquivos em disco**.

De acordo com os materiais consultados, aqui estão os principais pontos:

### Origem dos dados
- **Teclado:** O usuário digita os valores durante a execução do programa. Por exemplo, ao usar comandos como `read`, `readln` (em Pascal), `LEIA` (em algoritmos) ou a classe `Scanner` (em Java), o programa fica aguardando a entrada do usuário.
- **Arquivos em disco:** Os dados também podem ser lidos a partir de arquivos armazenados no computador.

### Como funciona na prática

1. **Em algoritmos (pseudocódigo):** O comando `LEIA` é utilizado para receber dados digitados pelo usuário. Exemplo:
   ```
   LEIA X
   ```
   Um valor digitado pelo usuário será armazenado na variável X.

2. **Em Pascal:** Os comandos `read` e `readln` leem dados digitados via teclado. Os valores podem ser digitados na mesma linha separados por espaço, ou intercalados com a tecla `<enter>`. Exemplo:
   ```
   read(A, B, C, D);
   ```
   Se o usuário digitar `11 22 33 44 55 66 77 <enter>`, os 4 primeiros números (11, 22, 33, 44) serão atribuídos às variáveis A, B, C e D, respectivamente.

3. **Em Java:** A classe `Scanner` é utilizada para receber dados digitados pelo usuário. Exemplo:
   ```java
   Scanner dado = new Scanner(System.in);
   int n1 = dado.nextInt();
   ```
   Um valor inteiro digitado pelo usuário será armazenado na variável `n1`.

4. **Em Python:** A função `input()` permite que o programa receba valores durante sua execução, possibilitando rodar o mesmo programa com valores diferentes sem precisar alterá-lo.

### Resumo
A entrada de dados é o momento em que o programa **recebe valores de um dispositivo de entrada** (como o teclado) ou de um **arquivo em disco**, e esses valores são armazenados em variáveis para posterior processamento. Isso permite que o programa seja reutilizável com diferentes dados a cada execução.";5;5.472328;2089;600;2689;0.7142857142857143;0.9223290795178544;0.9999999999666667;0.5
Q015;Qual é a função do comando 'escreva' em um algoritmo?;É o comando de saída de dados: exibe o conteúdo de uma variável identificada, mostrando ao usuário o resultado ou a resposta calculada pelo algoritmo.;Lógica de programação (André Luiz Villar Forbellone) [Programming Logic];"O comando **escreva** é um **comando de saída de dados** em um algoritmo. Sua função é exibir informações na saída padrão (normalmente a tela do computador), mostrando o resultado de expressões, textos (cadeias de caracteres) ou conteúdos de variáveis.

## Características principais:

- **Sintaxe:** `escreva(<lista-de-expressões>)`
- As expressões devem estar entre parênteses e separadas por vírgula.
- Cada expressão da lista é analisada e seu resultado é impresso na saída.
- Textos (cadeias de caracteres) aparecem entre aspas e são exibidos exatamente como escritos.
- Variáveis têm seus conteúdos (valores) apresentados.

## Diferença entre `escreva` e `escreval`:

- **`escreva`**: Após terminar de executar o comando de saída, o **cursor permanece na mesma linha**.
- **`escreval`**: Após terminar de executar, o cursor **muda para a próxima linha** (o ""l"" no final indica ""linha"").

## Exemplo:

```
escreva(""Aprendendo "")
escreval(Palavra)
```

Neste exemplo, o comando `escreva(""Aprendendo "")` imprime o texto na tela e mantém o cursor na mesma linha. Em seguida, `escreval(Palavra)` imprime o conteúdo da variável `Palavra` e pula para a próxima linha. O resultado seria algo como: **""Aprendendo VisuAlg!""** (tudo na mesma linha, pois o `escreva` não pulou a linha).";5;6.029519;2340;441;2781;0.9;0.8833488454906814;0.999999999975;1.0
Q016;É possível exibir mais de uma informação em um único comando 'escreva'?;"Sim, basta colocar entre parênteses vários identificadores, expressões ou trechos de texto separados por vírgulas, como em escreva(""Você pesa"", W, ""quilos""), permitindo combinar texto fixo com o valor de variáveis.";Lógica de programação (André Luiz Villar Forbellone) [Programming Logic];"Sim, é perfeitamente possível exibir mais de uma informação em um único comando `escreva` (ou `escreval`). Para isso, basta separar as diferentes informações (expressões) por **vírgulas**, todas dentro dos parênteses do comando.

## Exemplo prático (em VisuAlg):

```
algoritmo ""saida""
var
   A, B: inteiro
inicio
   A <- 5
   B <- 6
   escreval(""A = "", A, "" e B = "", B)
fim
```

Neste exemplo, o comando `escreval` exibe em uma única linha:
- O texto `""A = ""`
- O valor da variável `A`
- O texto `"" e B = ""`
- O valor da variável `B`

Resultado na tela: **A = 5 e B = 6**

## Pontos importantes:

1. **Separador por vírgula**: As expressões devem estar entre parênteses e separadas por vírgula. Por exemplo: `escreva(""Nome: "", ALUNO.NOME)`.

2. **Diferença entre `escreva` e `escreval`**:
   - `escreva`: o cursor permanece na **mesma linha** após exibir a informação.
   - `escreval`: o cursor **pula para a próxima linha** após exibir a informação.

3. **Tipos de informações**: Você pode combinar textos (entre aspas), valores de variáveis e até expressões matemáticas. Por exemplo:
   ```
   escreval(""X + Y = "", X + Y)
   ```

Portanto, não há limite para a quantidade de informações que você pode exibir em um único comando `escreva`/`escreval` — basta separá-las por vírgulas!";5;5.261696;2399;494;2893;0.8823529411764706;0.870952149208745;0.9166666666361111;1.0
Q017;Quais são os operadores aritméticos básicos usados em algoritmos?;São a adição (+), a subtração (-), a multiplicação (*) e a divisão (/), usados para representar as operações matemáticas fundamentais entre constantes ou variáveis numéricas.;Lógica de programação (André Luiz Villar Forbellone) [Programming Logic];"Os **operadores aritméticos básicos** usados em algoritmos são responsáveis pela execução do processamento matemático e estão divididos nas seguintes operações:

| Operação       | Operador | Exemplo         |
|----------------|----------|-----------------|
| **Adição**     | `+`      | `a + b` (a mais b) |
| **Subtração**  | `-`      | `a - b` (a menos b) |
| **Multiplicação** | `*`   | `a * b` (a vezes b) |
| **Divisão**    | `/`      | `a / b` (a dividido por b) |

### Classificação dos Operadores

Os operadores aritméticos são classificados em **duas categorias**:

- **Binários**: quando utilizados em operações matemáticas de **radiciação, exponenciação, divisão, multiplicação, adição e subtração**.
- **Unários**: quando atuam na **inversão do estado de um valor numérico**, ou seja, passam um valor de positivo para negativo ou vice-versa.

### Ordem de Prioridade

A ordem de prioridade (precedência) das operações aritméticas, da **mais alta para a mais baixa**, é:

1. `++` / `--` (incremento/decremento)
2. Sinal negativo (operador unário)
3. `*` `/` `%` (multiplicação, divisão e módulo/resto da divisão)
4. `+` `-` (adição e subtração)

> **Observação importante:** Caso seja necessário alterar o nível de prioridade de um cálculo, a operação deve ser colocada **entre parênteses**. Na abordagem computacional, **não se utilizam chaves ou colchetes** normalmente empregados na área matemática.

Além disso, existem também os **operadores de atribuição** que facilitam a programação, como: `+=`, `-=`, `*=`, `/=` e `%=`. Por exemplo, `a += b` equivale a `a = a + b`.";5;10.946284;2236;536;2772;1.0;0.9108736168893135;0.94999999997625;1.0
Q018;Como a potenciação e a radiciação são representadas em pseudocódigo, já que os símbolos ^ e √ não são usados?;Em vez disso, usam-se palavras-chave: pot(x,y) representa x elevado a y, e rad(x) representa a raiz quadrada de x.;Lógica de programação (André Luiz Villar Forbellone) [Programming Logic];"De acordo com o material consultado, como os símbolos tradicionais `^` (potenciação) e `√` (radiciação) **não são usados** em pseudocódigo, essas operações são representadas por **palavras-chave** (funções), conforme a tabela abaixo:

| Operador | Função | Significado | Exemplo |
|-----------|------------|-------------------------------|------------|
| `pot(x,y)` | Potenciação | x elevado a y | `pot(2,3)` → resulta em 8 |
| `rad(x)` | Radiciação | Raiz quadrada de x | `rad(9)` → resulta em 3 |

### Resumo:

- **Potenciação:** Representada pela palavra-chave **`pot`**. Por exemplo, em vez de escrever `2³`, escreve-se `pot(2,3)`.
- **Radiciação:** Representada pela palavra-chave **`rad`**. Por exemplo, em vez de escrever `√9`, escreve-se `rad(9)`.

### Prioridade entre os operadores

Além disso, vale lembrar que na resolução de expressões aritméticas, as operações de **potenciação (`pot`)** e **radiciação (`rad`)** possuem **prioridade** sobre as demais operações, como mostra a tabela de precedência:

1. **Parênteses mais internos** (maior prioridade)
2. **`pot` e `rad`**
3. **`*` (multiplicação), `/` (divisão), `div` (quociente inteiro), `mod` (resto da divisão)**
4. **`+` (adição) e `-` (subtração)** (menor prioridade)

Em caso de operadores de **mesma prioridade**, resolve-se da **esquerda para a direita**. Para alterar a prioridade, utilizam-se parênteses.";5;5.037779;2617;517;3134;0.5294117647058824;0.8458745031665291;0.5833333333041666;1.0
Q019;Para que servem os operadores relacionais?;Servem para comparar dois valores de um mesmo tipo primitivo, sejam constantes, variáveis ou expressões aritméticas, permitindo construir entre eles relações como igualdade ou desigualdade.;Lógica de programação (André Luiz Villar Forbellone) [Programming Logic];"## Operadores Relacionais

Os **operadores relacionais** servem para **estabelecer condições**, ou seja, criar uma **relação lógica entre dois elementos**, comparando-os. O resultado de uma comparação relacional é **sempre um valor lógico**: **verdadeiro** ou **falso**.

### Tabela de Operadores Relacionais

| Operador | Função | Exemplos |
|----------|--------|----------|
| `=` | Igual a | 3 = 3, X = Y |
| `>` | Maior que | 5 > 4, X > Y |
| `<` | Menor que | 3 < 6, X < Y |
| `>=` | Maior ou igual a | 5 >= 3, X >= Y |
| `<=` | Menor ou igual a | 3 <= 5, X <= Y |
| `<>` | Diferente de | 8 <> 9, X <> Y |

### Como funcionam?

Ao avaliar uma relação, o resultado obtido é sempre **verdade** ou **falsidade**. Por exemplo, analisando a relação `A + B = C`, o resultado será **verdadeiro** se o valor da expressão aritmética `A + B` for igual ao conteúdo da variável `C`, e **falso** caso contrário.

### Aplicação

Os operadores relacionais são amplamente utilizados em **estruturas de decisão** (como `se...então...senão`) e em **laços de repetição** (como `enquanto...faça`), permitindo que o programa tome decisões com base na comparação entre valores. Eles podem operar com tipos numéricos, cadeias de caracteres e tipos de enumeração.";5;4.903544;2308;474;2782;0.625;0.8277712347199252;0.94999999997625;1.0
Q020;De que tipo é sempre o resultado de uma comparação feita com um operador relacional?;É sempre um valor lógico, verdadeiro ou falso, dependendo de a relação testada entre os dois valores comparados se verificar ou não.;Lógica de programação (André Luiz Villar Forbellone) [Programming Logic];"O resultado de uma comparação feita com um operador relacional é sempre do tipo **booleano (valor lógico)**, ou seja, **verdadeiro** ou **falso**.

Como destacado nos materiais consultados:

- No livro *Lógica de Programação* (André Luiz Villar Forbellone), afirma-se: **""O resultado obtido de uma relação é sempre um valor lógico""**, podendo ser verdade ou falsidade.
- Em *Conceitos de Linguagens de Programação* (Robert W. Sebesta), é dito que **""o valor de uma expressão relacional é booleano""**.
- Em *Algoritmos e Programação de Computadores* (Dilermando Junior e Gilberto Nakamiti), consta que **""o resultado da comparação ou relação é sempre verdadeiro ou falso""**.

Portanto, independentemente dos tipos dos operandos envolvidos (inteiros, reais, cadeias de caracteres, etc.), o resultado de uma operação relacional será sempre um valor lógico/booleano.";5;4.663003;2309;307;2616;0.6;0.9452631215852477;0.8666666666377778;1.0
Q021;Quais são os três operadores lógicos básicos e o que cada um faz?;"São o não, que inverte o valor de uma condição (negação); o e, que só resulta verdadeiro quando ambos os operandos são verdadeiros (conjunção); e o ou, que resulta verdadeiro quando pelo menos um dos operandos é verdadeiro (disjunção).";Lógica de programação (André Luiz Villar Forbellone) [Programming Logic];"Os **três operadores lógicos básicos** são:

| Operador | Função | Descrição |
|----------|--------|-----------|
| **não** | Negação | Inverte o valor lógico de uma proposição. Se a condição for verdadeira, o operador ""não"" a torna falsa, e vice-versa. É o único operador que atua sobre uma única condição. |
| **e** | Conjunção | Conecta duas ou mais condições, exigindo que **todas** sejam verdadeiras para que o resultado final seja verdadeiro. Se pelo menos uma for falsa, o resultado será falso. |
| **ou** | Disjunção (inclusiva) | Conecta duas ou mais condições, exigindo que **pelo menos uma** seja verdadeira para que o resultado final seja verdadeiro. O resultado só será falso se todas as condições forem falsas. |

### Exemplos práticos:
- **não:** ""não (5 > 3)"" → Falso (pois 5 > 3 é verdadeiro e a negação o inverte).
- **e:** ""(5 > 3) e (2 < 4)"" → Verdadeiro (ambas as condições são verdadeiras).
- **ou:** ""(5 > 3) ou (2 > 4)"" → Verdadeiro (a primeira condição é verdadeira, o que já basta).

Além desses três, existe também o operador **xou** (disjunção exclusiva), que retorna verdadeiro apenas quando **exatamente uma** das condições é verdadeira (exclusivamente uma, não as duas). Porém, os três operadores listados acima são considerados os **básicos** para a formação de proposições lógicas compostas.";5;5.659934;2488;489;2977;0.65;0.9414241184533824;0.99999999998;1.0
Q022;Em que situação o operador lógico 'e' entre duas condições resulta verdadeiro?;"Somente quando ambas as condições avaliadas são simultaneamente verdadeiras; se qualquer uma delas for falsa, o resultado do 'e' também será falso.";Lógica de programação (André Luiz Villar Forbellone) [Programming Logic];"De acordo com o material consultado, o operador lógico **""e""** (também conhecido como operador de **conjunção**) entre duas condições resulta **verdadeiro** **somente quando ambos os operandos (as duas condições) forem verdadeiros**.

Em outras palavras:

- **Condição 1** é verdadeira **E** **Condição 2** é verdadeira → Resultado **verdadeiro**
- Se **qualquer uma** das condições for falsa, o resultado será **falso**.

Isso pode ser ilustrado pelo **Diagrama de Venn**, onde apenas a **interseção** entre os dois conjuntos (as duas condições) representa o resultado verdadeiro. Ou seja, algo é verdadeiro para a parte do todo apenas quando é verdadeiro para o todo.

### Resumo prático:

| Condição 1 | Condição 2 | Resultado (C1 **e** C2) |
|:----------:|:----------:|:------------------------:|
| Verdadeiro | Verdadeiro | **Verdadeiro** |
| Verdadeiro | Falso       | Falso                    |
| Falso       | Verdadeiro | Falso                    |
| Falso       | Falso       | Falso                    |

Portanto, o operador lógico **""e""** só resulta em **verdadeiro** quando **ambas as condições são satisfeitas simultaneamente**.";5;4.862694;2412;358;2770;0.7142857142857143;0.8278094883923671;0.8333333332916666;1.0
Q023;O que o comando de atribuição faz em um algoritmo?;Fornece um valor a uma variável, armazenando nela o resultado de uma expressão ou uma constante, desde que o tipo desse valor seja compatível com o tipo declarado da variável.;Lógica de programação (André Luiz Villar Forbellone) [Programming Logic];"## O Comando de Atribuição em um Algoritmo

O **comando de atribuição** pode ser definido, de modo geral, como uma **ação a ser executada**. Ele serve para **armazenar um valor em um identificador** (variável).

### Sintaxe geral

A representação básica do comando é:

```
identificador = expressão
```

**Significado:** o resultado da expressão será **armazenado** no identificador (que é o nome de uma variável).

### Características importantes

- O **identificador** (nome de uma variável) deve sempre estar do **lado esquerdo** do sinal de igualdade.
- O sinal de igualdade (`=`) é utilizado para representar a **atribuição** do resultado da expressão para o identificador.
- A linha de comando normalmente termina com um **ponto-e-vírgula** (dependendo da linguagem).
- O valor atribuído pode ser o resultado de uma **expressão**, o valor de uma **variável** ou uma **constante**.

### Atenção: não é igualdade matemática!

Um ponto fundamental destacado no material é que o sinal de igualdade no comando de atribuição **não representa uma igualdade matemática**. Observe o exemplo:

```
A = A + 1;
```

Na álgebra, essa igualdade não faz sentido, pois não existe valor para `A` tal que somado 1 resulte nele mesmo. Porém, no contexto da programação, esse comando significa: **pegue o valor atual de A, some 1 a ele e armazene o resultado de volta em A**. Ou seja, é uma operação de atribuição, não uma equação matemática.

### Variações por linguagem

Dependendo da linguagem de programação, a sintaxe pode variar:

| Linguagem | Sintaxe |
|-----------|---------|
| **VisuAlg** | `identificador <- expressão` |
| **Pascal** | `identificador := expressão;` |
| **C / Java / PHP** | `identificador = expressão;` |

Em resumo, o comando de atribuição é responsável por **guardar/armazenar** um valor (resultado de uma expressão, constante ou conteúdo de outra variável) em uma variável, sendo um dos comandos fundamentais da **estrutura sequencial** dos algoritmos.";5;5.690737;2099;594;2693;0.8;0.8534998524729795;0.9999999999666667;0.0
Q024;O que deve existir do lado esquerdo do símbolo de atribuição?;Deve haver apenas um único identificador, ou seja, o nome de uma variável, pois é ali que será armazenado o valor calculado no lado direito da expressão.;Lógica de programação (André Luiz Villar Forbellone) [Programming Logic];"Do lado esquerdo do símbolo de atribuição deve existir **uma variável (identificador)**.

De acordo com os documentos consultados:

- O símbolo de atribuição é usado para indicar que o valor de uma expressão aritmética está sendo **transferido para a variável posicionada à esquerda** do símbolo de atribuição.
- O **identificador é uma variável** e **sempre aparecerá do lado esquerdo** da atribuição.

Ou seja, a estrutura de um comando de atribuição segue o padrão:

> **variável ← expressão**

onde a variável (identificador) fica à esquerda e recebe o resultado da expressão avaliada à direita do símbolo de atribuição.";5;4.173251;2140;371;2511;1.0;0.7171657060355555;0.32499999998375;1.0
Q025;O que caracteriza a estrutura sequencial de um algoritmo?;É quando o conjunto de ações do algoritmo é executado uma após a outra, em ordem linear de cima para baixo, seguindo exatamente a mesma ordem em que as ações foram escritas.;Lógica de programação (André Luiz Villar Forbellone) [Programming Logic];"A **estrutura sequencial** de um algoritmo é caracterizada pelo fato de que o conjunto de ações (comandos) é executado em uma **sequência linear**, ou seja, de **cima para baixo** e da **esquerda para a direita**, na ordem em que são escritas.

Principais características:

1. **Execução linear**: As instruções são executadas uma após a outra, sem desvios ou saltos. Cada comando é processado na ordem em que aparece no algoritmo.

2. **Ordem de execução fixa**: A primeira instrução é executada primeiro, a segunda em seguida, e assim sucessivamente, até que todas as instruções sejam concluídas.

3. **Etapas básicas**: A estrutura sequencial geralmente envolve três etapas fundamentais, baseadas no funcionamento de um computador:
   - **Entrada** de dados;
   - **Processamento** dos dados;
   - **Saída** dos resultados.

4. **Sem desvios ou repetições**: Diferente das estruturas de seleção (condicionais) e de repetição (loops), na estrutura sequencial não há tomada de decisão nem repetição de blocos de código. O fluxo de execução segue sempre em frente, do início ao fim.

Em resumo, a estrutura sequencial é a forma mais simples de controle de fluxo em um algoritmo, onde as ações são executadas **uma a uma, na ordem em que foram definidas**, garantindo uma execução previsível e linear.";5;5.918523;2402;414;2816;0.4827586206896552;0.8408430630867795;0.5833333333041666;1.0
Q026;Como as ações costumam ser separadas dentro da estrutura sequencial de um algoritmo?;"Por convenção, cada ação é separada da seguinte por um ponto e vírgula (;), sinalizando que, uma vez alcançada, o próximo comando da sequência deve ser executado.";Lógica de programação (André Luiz Villar Forbellone) [Programming Logic];"## Separação de Ações na Estrutura Sequencial de um Algoritmo

De acordo com o material consultado, dentro da **estrutura sequencial** de um algoritmo, as ações costumam ser separadas da seguinte forma:

### 1. Ponto e vírgula (`;`) como separador
Convenciona-se que as ações serão seguidas por um **ponto e vírgula (`;`)**, que tem como objetivo **separar uma ação da outra** e auxiliar na **organização sequencial das ações**. Após encontrar um ponto e vírgula, deve-se executar o **próximo comando da sequência**.

### 2. Ordem de execução
O conjunto de ações primitivas é executado em uma **sequência linear de cima para baixo e da esquerda para a direita**, ou seja, na **mesma ordem em que foram escritas** no algoritmo.

### 3. Estrutura geral do algoritmo
O algoritmo segue um **modelo básico** que identifica o bloco com **início** e **fim**, contendo:
- A **declaração de variáveis**;
- O **corpo do algoritmo**, onde as ações são organizadas sequencialmente.

---

### Exemplo ilustrativo:

```
algoritmo ""Exemplo""
var
   x, y: inteiro
inicio
   x <- 10;          // primeira ação
   y <- 20;          // segunda ação
   x <- x + y;       // terceira ação
   escreva(x);       // quarta ação
fim
```

Cada ação é executada uma após a outra, na ordem em que aparece, e o uso do `;` garante que uma ação seja distinguida da próxima, mantendo a organização e o fluxo de execução claro e previsível.";5;5.731592;2472;599;3071;1.0;0.8908107767578494;0.19999999998;1.0
Q027;Qual é a ordem de prioridade entre parênteses, operadores aritméticos, operadores relacionais e operadores lógicos em uma expressão?;Primeiro resolvem-se os parênteses mais internos, depois os operadores aritméticos, em seguida os operadores relacionais e, por fim, os operadores lógicos.;Lógica de programação (André Luiz Villar Forbellone) [Programming Logic];"A ordem de prioridade (precedência) entre parênteses, operadores aritméticos, operadores relacionais e operadores lógicos em uma expressão é a seguinte:

| Prioridade | Operadores |
|-----------|------------|
| 1ª | **Parênteses mais internos** |
| 2ª | **Operadores aritméticos** |
| 3ª | **Operadores relacionais** |
| 4ª | **Operadores lógicos** |

Ou seja, a resolução obedece a esta hierarquia:

1. **Parênteses** — as expressões dentro dos parênteses mais internos são resolvidas primeiro. Vários níveis de parênteses podem ser usados para alterar a ordem natural de execução.
2. **Operadores aritméticos** — como `*`, `/`, `div`, `mod` (maior prioridade) e `+`, `-` (menor prioridade).
3. **Operadores relacionais** — como `>`, `<`, `>=`, `<=`, `=`, `≠`.
4. **Operadores lógicos** — como `não` (maior prioridade), `e` (prioridade intermediária) e `ou` (menor prioridade).

### Detalhamento dentro de cada categoria:

**Operadores aritméticos:**
1. Parênteses mais internos
2. Potenciação (`pot`) e raiz (`rad`)
3. `*`, `/`, `div`, `mod`
4. `+`, `-`

**Operadores lógicos:**
1. `não`
2. `e`
3. `ou`

### Observação importante:
- Em caso de **empate** (operadores de mesma prioridade), a resolução é feita da **esquerda para a direita**.
- Essa convenção de precedência **não é comum a todas as linguagens de programação**, mas é amplamente adotada por ser considerada a mais didática.

Os parênteses, portanto, são a ferramenta principal para **alterar a prioridade natural** da tabela, forçando que determinadas operações sejam executadas antes de outras.";5;5.467295;2584;589;3173;0.5769230769230769;0.9187302716741591;0.99999999995;1.0
Q028;Entre os operadores lógicos não, e e ou, qual tem a maior prioridade na resolução de uma expressão?;"O operador não tem a maior prioridade, seguido pelo e e, por último, pelo ou; essa é a ordem em que são resolvidos quando aparecem juntos em uma mesma expressão lógica.";Lógica de programação (André Luiz Villar Forbellone) [Programming Logic];"Entre os operadores lógicos **não**, **e** e **ou**, o que possui a **maior prioridade** é o operador **.não.** (negação).

A tabela de precedência de operadores lógicos é a seguinte:

| Operador | Operação | Precedência |
|---------|----------|-------------|
| **.não.** | Negação | 1 (maior) |
| **.e.** | Conjunção | 2 |
| **.ou.** | Disjunção inclusiva | 3 (menor) |

Ou seja, em uma expressão lógica:

1. **Primeiro** resolve-se o operador **.não.** (maior nível de prioridade);
2. **Depois** resolve-se o operador **.e.** (nível médio de prioridade);
3. **Por último** resolve-se o operador **.ou.** (baixo nível de prioridade).

**Exemplo:** Na expressão `(A = B) .e. .não. (A > 5)`, primeiramente avalia-se `.não. (A > 5)` e, somente após obter esse resultado, avalia-se o restante da expressão com o operador `.e.`.

> ⚠️ **Atenção:** Essa ordem de precedência é a geral, mas pode variar em algumas linguagens de programação formais. É importante estar atento à documentação da linguagem utilizada para evitar resultados indesejados.";5;5.471902;2435;395;2830;0.9166666666666666;0.9379519547066432;0.99999999995;1.0
Q029;Quais são os tipos de dados numéricos usados em Python e qual é a diferença entre eles?;"Python trabalha com números inteiros (int), que não têm parte decimal, e números de ponto flutuante (float), que têm parte decimal; mesmo um valor como 1.0, com zero na casa decimal, já é considerado de ponto flutuante.";Introdução à programação com Python (Nilo Ney Coutinho Menezes) [Introduction to Programming with Python];"# Tipos de Dados Numéricos em Python

Em Python, existem **três tipos principais de dados numéricos**: **int** (inteiros), **float** (ponto flutuante) e **complex** (complexos). Veja as diferenças entre eles:

---

## 1. **`int` – Números Inteiros**
- Representam números **sem parte decimal**, podendo ser positivos, negativos ou nulos (zero).
- **Exemplos:** `1`, `0`, `-5`, `550`, `-47`, `30000`
- Uma característica importante do Python é que os inteiros possuem **precisão ilimitada**, ou seja, não há um limite fixo para o tamanho de um número inteiro. Você pode calcular valores enormes como `2 ** 1000000` (um número com mais de 300 mil dígitos) sem problemas de representação.

---

## 2. **`float` – Números de Ponto Flutuante (Decimais)**
- Representam números **com parte decimal**, ou seja, que pertencem ao conjunto dos números reais.
- **Exemplos:** `1.0`, `5.478`, `10.478`, `30000.4`
- Note que `1.0`, mesmo tendo zero na parte decimal, é considerado um número de ponto flutuante.
- Em Python, utilizamos o **ponto** (e não a vírgula) como separador entre a parte inteira e a fracionária — uma herança da língua inglesa.
- Diferente dos inteiros, os números de ponto flutuante **têm limite e problemas de representação**. Um número decimal é armazenado no formato: `sinal × mantissa × base^expoente`. Tanto a mantissa quanto o expoente têm um número máximo de dígitos, o que limita os valores representáveis. Por exemplo, em uma versão do Python, os limites aproximados são de `2.2250738585072014 × 10⁻³⁰⁸` até `1.7976931348623157 × 10³⁰⁸`.
- Além disso, podem ocorrer **problemas de precisão** devido à conversão entre decimal e binário. Por exemplo, `3 * 0.1` resulta em `0.30000000000000004` e não `0.3`. Isso afeta todas as linguagens de programação, não sendo específico do Python.

---

## 3. **`complex` – Números Complexos**
- Representam números compostos por uma **parte real e uma parte imaginária**.
- Valores complexos são representados como pares ordenados de valores de ponto flutuante.
- A parte imaginária é especificada com a letra **`j`** ou **`J`**.
- **Exemplo:** `(7 + 3j)` — onde `7` é a parte real e `3j` é a parte imaginária.
- Python inclui operações de aritmética para valores complexos, como soma, subtração, multiplicação, etc.

---

## Resumo Comparativo

| Tipo | Descrição | Exemplos | Precisão |
|---|---|---|---|
| **`int`** | Números inteiros (sem parte decimal) | `1`, `-5`, `0`, `30000` | Ilimitada |
| **`float`** | Números decimais (com parte fracionária) | `1.0`, `5.478`, `30000.4` | Limitada (padrão IEEE 754) |
| **`complex`** | Números com parte real e imaginária | `7 + 3j`, `2.5 - 4j` | Limitada (baseada em float) |

Esses três tipos formam a base para a manipulação de valores numéricos em Python, cada um com suas características e aplicações específicas.";5;8.787262;6726;984;7710;0.075;0.9004723955862196;0.9999999999;1.0
Q030;Como Python representa os valores lógicos (booleanos)?;Ele usa o tipo lógico, também chamado de booleano, escrevendo True para representar verdadeiro e False para representar falso, sempre com a primeira letra maiúscula.;Introdução à programação com Python (Nilo Ney Coutinho Menezes) [Introduction to Programming with Python];"## Representação de Valores Lógicos (Booleanos) em Python

Em Python, os valores lógicos — também chamados de **booleanos** — são representados por duas palavras-chave especiais:

- **`True`** → representa **verdadeiro**
- **`False`** → representa **falso**

### Atenção à sintaxe
É importante observar que **o `T` de True e o `F` de False devem ser escritos com letras maiúsculas**. O restante das letras é minúsculo.

### Exemplo de uso

```python
resultado = True
aprovado = False
```

### Onde surgem os valores booleanos?
O resultado de **comparações** (usando operadores relacionais) é sempre um valor lógico. Por exemplo:

| Operador | Operação | Símbolo matemático |
|----------|----------|-------------------|
| `==` | igualdade | = |
| `>` | maior que | > |
| `<` | menor que | < |
| `!=` | diferente | ≠ |
| `>=` | maior ou igual | ≥ |
| `<=` | menor ou igual | ≤ |

Assim, ao avaliar uma expressão como `5 > 3`, o resultado será `True`.

### Operadores lógicos
Para agrupar operações com lógica booleana, Python suporta três operadores básicos:

| Operador Python | Operação |
|-----------------|----------|
| `not` | não (negação) |
| `and` | e (conjunção) |
| `or` | ou (disjunção) |

- O **`not`** é um operador **unário** (precisa de apenas um operando) e inverte o valor lógico.
- O **`and`** e o **`or`** são operadores **binários** (precisam de dois operandos).

### Precedência de operadores lógicos
Quando uma expressão contém mais de um operador lógico, a ordem de avaliação é:

1. **`not`** (avaliado primeiro)
2. **`and`**
3. **`or`** (avaliado por último)

Esses conceitos são fundamentais para o controle de fluxo em programas, como em estruturas condicionais (`if`, `else`, `elif`) e laços de repetição (`while`).";5;5.502129;2370;563;2933;0.7727272727272727;0.9465901946690151;0.7555555555303703;1.0
Q031;Como funciona a estrutura condicional simples (se-então) e quando o comando associado a ela é de fato executado?;"Na estrutura condicional simples, um comando (ou bloco de comandos) só é executado quando a condição testada é verdadeira; se a condição for falsa, a estrutura termina sem executar nada. Quando mais de um comando depende da condição, esse conjunto deve ser delimitado por marcadores de início/fim de bloco (como início/fim), o que não é necessário quando há apenas um comando.";Lógica de programação (André Luiz Villar Forbellone) [Programming Logic];"## Estrutura Condicional Simples (Se-Então)

A **estrutura condicional simples** é um mecanismo fundamental na lógica de programação que permite que um programa tome decisões com base em uma **condição**. Sua sintaxe básica é:

```
SE condição
ENTÃO comando
```

ou, quando há mais de um comando:

```
SE condição ENTÃO
     INÍCIO
          comando1
          comando2
          comando3
     FIM
```

### Como funciona?

1. **Avaliação da condição:** A condição é uma **comparação** que pode resultar em apenas dois valores possíveis: **verdadeiro** ou **falso**.

2. **Execução do comando:**
   - O comando (ou sequência de comandos) associado ao `ENTÃO` **só será executado se a condição for verdadeira**.
   - Se a condição for **falsa**, o programa simplesmente **ignora** os comandos do bloco condicional e segue para a próxima instrução após a estrutura.

### Exemplo prático

```
SE (idade >= 18)
ENTÃO escreva(""Você é maior de idade"")
```

Neste exemplo, a mensagem só será exibida se a variável `idade` for maior ou igual a 18. Caso contrário, o programa pula essa instrução.

### Detalhes importantes

- As palavras-chave `se`, `então` e `fimse` (ou equivalentes em outras linguagens, como `IF`, `THEN`, `END` em Pascal) fazem parte da estrutura do comando condicional.
- Quando há **dois ou mais comandos** a serem executados, é necessário delimitar o bloco com marcadores como `INÍCIO` e `FIM` (ou `{ }` em C/C++ e Java).
- A **indentação** é uma prática recomendada e importante para tornar claro quais instruções estão subordinadas ao bloco condicional, especialmente em linguagens como português estruturado.

Em resumo, a estrutura condicional simples **só executa os comandos associados quando a condição avaliada for verdadeira**; do contrário, o fluxo do programa segue adiante sem executá-los.";5;5.456398;2366;563;2929;0.631578947368421;0.7633196565169923;0.5888888888692593;1.0
Q032;Qual é a diferença entre a estrutura condicional simples e a composta?;"Na estrutura simples há apenas um desvio (então), que executa uma ação somente quando a condição é verdadeira, não fazendo nada se ela for falsa. Na estrutura composta há dois desvios, então e senão: se a condição for verdadeira, o bloco do então é executado; se for falsa, o bloco do senão é executado, garantindo que alguma ação seja sempre tomada.";Fundamentos da programação de computadores (Ana Fernanda Gomes Ascencio et al.) [Fundamentals of Computer Programming];"## Diferença entre Estrutura Condicional Simples e Composta

A principal diferença entre as duas estruturas condicionais está na quantidade de caminhos que o programa pode seguir após a avaliação de uma condição lógica:

---

### 1. Estrutura Condicional Simples

A estrutura condicional **simples** avalia uma condição e, **somente se ela for verdadeira**, executa um bloco de comandos. Se a condição for falsa, o programa simplesmente ignora esse bloco e segue para o próximo comando, sem executar nada alternativo.

**Sintaxe (em VisuAlg):**
```
se <condição> entao
     <sequência-de-comandos>
fimse
```

**Exemplo em C:**
```c
if (x >= 0)
    printf(""x e positivo"");
```

> Neste exemplo, a mensagem só será exibida se `x` for maior ou igual a zero. Caso contrário, nada acontece e o programa continua.

---

### 2. Estrutura Condicional Composta

A estrutura condicional **composta** avalia uma condição e oferece **dois caminhos distintos**: um para quando a condição é **verdadeira** e outro para quando é **falsa**. Isso é feito por meio da palavra-chave **`else` (senão)**.

**Sintaxe (em VisuAlg):**
```
se <condição> entao
     <sequência-de-comandos-1>
senao
     <sequência-de-comandos-2>
fimse
```

**Exemplo em C:**
```c
if (condição)
    comando1;
else
    comando2;
```

> Se a condição for **verdadeira**, o `comando1` é executado. Se for **falsa**, o `comando2` é executado. Somente após a execução de um dos comandos é que o controle passa para o próximo comando do programa.

---

### Resumo das Diferenças

| Característica | Condicional Simples | Condicional Composta |
|---|---|---|
| **Ação quando a condição é verdadeira** | Executa um bloco de comandos | Executa um bloco de comandos |
| **Ação quando a condição é falsa** | Não executa nada (ignora o bloco) | Executa um bloco alternativo (`else`/`senao`) |
| **Palavra-chave adicional** | Não possui | Possui `else` (senão) |
| **Número de caminhos** | 1 caminho (apenas para condição verdadeira) | 2 caminhos (um para verdadeiro e outro para falso) |

Em resumo, a condicional **simples** prevê apenas o que fazer quando a condição é satisfeita, enquanto a **composta** prevê também o que fazer quando a condição **não** é satisfeita.";5;6.143262;2376;704;3080;1.0;0.972487271896906;0.6388888888675925;1.0
Q033;Em uma seleção composta, o que acontece se o resultado da condição for falso?;Quando o resultado da condição avaliada é falso, o algoritmo desvia para o bloco associado à cláusula senão, executando a sequência de comandos (ou a ação única) prevista para esse caso, em vez do bloco associado ao então, que só é executado quando a condição é verdadeira.;Lógica de programação (André Luiz Villar Forbellone) [Programming Logic];"Em uma **seleção composta**, quando o resultado da condição (expressão lógica) for **falso**, as instruções que estão após a cláusula **senão** são executadas.

A estrutura de uma seleção composta é a seguinte:

```
se <condição> então
    [instruções executadas se a condição for verdadeira]
senão
    [instruções executadas se a condição for falsa]
fimse
```

Ou seja, conforme os materiais consultados:

- **Se a condição for verdadeira:** executa-se o bloco de instruções subordinado à cláusula **então** (bloco verdade).
- **Se a condição for falsa:** executa-se o bloco de instruções subordinado à cláusula **senão** (bloco falsidade).

Após a execução de um dos blocos (verdadeiro ou falso), o fluxo do programa continua com as instruções que vêm após o comando **fimse**.

A seleção é chamada de **composta** justamente porque contém tanto a cláusula **então** quanto a cláusula **senão**, garantindo que haja uma ação a ser executada independentemente de a condição ser verdadeira ou falsa.";5;8.636679;11751;422;12173;0.8333333333333334;0.9410728394484558;0.4777777777618519;1.0
Q034;O que caracteriza uma estrutura condicional encadeada (senão-se) e por que ela é chamada de heterogênea quando não há um padrão de construção identificável?;Uma estrutura encadeada surge quando várias seleções são agrupadas em sequência, geralmente porque uma ação só deve ocorrer se um amplo conjunto de possibilidades ou combinações de condições for satisfeito, testando uma nova condição dentro da cláusula senão da anterior. Quando essas seleções encadeadas não seguem um padrão lógico de construção identificável, a estrutura é chamada de estrutura encadeada heterogênea.;Lógica de programação (André Luiz Villar Forbellone) [Programming Logic];"## Estrutura Condicional Encadeada (Senão-Se) e a Caracterização Heterogênea

### O que caracteriza uma estrutura condicional encadeada?

Uma **estrutura condicional encadeada** ocorre quando colocamos uma estrutura de seleção (condicional) dentro de outra, ou seja, um comando condicional é aninhado dentro de outro condicional. Isso acontece quando a resposta de uma condição gera outra condição que precisa ser avaliada.

Um exemplo clássico, retirado do material consultado, ilustra bem o conceito:

> *Se chover, eu vou à escola de ônibus; **senão, se** a escola for perto, vou caminhando; **senão** (se for longe) vou de bicicleta.*

A estrutura pode ser:
- **Simples**: contém apenas a cláusula `então`.
- **Composta**: contém `então` e `senão`.
- **Encadeada**: pode ser **homogênea** ou **heterogênea**.

### Por que é chamada de heterogênea?

Segundo o livro *Lógica de Programação* (André Luiz Villar Forbellone), quando encadeamos várias seleções, as diferentes possibilidades de construção tendem a um número muito elevado de combinações. O texto define:

> *""Quando não conseguimos identificar um padrão lógico de construção em uma estrutura de seleção encadeada, dizemos que ela é uma estrutura de seleção encadeada heterogênea.""*

Ou seja, a denominação **heterogênea** vem exatamente da **ausência de um padrão identificável** na construção da estrutura. Nas estruturas **homogêneas**, há um padrão lógico claro e repetitivo (por exemplo, todos os blocos `senão` contêm sempre um novo `se... então... senão`), o que permite até convertê-las em uma estrutura de **múltipla escolha** (seleção de casos). Já nas **heterogêneas**, a combinação de seleções simples, compostas e encadeadas se dá de forma irregular, sem um modelo que se repita, tornando a estrutura única e dependente do problema específico.

### Exemplo de estrutura heterogênea

```
se <condição 1>
    então
        se <condição 2>
            então
            início // bloco verdade 1
                C1;
                ...
                Cn;
            fim; // bloco verdade 1
        senão
            ...
        fimse;
    senão
        ...
    fimse;
senão
    ...
fimse;
```

Note que, nesse exemplo, os blocos não seguem um padrão uniforme — há mistura de seleções simples e compostas em diferentes níveis do encadeamento, sem um modelo repetitivo. Isso é o que caracteriza a estrutura como **heterogênea**.

### Resumo

| Característica | Homogênea | Heterogênea |
|---|---|---|
| **Padrão de construção** | Identificável e repetitivo | Não identificável |
| **Conversão em seleção de casos** | Possível | Não aplicável |
| **Complexidade** | Mais previsível | Depende do problema |

A estrutura heterogênea reflete a complexidade e a variedade dos problemas do mundo real, onde nem sempre as decisões seguem um padrão lógico uniforme.";5;7.928991;4458;878;5336;0.4230769230769231;0.8933771624145352;0.9999999999;0.5
Q035;Como um algoritmo pode usar comandos condicionais aninhados (um se dentro de outro) para refinar uma decisão já tomada, como na classificação da nota de aprovação de um aluno em faixas?;"Um comando condicional aninhado é um se colocado dentro do bloco verdadeiro (ou falso) de outro se, permitindo que uma segunda decisão seja avaliada somente depois de a primeira condição já ter sido confirmada. No exemplo da média de um aluno, verifica-se primeiro se o aluno foi aprovado (média maior ou igual a 5); só então, dentro desse bloco, novos comandos verificam a faixa exata da média para escrever se a aprovação foi com louvor, mérito ou distinção, e cada se aninhado precisa de seu próprio marcador de fechamento correspondente.";Algoritmos e Programação de Computadores (Dilermando Junior, Gilberto Nakamiti) [Algorithms and Computer Programming];"## Comandos Condicionais Aninhados: Refinando Decisões

A ideia de **aninhar comandos condicionais** (um `se` dentro de outro) surge quando um problema exige decisões mais complexas do que uma simples escolha entre duas alternativas. Em vez de tomar apenas uma decisão binária, o algoritmo pode **refinar uma decisão já tomada**, detalhando-a em subfaixas ou subcategorias.

### Exemplo Clássico: Classificação da Nota de um Aluno

Imagine que, em um primeiro momento, o algoritmo já decide se o aluno foi **aprovado** ou **reprovado** com base na média (por exemplo, média ≥ 5). Até aqui, é uma estrutura condicional simples:

```
se média >= 5 então
    escreva ""Aluno APROVADO""
senão
    escreva ""Aluno REPROVADO""
fim_se
```

Porém, o problema pode pedir **mais detalhes** sobre o desempenho do aluno aprovado. É aqui que entra o **comando condicional aninhado**: dentro do bloco em que o aluno já foi classificado como aprovado, inserimos **novos testes** para refinar essa classificação em faixas:

```
se média >= 5 então
    se média == 10 então
        escreva ""APROVADO com LOUVOR""
    senão
        se média > 8 então
            escreva ""APROVADO com MÉRITO""
        senão
            se média >= 7 então
                escreva ""APROVADO com DISTINÇÃO""
            senão
                escreva ""APROVADO""
            fim_se
        fim_se
    fim_se
senão
    escreva ""Aluno REPROVADO""
fim_se
```

### Como Funciona o Refinamento

1. **Primeira decisão (externa):** O algoritmo verifica se a média é ≥ 5. Se sim, o aluno está aprovado.
2. **Decisões aninhadas (internas):** Dentro do bloco ""aprovado"", novos testes são feitos **sequencialmente** para determinar em qual **faixa** de aprovação o aluno se encontra:
   - Média = 10 → **LOUVOR**
   - Média > 8 (e < 10) → **MÉRITO**
   - Média ≥ 7 (e ≤ 8) → **DISTINÇÃO**
   - Média entre 5 e 7 → **APROVADO** (sem complemento)
3. Se a primeira condição for falsa (média < 5), o aluno é **REPROVADO** e nenhuma das condições aninhadas é avaliada.

### Por Que Usar Aninhamento?

- **Refinamento progressivo:** Cada `se` interno só é avaliado se o `se` externo já confirmou uma condição anterior. Isso evita testar, por exemplo, se a média é 10 para um aluno reprovado.
- **Legibilidade:** A estrutura hierárquica deixa claro que as subfaixas pertencem a uma categoria maior (neste caso, ""aprovado"").
- **Eficiência:** Reduz o número de comparações desnecessárias, pois condições internas são avaliadas apenas quando a condição externa já foi satisfeita.

### Observação

Em alguns casos, comandos condicionais aninhados podem ser substituídos por um comando de **seleção de casos** (como `escolha/caso`), que testa a igualdade entre uma lista de opções. Porém, quando as condições envolvem **faixas de valores** (intervalos), o aninhamento de `se...senão` costuma ser a abordagem mais natural e expressiva.";5;8.317596;2475;980;3455;0.8333333333333334;0.5474493137954682;0.7499999999625;0.5
Q036;Como a estrutura de repetição com pré-teste (enquanto) controla quantas vezes um trecho do algoritmo será executado?;A estrutura enquanto verifica a condição antes de cada execução do bloco de comandos, repetindo-o somente enquanto essa condição permanecer verdadeira. Por causa disso, se a condição já for falsa na primeira verificação, o bloco pode não ser executado nenhuma vez, o que é a principal característica desse tipo de repetição.;Lógica de programação (André Luiz Villar Forbellone) [Programming Logic];"## Estrutura de Repetição com Pré-Teste (`enquanto`)

A estrutura de repetição com pré-teste, conhecida como **`enquanto`** (equivalente ao `while` em muitas linguagens de programação), controla a quantidade de vezes que um trecho do algoritmo será executado da seguinte maneira:

### Funcionamento

1. **Avaliação da condição antes da execução:** A condição é verificada **no início**, ou seja, **antes** de cada execução do bloco de comandos. O trecho só será executado se a condição for **verdadeira**.

2. **Repetição enquanto a condição for verdadeira:** Enquanto a condição permanecer verdadeira, o bloco de comandos é repetido. A cada nova iteração, a condição é reavaliada.

3. **Saída do laço:** No momento em que a condição se torna **falsa**, a execução do bloco é interrompida e o fluxo do programa passa para a primeira instrução **após** o comando `fimenquanto`.

### Sintaxe genérica

```
enquanto <condição> faça
    C1;
    C2;
    ...
    Cn;
fimenquanto;
```

### Característica importante

Por ter a condição no **início**, o laço `enquanto` **pode não ser executado nenhuma vez**. Se a condição já for falsa na primeira verificação, o bloco de comandos será ignorado e o programa seguirá para a próxima instrução após o `fimenquanto`.

### Diferença em relação a outras estruturas

| Estrutura | Teste | Execução mínima |
|---|---|---|
| **enquanto** (pré-teste) | No início | Pode não executar nenhuma vez |
| **repita** (pós-teste) | No final | Executa pelo menos uma vez |
| **para** (variável de controle) | Início, com número determinado | Número finito e conhecido de iterações |

### Exemplo prático

```
X ← 0
enquanto (X < 5) faça
    escreva(""Valor de X = "", X)
    X ← X + 1
fimenquanto
```

Neste exemplo:
- A condição `X < 5` é verificada antes de cada execução.
- O bloco é executado 5 vezes (para X = 0, 1, 2, 3 e 4).
- Quando X passa a valer 5, a condição se torna falsa e o laço é encerrado.

Em resumo, a estrutura `enquanto` controla a repetição **avaliando a condição antes de cada execução**, garantindo que o bloco seja repetido apenas enquanto a condição permanecer verdadeira, e permitindo inclusive que o bloco não seja executado nenhuma vez, caso a condição já seja falsa desde o início.";5;8.889903;6224;799;7023;0.7857142857142857;0.8434497446938517;0.7555555555303703;1.0
Q037;Em uma estrutura enquanto, o que é preciso fazer para controlar o número de repetições, já que essa estrutura não oferece esse recurso por si só?;Como a estrutura enquanto, sozinha, não sabe quantas vezes já repetiu, é necessário criar um contador: uma variável com um valor inicial definido, que é incrementada a cada repetição, e usar essa variável na condição de parada do laço, por exemplo repetindo enquanto o contador for menor que o número desejado de execuções.;Lógica de programação (André Luiz Villar Forbellone) [Programming Logic];"Com base no material consultado, a estrutura **enquanto** é uma estrutura de repetição com **teste no início**, o que significa que ela verifica uma condição antes de cada execução do bloco de comandos. Ao contrário da estrutura **para**, que possui uma variável de controle embutida que determina automaticamente o número de iterações (com valor inicial, valor final e passo), a estrutura **enquanto** não oferece esse recurso por si só.

Para controlar o número de repetições na estrutura **enquanto**, é necessário o uso de uma **variável contadora** (ou variável de controle), seguindo três passos fundamentais:

1. **Inicialização:** A variável contadora deve ser inicializada **antes** do início da estrutura `enquanto`, atribuindo-lhe um valor inicial.
2. **Condição:** A condição do `enquanto` deve utilizar essa variável contadora como parte da expressão lógica, de modo que o laço continue executando enquanto a condição for verdadeira (ex.: `enquanto (J <= A) faça`).
3. **Incremento/Decremento:** Dentro do bloco de comandos do `enquanto`, a variável contadora deve ser **alterada** (incrementada ou decrementada) a cada iteração (ex.: `J ← J + 1`), para que em algum momento a condição se torne falsa e o laço seja encerrado.

### Exemplo prático:

```
J ← 1;                     // 1. Inicialização da variável contadora
enquanto (J <= 10) faça    // 2. Condição utilizando o contador
    escreva(J);
    J ← J + 1;             // 3. Incremento do contador
fimenquanto;
```

Sem a **inicialização**, a condição não faria sentido; sem o **incremento/decremento**, o laço poderia entrar em **repetição infinita**, pois a condição nunca se tornaria falsa. Dessa forma, o programador assume manualmente a responsabilidade de gerenciar o número de repetições ao usar a estrutura `enquanto`.";5;11.325521;13528;765;14293;0.18181818181818182;0.8549526212555177;0.0;0.0
Q038;Como funciona a estrutura de repetição para (com variável de controle) e o que a diferencia das outras estruturas de repetição?;A estrutura para repete um bloco de comandos um número predeterminado de vezes, usando uma variável de controle que recebe um valor inicial, é comparada a um valor final e é incrementada por um passo definido a cada execução. Diferentemente do enquanto e do repita, ela não depende de uma condição lógica avaliada a cada passagem, mas sim de limites fixos estabelecidos antes de o laço começar.;Lógica de programação (André Luiz Villar Forbellone) [Programming Logic];"## Estrutura de Repetição `para` (com variável de controle)

### Como funciona

A estrutura **`para`** é uma estrutura de repetição que utiliza uma **variável de controle** para gerenciar o número de vezes que um bloco de comandos será executado. A sua sintaxe geral envolve os seguintes elementos:

- **variável de controle**: deve ser do tipo inteiro e é responsável por contar as iterações;
- **valor-inicial**: é o valor de início da variável de controle, atribuído **uma única vez** antes da primeira repetição;
- **valor-limite (valor final)**: é o valor de parada — a repetição ocorre até que a variável de controle atinja esse valor;
- **incremento (passo)**: é o valor que a variável de controle deve ""caminhar"" a cada iteração para atingir o valor limite. É opcional e, quando omitido, assume o valor padrão de 1.

A sintaxe genérica (em pseudocódigo) é:

```
para variável de valor-inicial até valor-limite [passo incremento] faça
    comandos
fimpara
```

**Exemplo** (tabuada do número 5):

```
para CON de 1 até 10 faça
    escreva(CON, "" x 5 = "", CON * 5)
fimpara
```

Nesse exemplo, a variável `CON` começa em 1, é incrementada automaticamente a cada iteração, e o laço se repete até que `CON` atinja 10. O resultado são 10 iterações determinadas e conhecidas previamente.

---

### O que a diferencia das outras estruturas de repetição?

Existem três principais estruturas de repetição, cada uma com características distintas:

| Característica | **Enquanto** | **Repita** | **Para** |
|---|---|---|---|
| **Teste da condição** | No **início** | No **final** | **Não tem** condição lógica explícita |
| **Quantidade de execuções** | 0 ou muitas | Mínimo de 1 | `((vf - vi) div p) + 1` (finita e determinada) |
| **Condição de existência** | Condição verdadeira | Condição falsa (para de repetir) | `vi ≤ vf` (valor inicial ≤ valor final) |
| **Tipo de laço** | Condicional | Condicional | **Incondicional** (com número determinado de iterações) |

#### Diferenças principais:

1. **Número de iterações conhecido previamente**: No `para`, é **necessário** saber de antemão o número de iterações, pois é preciso conhecer o valor inicial, o valor final e o incremento da variável de controle. Já no `enquanto` e no `repita`, o número de iterações pode ser indeterminado e depender de uma condição avaliada em tempo de execução.

2. **Sem condição lógica explícita**: Ao contrário do `enquanto` (que testa uma condição no início) e do `repita` (que testa no final), o `para` não possui uma condição lógica visível — o controle é feito automaticamente pela variável de controle, que percorre do valor inicial até o valor final com o incremento definido.

3. **Execução mínima**: 
   - **`enquanto`**: pode não executar nenhuma vez (se a condição já for falsa no início);
   - **`repita`**: executa **pelo menos uma vez**, pois a condição só é verificada no final;
   - **`para`**: executa um número **exato e determinado** de vezes, calculado pela fórmula `((valor_final - valor_inicial) div passo) + 1`.

4. **Classificação**: O `para` é classificado como um **laço incondicional**, pois o número de repetições é fixo e determinado, enquanto o `enquanto` e o `repita` são **laços condicionais**, pois dependem da avaliação de uma condição em cada iteração.

### Quando usar cada um?

- Use **`para`** quando se conhece previamente o número de repetições (ex.: percorrer um vetor de tamanho conhecido, imprimir uma tabuada de 1 a 10, etc.).
- Use **`enquanto`** quando o número de repetições é indefinido e pode ser zero (ex.: ler dados até o usuário digitar um valor de saída).
- Use **`repita`** quando o bloco deve ser executado **pelo menos uma vez** antes de verificar a condição de parada (ex.: exibir um menu e processar a escolha do usuário).";5;9.248219;4529;1206;5735;0.5;0.8732211985146184;0.8666666666377778;1.0
Q039;O que diferencia a estrutura repita...até das outras estruturas de repetição quanto ao momento em que a condição é testada?;Na estrutura repita, o bloco de comandos é executado primeiro e a condição só é avaliada depois, ao final de cada repetição, continuando o laço até que essa condição se torne verdadeira. Por causa disso, o bloco de comandos é sempre executado pelo menos uma vez, mesmo que a condição já fosse verdadeira antes da primeira execução, o que não acontece na estrutura enquanto.;Lógica de programação (André Luiz Villar Forbellone) [Programming Logic];"A principal diferença da estrutura **repita...até** em relação às outras estruturas de repetição está no **momento em que a condição é testada**: ela realiza o **teste no final** (teste no final).

Aqui está o que a diferencia:

1. **Teste no final:** Na estrutura `repita...até`, a condição de parada é avaliada **após** a execução do bloco de comandos. Isso significa que o laço é **executado pelo menos uma vez**, independentemente de a condição ser verdadeira ou falsa desde o início.

2. **Comparação com outras estruturas:**
   - **`enquanto` (while):** O teste é feito **no início**, antes da execução do bloco. Assim, se a condição já for falsa na primeira verificação, o laço **não será executado nenhuma vez**.
   - **`para` (for):** É uma repetição com **variável de controle**, na qual o número de iterações é **finito e determinado** previamente. É necessário conhecer o valor inicial e o valor final da variável de controle.

### Resumo:

| Estrutura | Momento do Teste | Execução Mínima |
|-----------|-------------------|-----------------|
| **enquanto** | No início | Pode não executar nenhuma vez |
| **repita...até** | No final | Executa **pelo menos uma vez** |
| **para** | Pré-determinado | Executa um número fixo de vezes |

Portanto, o diferencial do `repita...até` é garantir que o bloco de comandos seja executado **no mínimo uma vez**, pois a condição de parada só é verificada depois que os comandos já foram processados. Além disso, a repetição continua **até que a condição se torne verdadeira** (diferente do `enquanto`, que repete **enquanto** a condição for verdadeira).";5;7.988103;2406;547;2953;0.8947368421052632;0.8277731142563002;0.99999999995;1.0
Q040;Quando uma estrutura enquanto é substituída por uma estrutura repita para resolver o mesmo problema, o que precisa mudar na condição usada?;Ao substituir um enquanto por um repita mantendo a mesma lógica, a condição usada no repita deve ser a negação da condição que era usada no enquanto, já que o enquanto continua repetindo enquanto a condição é verdadeira e o repita continua repetindo até que a condição se torne verdadeira (ou seja, ele para quando a condição original seria falsa).;Lógica de programação (André Luiz Villar Forbellone) [Programming Logic];"Quando uma estrutura **enquanto** é substituída por uma estrutura **repita-até**, a condição precisa ser **negada (invertida)**. Isso ocorre porque as duas estruturas funcionam de forma oposta em relação à condição:

- **Enquanto**: o bloco de comandos é executado **enquanto** a condição for **verdadeira**. Ou seja, a repetição continua enquanto a condição permanecer verdadeira.
- **Repita-até**: o bloco de comandos é executado **até que** a condição se torne **verdadeira**. Ou seja, a repetição continua enquanto a condição for **falsa**.

Portanto, a estrutura **repita** possui uma condição **contrária** à do comando **enquanto**. 

Por exemplo:
- Se na estrutura **enquanto** a condição é `X < 10`, a estrutura equivalente em **repita-até** seria `até X >= 10` (a negação lógica de `X < 10`).

Além dessa inversão da condição, é importante lembrar outra diferença fundamental entre as duas estruturas:
- A estrutura **enquanto** faz o **teste no início** (antes de executar o bloco), portanto, se a condição for falsa logo de início, o bloco **não será executado nenhuma vez**.
- A estrutura **repita-até** faz o **teste no final** (após executar o bloco), portanto, o bloco será executado **pelo menos uma vez**, independentemente da condição.

Isso significa que a simples inversão da condição pode não ser suficiente em todos os casos — é necessário também verificar se faz sentido que o bloco seja executado pelo menos uma vez naquele problema específico.";5;6.736466;2211;685;2896;0.4375;0.825786723557246;0.249999999975;0.0
Q041;Em uma estrutura de repetição, o que é um contador e para que ele serve dentro do laço?;Um contador é uma variável inicializada com um valor de partida (normalmente zero) que é incrementada por uma quantia fixa, normalmente 1, a cada repetição do laço. Ele serve para contar quantas vezes o bloco de comandos já foi executado, permitindo, por exemplo, controlar quando a repetição deve parar.;Lógica de programação (André Luiz Villar Forbellone) [Programming Logic];"## Contador em uma Estrutura de Repetição

### O que é um contador?

Um **contador** é uma variável utilizada dentro de uma estrutura de repetição (laço) para **contar quantas vezes um determinado evento ou condição ocorre** durante a execução do laço. Em geral, o contador é uma variável numérica que é **inicializada** com um valor (geralmente zero) e, a cada iteração em que uma condição desejada é satisfeita, ele é **incrementado** (ou decrementado) em uma unidade.

### Para que ele serve?

O contador serve para:

1. **Contar a quantidade de ocorrências de um evento** dentro do laço — por exemplo, quantos números digitados pelo usuário são maiores que um determinado valor.
2. **Controlar a repetição** — em muitos laços (como o `for`), há uma variável de controle chamada *variável de laço* (também chamada de contador de laço) que mantém o valor da contagem e define quantas vezes o laço deve repetir. Essa variável possui um valor inicial, um valor final e, às vezes, um **tamanho de passo** (o incremento entre valores consecutivos), sendo esses os chamados **parâmetros do laço**.
3. **Acumular informações** ao longo das repetições, permitindo saber ao final do laço um total ou uma quantidade.

### Exemplo prático

Conforme apresentado no material de referência:

```
CONT ← 0            // inicialização do contador com zero
PARA I ← 1 ATÉ 5 FAÇA
INÍCIO
    ESCREVA ""Digite um número: ""
    LEIA NUM
    SE (NUM > 5) ENTÃO
        CONT ← CONT + 1   // incrementa o contador em 1 unidade
FIM
ESCREVA ""Quantidade de números maiores que 5 = "", CONT
```

Nesse exemplo:
- **`CONT`** é o contador. Ele começa em zero e é incrementado em 1 toda vez que o número digitado é maior que 5.
- Ao final do laço, `CONT` conterá **quantos números**, entre os 5 digitados, eram maiores que 5.

### Diferença importante: Contador vs. Variável de Laço

| Conceito | Descrição |
|---|---|
| **Variável de laço** (ex.: `I` no `PARA I ← 1 ATÉ 5`) | Controla **quantas vezes** o laço se repete, possuindo valor inicial, valor final e passo. |
| **Contador** (ex.: `CONT`) | Conta **quantas vezes um evento específico** aconteceu dentro do laço, sendo incrementado condicionalmente. |

### Boas práticas
- **Sempre inicialize** o contador antes de iniciar o laço (geralmente com zero).
- **Incremente** o contador dentro do laço, na lógica condicional apropriada.
- Utilize nomes significativos para facilitar a leitura do algoritmo.

Em resumo, o contador é uma ferramenta fundamental em estruturas de repetição para **quantificar eventos** durante as iterações, permitindo que o programa tome decisões ou apresente resultados baseados em quantas vezes algo ocorreu.";5;6.605202;2590;816;3406;0.2222222222222222;0.6613149862796167;0.8333333332916666;1.0
Q042;Qual é a diferença entre um contador e um acumulador usados dentro de estruturas de repetição?;Um contador sempre soma um valor constante (normalmente 1) a cada repetição, servindo para contar quantas vezes o laço foi executado. Um acumulador, por outro lado, soma um valor que pode variar (como uma nota lida do usuário) a cada repetição, acumulando um total desses valores diferentes ao longo das iterações, que depois é usado, por exemplo, para calcular uma média.;Lógica de programação (André Luiz Villar Forbellone) [Programming Logic];"## Diferença entre Contador e Acumulador em Estruturas de Repetição

Tanto o **contador** quanto o **acumulador** são instruções (variáveis) comumente usadas dentro de estruturas de repetição, mas possuem finalidades e comportamentos distintos:

---

### 📌 Contador
- **Finalidade:** Serve para **contar** quantas vezes um determinado evento ocorre durante a repetição.
- **Funcionamento:** O contador é incrementado (ou decrementado) sempre por um **valor constante**, normalmente **1**.
- **Inicialização:** Geralmente é inicializado com **zero**.
- **Exemplo prático:** Contar quantos números digitados são maiores que 5.

```pascal
CONT := 0;
FOR I := 1 TO 5 DO
BEGIN
  READLN(NUM);
  IF (NUM > 5) THEN
    CONT := CONT + 1;  // incrementa o contador em 1
END;
```

Neste caso, `CONT` só é alterado quando a condição `NUM > 5` é verdadeira, contando quantas vezes isso ocorre.

---

### 📌 Acumulador
- **Finalidade:** Serve para **acumular (somar, multiplicar, etc.)** valores obtidos a cada iteração da repetição. O cálculo só estará pronto ao final da repetição.
- **Funcionamento:** O acumulador é atualizado com **valores variáveis** (diferentes a cada iteração), e não por um valor fixo como o contador.
- **Inicialização:** Deve ser inicializado com um **valor neutro** para a operação em questão:
  - Para **adição**: inicializado com **0**.
  - Para **multiplicação**: inicializado com **1**.
- **Exemplo prático:** Somar 5 números digitados pelo usuário.

```pascal
SOMA := 0;   // inicialização com valor neutro da adição
FOR I := 1 TO 5 DO
BEGIN
  WRITE('Digite um número: ');
  READLN(NUM);
  SOMA := SOMA + NUM;  // acumula o valor digitado
END;
```

Neste caso, `SOMA` recebe valores diferentes a cada iteração, acumulando o total de todos os números digitados.

---

### 📋 Resumo das Diferenças

| Característica | Contador | Acumulador |
|---|---|---|
| **Objetivo** | Contar quantidades/ocorrências | Acumular valores (somar, multiplicar, etc.) |
| **Incremento** | Valor constante (geralmente 1) | Valor variável (diferente a cada iteração) |
| **Inicialização** | Normalmente zero | Valor neutro da operação (0 para soma, 1 para multiplicação) |
| **Exemplo** | Contar quantos alunos passaram | Somar as notas de todos os alunos |

Em suma, o **contador** registra *quantas vezes* algo acontece, enquanto o **acumulador** *agrega valores* ao longo das iterações para produzir um resultado final.";5;7.097467;2543;787;3330;0.5483870967741935;0.9608646068243499;0.9999999999;0.5
Q043;Por que um acumulador precisa ser inicializado com zero antes de entrar no laço de repetição?;"O acumulador precisa começar em zero porque, a cada repetição, ele receberá a soma do seu próprio valor anterior mais um valor recém-lido ou calculado; se não fosse inicializado, a primeira soma partiria de um valor indefinido ou de lixo de memória, invalidando o resultado acumulado final ao término do laço.";Fundamentos da programação de computadores (Ana Fernanda Gomes Ascencio et al.) [Fundamentals of Computer Programming];"Um acumulador precisa ser inicializado com **zero** antes de entrar no laço de repetição porque ele deve começar com um **valor neutro** em relação à operação que será realizada. Aqui estão os motivos principais:

## 1. Valor Neutro da Operação
O acumulador deve ser inicializado com um valor que **não altere o resultado** da operação quando esta for executada pela primeira vez. No caso da **adição**, o valor neutro é o **zero**, pois:

> `SOMA + 0 = SOMA`

Isso garante que, na primeira iteração do laço, o cálculo `SOMA ← SOMA + NUM` funcione corretamente, acumulando apenas o valor de `NUM`.

## 2. Evita Valores Indefinidos (Lixo de Memória)
Se a variável acumuladora **não for inicializada**, ela pode conter um valor aleatório (lixo de memória), o que tornaria o resultado final **incorreto e imprevisível**.

## 3. Outras Operações Têm Valores Neutros Diferentes
O princípio se aplica a outras operações também:
- **Adição** → inicializa com **0** (ex: `SOMA ← 0`)
- **Multiplicação** → inicializa com **1** (ex: `Y ← 1`), pois `Y * 1 = Y`

## Exemplo Prático
```
SOMA ← 0      // inicialização com valor neutro
PARA I ← 1 ATÉ 5 FAÇA
    LEIA NUM
    SOMA ← SOMA + NUM   // acumulando os valores
FIM
ESCREVA ""Soma = "", SOMA
```

| Iteração | NUM | SOMA (antes) | SOMA (depois) |
|----------|-----|-------------|--------------|
| 1        | 5   | 0           | 5            |
| 2        | 3   | 5           | 8            |
| 3        | 0   | 8           | 8            |
| 4        | 10  | 8           | 18           |
| 5        | 2   | 18          | 20           |

Se `SOMA` não fosse inicializada com zero, o resultado final seria incorreto, pois a primeira soma utilizaria um valor desconhecido em vez de zero.

**Em resumo:** a inicialização com o valor neutro garante que o acumulador comece ""do zero"" (literalmente, no caso da soma) e produza resultados corretos e previsíveis durante todas as iterações do laço.";5;7.377762;2694;673;3367;0.6086956521739131;0.9999996023795591;0.94999999997625;0.5
Q044;O que é um vetor (variável composta unidimensional) e como um elemento específico dentro dele é acessado?;Um vetor é um conjunto de variáveis do mesmo tipo que compartilham o mesmo nome (identificador) e são armazenadas sequencialmente na memória, formando uma estrutura com apenas uma dimensão. Para acessar um elemento específico, usa-se o nome do vetor seguido de um índice entre colchetes, indicando a posição desejada dentro dos limites definidos na declaração.;Algoritmos e Programação de Computadores (Dilermando Junior, Gilberto Nakamiti) [Algorithms and Computer Programming];"## Vetor (Variável Composta Homogênea Unidimensional)

Um **vetor**, também chamado de **Variável Composta Homogênea Unidimensional (VCHU)**, é uma **estrutura de dados** composta por **n variáveis do mesmo tipo de dado primitivo** (por isso ""homogênea""), identificada por um **único nome** e possuindo **somente uma dimensão** (representada em linha ou coluna).

Em termos práticos, um vetor corresponde a um conjunto de **posições de memória** identificadas por um único nome, **individualizadas por índices**, cujo conteúdo é de um **mesmo tipo de dado**.

Para facilitar a compreensão, pode-se imaginar um **armário horizontal** com um conjunto finito de gavetas — cada gaveta é uma posição do vetor, acessada por um índice numérico.

---

## Como acessar um elemento específico dentro do vetor

O acesso a um elemento específico do vetor é feito por meio de **índices**. O índice é um valor inteiro que indica a **posição** do elemento desejado dentro da estrutura.

Por exemplo, em um vetor chamado **A** com 5 elementos:

| Índice | Elemento |
|--------|----------|
| 1      | 9        |
| 2      | 8        |
| 3      | 7        |
| 4      | 5        |
| 5      | 3        |

- Para acessar o primeiro elemento: **A[1]** → retorna **9**
- Para acessar o terceiro elemento: **A[3]** → retorna **7**
- Para acessar o quinto elemento: **A[5]** → retorna **3**

### Acesso dinâmico (com variável como índice)

Também é possível utilizar uma **variável como índice**, controlando sua variação por meio de um **laço de repetição**. Por exemplo, em um algoritmo que percorre um vetor de 10 posições:

```
para X de 1 até 10 passo 1 faça
    // acessa VClasse[X] em cada iteração
fimpara
```

Dessa forma, a cada iteração, a variável **X** assume um valor diferente, permitindo acessar sequencialmente todos os elementos do vetor **VClasse[X]**.

---

### Resumo

| Conceito | Descrição |
|----------|-----------|
| **Vetor (VCHU)** | Estrutura de dados unidimensional com várias variáveis do mesmo tipo |
| **Identificação** | Um único nome para todo o conjunto |
| **Individualização** | Cada elemento é distinguido por um **índice** |
| **Acesso a elemento** | `NomeDoVetor[índice]`, ex.: `A[3]` |
| **Percorrer elementos** | Uso de laços com variável de controle como índice |";5;7.21603;2365;756;3121;0.5666666666666667;0.9131169221229173;0.99999999998;0.5
Q045;Qual é a diferença entre o índice de um vetor e o elemento armazenado naquela posição?;O índice é apenas a posição dentro do vetor (equivalente ao número do andar de um prédio), enquanto o elemento é o dado de fato armazenado naquela posição. Os dois não devem ser confundidos: o índice serve apenas para localizar onde o valor está armazenado, e é por meio do índice que se manipula o conteúdo guardado naquela posição específica.;Lógica de programação (André Luiz Villar Forbellone) [Programming Logic];"## Diferença entre Índice e Elemento de um Vetor

A diferença fundamental entre **índice** e **elemento** de um vetor pode ser resumida da seguinte forma:

### **Índice**
- É a **posição** (ou ""endereço"") que identifica uma determinada posição dentro do vetor.
- Funciona como o **número da gaveta** em um armário — indica *onde* algo está guardado, mas não *o que* está guardado.
- Em linguagens como C/C++ e Java, os índices começam sempre em **0** (zero) e vão até o tamanho do vetor **menos uma unidade**. Por exemplo, em um vetor de 10 posições, os índices vão de 0 a 9.
- O índice deve ser sempre um valor **inteiro** (pode ser uma constante, uma variável simples ou o resultado de uma operação aritmética que resulte em um número inteiro).

### **Elemento**
- É o **valor (conteúdo)** efetivamente armazenado naquela posição do vetor.
- É o conteúdo da ""gaveta"" — ou seja, *o que* está guardado naquela posição.
- Para acessar o elemento, utilizamos a notação `vetor[índice]`, que retorna o valor armazenado naquela posição.

### **Exemplo Prático**

Considere o vetor `A` com os seguintes valores:

| Índice | 0 | 1 | 2 | 3 | 4 |
|--------|---|---|---|---|---|
| Elemento | 10 | 25 | 7 | 18 | 32 |

- O **índice** `2` indica a **terceira posição** do vetor.
- O **elemento** armazenado nessa posição é o valor **7**.

Como destacado no material consultado:

> *""Quando se faz menção ao **índice**, indica-se a variável que controla o contador de índice. Quando se faz menção ao **elemento**, indica-se `A[I]`, pois dessa forma pega-se o valor armazenado e não a sua posição de endereço.""*

Em resumo: o **índice** aponta para *onde* o dado está, e o **elemento** é *o que* está armazenado naquela posição.";5;9.145658;2384;766;3150;0.631578947368421;0.8862176842828916;0.6388888888675925;1.0
Q046;Como o número total de elementos de um vetor é calculado a partir dos limites inicial e final definidos em sua declaração?;O número de elementos de um vetor é dado pela diferença entre o limite final (LF) e o limite inicial (LI), somando 1 ao resultado (LF - LI + 1). As posições do vetor são identificadas a partir do limite inicial, com incrementos unitários, até o limite final.;Lógica de programação (André Luiz Villar Forbellone) [Programming Logic];"## Cálculo do Número Total de Elementos de um Vetor

O número total de elementos de um vetor é calculado a partir dos limites inicial (limite inferior) e final (limite superior) definidos em sua declaração pela seguinte fórmula:

> **Número total de elementos = (limite_superior − limite_inferior) + 1**

### Explicação

Como visto no material, o **limite inferior** de um vetor não precisa necessariamente ser 1. Ele pode ser qualquer valor que faça sentido no contexto do problema. Por exemplo, conforme citado no livro *Algoritmos e Programação de Computadores* (Dilermando Junior & Gilberto Nakamiti):

> *""O limite inferior de um vetor não necessariamente precisa ser 1. Você pode criar um vetor com limite inferior e superior que tenha estrita relação com o contexto da sua estrutura de dados. Por exemplo, se queremos armazenar o valor das vendas efetuadas entre julho e dezembro, podemos criar um vetor com limite inferior 7 e superior 12.""*

### Exemplos práticos

1. **Vetor `[1..12]`** (limite inferior = 1, limite superior = 12):
   - Total de elementos = (12 − 1) + 1 = **12 elementos**

2. **Vetor `[7..12]`** (limite inferior = 7, limite superior = 12):
   - Total de elementos = (12 − 7) + 1 = **6 elementos**

3. **Vetor `[1..50]`** (limite inferior = 1, limite superior = 50):
   - Total de elementos = (50 − 1) + 1 = **50 elementos**

### Relação com a função de acesso

No livro *Conceitos de Linguagens de Programação* (Robert W. Sebesta), a função de acesso generalizada para um vetor unidimensional com limite inferior arbitrário é apresentada como:

```
endereço(list[k]) = endereço(list[limite_inferior]) + ((k − limite_inferior) * tamanho_do_elemento)
```

Isso demonstra que o limite inferior é utilizado para calcular tanto a **posição de memória** de cada elemento quanto, indiretamente, o **número total de elementos** do vetor, já que os índices válidos variam de `limite_inferior` até `limite_superior`, inclusive.";5;12.558716;22918;818;23736;0.6666666666666666;0.7765184811295106;0.249999999975;0.0
Q047;O que é uma matriz (estrutura composta multidimensional) e o que a diferencia de um vetor comum?;Enquanto um vetor precisa de apenas um índice para localizar um elemento, uma matriz é uma estrutura composta homogênea que precisa de mais de um índice para endereçamento, e por isso é chamada de multidimensional. Em uma matriz bidimensional, por exemplo, o primeiro índice indica a linha e o segundo indica a coluna do elemento desejado.;Lógica de programação (André Luiz Villar Forbellone) [Programming Logic];"## Matriz (Estrutura Composta Multidimensional) vs. Vetor

### O que é uma Matriz?

Uma **Matriz** — também chamada de **Variável Composta Homogênea Multidimensional (VCHM)** — é uma **estrutura de dados** composta por *n* variáveis do mesmo tipo de dado primitivo, identificadas por um único nome e que possuem **mais de uma dimensão**. Seus elementos são acessados (endereçados) por **mais de um índice**.

Em outras palavras, uma matriz corresponde a posições de memória identificadas por um único nome, individualizadas por índices, cujo conteúdo é de um mesmo tipo de dado.

**Analogia:** Pense em um edifício residencial com 12 andares (além do térreo), onde cada andar tem 4 apartamentos. Para identificar um apartamento específico, você precisa de **dois índices**: o número do andar (linha) e o número do apartamento (coluna).

---

### O que é um Vetor?

Um **Vetor** — ou **Variável Composta Homogênea Unidimensional (VCHU)** — é uma estrutura de dados composta por *n* variáveis do mesmo tipo, mas que possui **somente uma dimensão** (representada em linha ou coluna). Seus elementos são acessados por **um único índice**.

**Analogia:** Pense em um armário horizontal com um conjunto finito de gavetas, numeradas de 1 a *n*. Cada gaveta é acessada por um único número.

---

### Principais Diferenças

| Característica | **Vetor (VCHU)** | **Matriz (VCHM)** |
|---|---|---|
| **Dimensões** | Uma única dimensão | Mais de uma dimensão |
| **Índices para acesso** | Um único índice | Dois ou mais índices |
| **Estrutura de repetição** | Um único laço (enquanto, para, repita) | Número de laços igual ao número de dimensões |
| **Exemplo de acesso** | `vetor[3]` | `matriz[2, 3]` (linha 2, coluna 3) |

### Resumo

A diferença fundamental está na **quantidade de dimensões e de índices necessários para acessar cada elemento**:

- No **vetor**, você precisa de apenas **um índice** para localizar um elemento (é uma estrutura unidimensional).
- Na **matriz**, você precisa de **dois ou mais índices** para localizar um elemento (é uma estrutura multidimensional).

Vale destacar que uma matriz com mais de uma dimensão pode ser considerada também um vetor — tudo o que se aplica ao vetor também vale para a matriz. A diferença está apenas na dimensionalidade e na forma de acesso aos elementos.";5;7.878787;2249;734;2983;0.75;0.8167807581170018;0.94999999997625;1.0
Q048;Como uma matriz bidimensional é declarada e como se calcula o número total de elementos que ela pode armazenar?;Uma matriz é declarada informando o nome da variável seguido das dimensões entre colchetes, indicando o tamanho de cada dimensão (por exemplo, quantas linhas e quantas colunas) e o tipo de dado armazenado. O número total de elementos é obtido multiplicando o tamanho de cada dimensão, ou seja, o número de linhas pelo número de colunas.;Fundamentos da programação de computadores (Ana Fernanda Gomes Ascencio et al.) [Fundamentals of Computer Programming];"## Declaração e Cálculo do Total de Elementos em uma Matriz Bidimensional

### Declaração

Uma matriz bidimensional é declarada especificando seu **nome**, o **número de linhas** e o **número de colunas**, entre colchetes e separados por vírgula. Veja os exemplos:

- **Pseudocódigo (algoritmo):**
  ```
  DECLARE mat[6,4], i, j, qtde NUMÉRICO
  ```
  Aqui, `mat` é uma matriz com **6 linhas** e **4 colunas**.

  ```
  DECLARE num[100,100] NUMÉRICO
  ```
  Aqui, `num` é uma matriz com **100 linhas** e **100 colunas**.

- **Em C/C++:**
  ```c
  int x[3][4];
  ```
  Declara uma matriz `x` com 3 linhas e 4 colunas.

- **Em Java:**
  ```java
  int[][] mat = new int[10][20];
  ```
  Declara uma matriz `mat` com 10 linhas e 20 colunas.

---

### Cálculo do Número Total de Elementos

O número total de elementos que uma matriz bidimensional pode armazenar é calculado pela **multiplicação do número de linhas pelo número de colunas**:

> **Total de elementos = número de linhas × número de colunas**

### Exemplo

Como ilustra o material consultado, uma matriz chamada **TABELA** com **8 linhas** (de 1 a 8) e **5 colunas** (de 1 a 5) é uma matriz de **8 × 5**. Isso significa que ela pode armazenar até:

> 8 × 5 = **40 elementos**

Outro exemplo: uma matriz `mat[6,4]` pode armazenar:

> 6 × 4 = **24 elementos**

E uma matriz `num[100,100]` pode armazenar:

> 100 × 100 = **10.000 elementos**

---

### Resumo

| Declaração | Linhas | Colunas | Total de Elementos |
|------------|--------|---------|-------------------|
| `mat[6,4]` | 6 | 4 | 24 |
| `TABELA[8,5]` | 8 | 5 | 40 |
| `num[100,100]` | 100 | 100 | 10.000 |

Portanto, a regra é simples: basta **multiplicar as dimensões** (linhas × colunas) para obter a capacidade total de armazenamento da matriz.";5;9.954874;12686;839;13525;0.09090909090909091;0.8141391424744137;0.19999999998;0.5
Q049;Como duas cadeias de caracteres podem ser concatenadas (unidas) em um algoritmo e o que essa operação produz como resultado?;A concatenação junta o conteúdo de duas cadeias de caracteres, formando uma terceira cadeia que contém os caracteres da primeira seguidos pelos da segunda. Essa operação geralmente é feita por meio de uma função específica (como CONCAT) ou pelo próprio sinal de adição, que muitas linguagens aceitam como atalho para concatenar cadeias.;Fundamentos da programação de computadores (Ana Fernanda Gomes Ascencio et al.) [Fundamentals of Computer Programming];"## Concatenação de Cadeias de Caracteres

A **concatenação** é a operação que consiste em **juntar (unir) duas ou mais cadeias de caracteres** (strings), formando uma nova cadeia maior. O resultado dessa operação é uma nova string que contém os caracteres da primeira cadeia seguidos dos caracteres da segunda cadeia, na ordem em que foram unidas.

### Como funciona

Para concatenar duas strings, utiliza-se o **operador de adição (`+`)**. Por exemplo:

```
""AB"" + ""C""  resulta em  ""ABC""
```

### Em diferentes linguagens

- **Em algoritmos/Pascal:** A concatenação pode ser feita com o sinal de `+` ou por meio de uma função específica de concatenação, e o resultado é armazenado em uma nova variável. Exemplo: se `cadeia1 = ""Bom ""` e `cadeia2 = ""dia""`, então `cadeia3 = cadeia1 + cadeia2` resulta em `cadeia3 = ""Bom dia""`.

- **Em Java:** Além do operador `+`, pode-se usar o método `concat`:
  ```java
  str1 = str2.concat(str3);
  ```
  Nesse caso, `str1` recebe a concatenação de `str2` com `str3`.

- **Em Python:** Utiliza-se o operador `+` para concatenar strings:
  ```python
  ""AB"" + ""C""  # resulta em ""ABC""
  ```

### O que a operação produz como resultado

A concatenação produz **uma nova cadeia de caracteres** que é a união das cadeias envolvidas, mantendo a ordem em que foram especificadas. Ou seja:

- O conteúdo da primeira string vem primeiro;
- O conteúdo da segunda string é anexado logo em seguida;
- O resultado é uma string única, maior, com todos os caracteres das strings originais preservados.

> **Exemplo prático:** Se `nome = ""Maria""` e `sobrenome = ""Silva""`, a concatenação `nome + "" "" + sobrenome` produz a string `""Maria Silva""`.";5;5.353247;2608;535;3143;0.5833333333333334;0.6577931101016449;0.94999999997625;1.0
Q050;Como se descobre o número de caracteres (comprimento) armazenados em uma cadeia de caracteres e como é possível determinar se uma cadeia aparece dentro de outra?;Para obter o comprimento de uma cadeia, usa-se uma função (como LENGTH) que retorna o número de caracteres nela armazenados. Para verificar se uma cadeia aparece dentro de outra, existe uma função (como POS) que retorna a posição inicial em que a primeira cadeia é encontrada dentro da segunda, retornando zero se ela não for encontrada.;Fundamentos da programação de computadores (Ana Fernanda Gomes Ascencio et al.) [Fundamentals of Computer Programming];"Com base no livro *Fundamentos da Programação de Computadores*, aqui está como descobrir o número de caracteres de uma cadeia e verificar se uma cadeia aparece dentro de outra, nas diferentes linguagens abordadas:

---

## 1. Descobrindo o número de caracteres (comprimento) de uma cadeia

### **Pascal**
```pascal
tamanho := LENGTH(cadeia);
```
A função **`LENGTH`** retorna o número de caracteres da cadeia. A variável `tamanho` pode ser do tipo `Integer` ou `Real`.

### **C/C++**
```c
tamanho = strlen(cadeia);
```
A função **`strlen`** retorna o número de caracteres da cadeia. Exige o uso da biblioteca `string.h`.  
> **Observação:** O caractere que indica o final da cadeia de caracteres, `'\0'`, **não** entra no total de caracteres da cadeia.

### **Java**
```java
tamanho = cadeia.length();
```
O método **`length()`** retorna o número de caracteres da cadeia.

---

## 2. Verificando se uma cadeia aparece dentro de outra

### **Pascal**
```pascal
posi := POS(cadeia1, cadeia2);
```
A função **`POS`** retorna a posição inicial em que `cadeia1` aparece dentro de `cadeia2`. A primeira posição da cadeia é a posição **1**. Se a `cadeia1` **não** aparece dentro de `cadeia2`, a função retorna **0**.

### **C/C++**
```c
posi = strchr(str1, ch);
```
A função **`strchr`** verifica a posição de um caractere dentro de uma cadeia de caracteres. (Também existe a função `strstr` para localizar uma subcadeia dentro de outra.)

### **Java**
```java
posi = cadeia1.indexOf(cadeia2);
```
O método **`indexOf`** retorna a posição a partir da qual `cadeia2` aparece pela primeira vez em `cadeia1`. A comparação começa da posição **0**. Se a `cadeia2` não existir em `cadeia1`, o retorno será **-1**.

Há também variações:
- **`cadeia1.indexOf(cadeia2, posição)`** — inicia a busca a partir da posição especificada.
- **`cadeia1.lastIndexOf(cadeia2)`** — retorna a posição da **última** ocorrência de `cadeia2` em `cadeia1`.

> **Nota:** Esses métodos em Java fazem distinção entre letras maiúsculas e minúsculas.

---

### Resumo comparativo

| Operação | Pascal | C/C++ | Java |
|---|---|---|---|
| **Comprimento da cadeia** | `LENGTH(cadeia)` | `strlen(cadeia)` | `cadeia.length()` |
| **Posição de uma subcadeia** | `POS(cadeia1, cadeia2)` | `strchr()` / `strstr()` | `cadeia1.indexOf(cadeia2)` |
| **Retorno quando não encontra** | `0` | ponteiro nulo (`NULL`) | `-1` |";5;8.271909;6594;831;7425;0.6774193548387096;0.7576720429900515;0.7499999999625;1.0
Q051;Como funciona a combinação de operadores lógicos (e, ou, não) com operadores relacionais em uma expressão lógica composta?;"Em uma expressão lógica composta, cada operador relacional (como maior que, menor que ou igual a) primeiro produz um resultado verdadeiro ou falso a partir da comparação entre dois valores; esses resultados parciais são então combinados por operadores lógicos, em que o e só resulta verdadeiro se ambas as condições forem verdadeiras, o ou resulta verdadeiro se pelo menos uma for verdadeira, e o não inverte o valor lógico de uma condição.";Lógica de programação (André Luiz Villar Forbellone) [Programming Logic];"## Combinação de Operadores Lógicos com Operadores Relacionais em Expressões Lógicas Compostas

A combinação de operadores lógicos e relacionais permite a criação de **expressões lógicas compostas**, que são fundamentais para a tomada de decisões em algoritmos e programação. Veja como funciona:

---

### 🔹 Operadores Relacionais
Os operadores relacionais realizam **comparações** entre valores, produzindo sempre um resultado lógico (**verdadeiro** ou **falso**):

| Operador | Descrição |
|----------|-----------|
| `=` | Igual a |
| `≠` ou `<>` | Diferente de |
| `>` | Maior que |
| `≥` | Maior ou igual a |
| `<` | Menor que |
| `≤` | Menor ou igual a |

Cada comparação relacional é chamada de **expressão relacional**. Por exemplo: `x = 0` compara `x` com zero, gerando um resultado verdadeiro ou falso.

---

### 🔹 Operadores Lógicos (Conectores)
Os operadores lógicos **vinculam** as expressões relacionais entre si, formando uma **expressão lógica composta**:

| Operador | Função | Descrição |
|----------|--------|-----------|
| `e` | Conjunção | Todas as condições devem ser verdadeiras |
| `ou` | Disjunção (inclusiva) | Pelo menos uma condição deve ser verdadeira |
| `xou` | Disjunção exclusiva | Apenas uma condição deve ser verdadeira |
| `não` | Negação | Inverte o resultado lógico de uma condição |

---

### 🔹 Como funciona a combinação?

1. **Expressões relacionais** produzem resultados lógicos individuais (V ou F).
2. Os **operadores lógicos** (conectores `e`, `ou`, `não`) ligam essas expressões relacionais entre si, formando uma **expressão lógica composta**.
3. O resultado final da expressão composta é sempre um único valor lógico (V ou F).

#### 📌 Exemplo prático:

```
alfa = V  e  beta = F  e  (x = 0  ou  y = 0)
```

Neste exemplo:
- `alfa = V`, `beta = F`, `x = 0` e `y = 0` são **expressões relacionais** (cada uma gera V ou F).
- `=` é o **operador relacional** (indica comparação).
- `e` e `ou` são os **conectores lógicos** que ligam as expressões relacionais, formando a **expressão lógica composta**.

#### Avaliação passo a passo:
1. `alfa = V` → **Verdadeiro**
2. `beta = F` → **Falso**
3. `x = 0 ou y = 0` → depende dos valores de x e y (se ambos forem 0, por exemplo: **Verdadeiro**)
4. Resultado final: `V e F e V` → **Falso** (pois a conjunção `e` exige que todas as partes sejam verdadeiras)

---

### 🔹 Observações Importantes

- O operador **`não`** pode ser usado à frente de qualquer condição para **inverter** seu resultado lógico (ex: `não (x > 5)`).
- Os operadores lógicos também são chamados de **operadores booleanos**, em homenagem ao matemático George Boole, que criou o sistema de relação lógica base do modelo computacional digital.
- Os operadores lógicos podem ser utilizados com tomadas de decisão **simples, compostas, sequenciais e encadeadas**.
- A avaliação respeita **precedência de operadores**: expressões aritméticas são resolvidas primeiro, depois as relacionais, e por fim as lógicas. Parênteses podem ser usados para alterar essa ordem.

---

Em resumo, os **operadores relacionais** comparam valores e geram resultados lógicos, enquanto os **operadores lógicos** conectam esses resultados, permitindo avaliar múltiplas condições simultaneamente em uma única expressão composta.";5;8.012052;2501;1046;3547;0.5714285714285714;0.8487275446977831;0.32499999998375;0.6
Q052;O que o operador módulo (resto da divisão) faz e como ele pode ser usado para verificar se um número é par ou ímpar?;O operador módulo (mod) retorna o resto da divisão inteira entre dois números, por exemplo 9 mod 4 resulta em 1. Para verificar se um número é par ou ímpar, basta calcular o resto da sua divisão por 2: se o resto for igual a zero o número é par, e se for igual a 1 o número é ímpar.;Lógica de programação (André Luiz Villar Forbellone) [Programming Logic];"## O Operador Módulo (Resto da Divisão)

### O que é?

O operador **módulo** (do inglês *modulo*, pronuncia-se ""módulô"") é um operador aritmético responsável por **gerar o resto da divisão** entre dois valores inteiros positivos. Em outras palavras, ele retorna o valor que ""sobra"" após a divisão de um número por outro.

### Forma Matemática Genérica

A expressão aritmética genérica para calcular o resto é:

> **Resto = Dividendo - Divisor × (Dividendo div Divisor)**

Onde `div` representa a divisão inteira (quociente inteiro, sem a parte decimal).

**Exemplo:** Para verificar se 5 é divisível por 2:
- `5 div 2` = 2 (quociente inteiro, e não 2,5)
- `Resto = 5 - 2 × (2)` = **5 - 4** = **1**

Portanto, o resto da divisão de 5 por 2 é **1**.

### Representação em Diferentes Linguagens

O operador módulo é representado de formas diferentes dependendo da linguagem de programação:

| Operador | Linguagens |
|----------|-----------|
| `mod` | PASCAL, BASIC, ASP, FORTRAN |
| `%` | C, C++, C#, Java, Python |
| `%%` | R |
| `\` | OCCAM |

**Exemplos:**
- Em **PASCAL**: `R := 5 mod 2;`
- Em **C**: `R = 5 % 2;`

### Como Usar para Verificar Par ou Ímpar

A lógica é simples:

- Um número é **PAR** quando é divisível por 2, ou seja, o **resto da divisão por 2 é igual a 0**.
- Um número é **ÍMPAR** quando **o resto da divisão por 2 é diferente de 0** (ou seja, é igual a 1).

**Exemplos:**

| Número | Operação | Resto | Resultado |
|--------|----------|-------|-----------|
| 10 | `10 % 2` | 0 | ✅ Par |
| 7 | `7 % 2` | 1 | ❌ Ímpar |
| 24 | `24 % 2` | 0 | ✅ Par |
| 13 | `13 % 2` | 1 | ❌ Ímpar |

**Em pseudocódigo:**
```
se (numero % 2 == 0) então
    escreva(""O número é PAR"")
senão
    escreva(""O número é ÍMPAR"")
```

### Resumo

O operador módulo é uma ferramenta poderosa e amplamente utilizada na programação. Além de verificar paridade (par/ímpar), ele também é útil para verificar divisibilidade em geral, calcular dígitos verificadores, controlar ciclos e muito mais. A regra de ouro é: **se `numero % 2 == 0`, o número é par; caso contrário, é ímpar.**";5;6.902813;2400;795;3195;0.35714285714285715;0.7660174917001527;0.999999999975;0.5
Q053;Por que é necessário usar laços de repetição aninhados (um dentro do outro) para simular algo como uma contagem regressiva de minutos e segundos?;Como há duas grandezas que mudam de forma dependente (os segundos completam um ciclo inteiro antes de cada mudança de minuto), é preciso um laço externo para controlar os minutos e um laço interno para controlar os segundos, de modo que o laço mais interno complete todas as suas iterações (por exemplo, 60 valores de segundos) a cada única iteração do laço externo.;Lógica de programação (André Luiz Villar Forbellone) [Programming Logic];"## Por que usar laços de repetição aninhados para simular uma contagem regressiva de minutos e segundos?

A necessidade de usar laços de repetição aninhados (um dentro do outro) vem do fato de que **minutos e segundos são duas unidades de tempo que variam em escalas diferentes, mas de forma interdependente**.

### A lógica por trás dos laços aninhados

Imagine uma contagem regressiva de 10 minutos (como no exemplo do livro de Forbellone):

1. O **laço externo** controla os **minutos**, que variam de 9 até 0 (decrescendo de 1 em 1).
2. O **laço interno** controla os **segundos**, que variam de 59 até 0 (decrescendo de 1 em 1).

A cada vez que o laço externo (minutos) decrementa uma unidade, o laço interno (segundos) precisa percorrer **completamente** todos os seus 60 valores (de 59 a 0) antes que o minuto seja decrementado novamente.

### Exemplo do algoritmo (Forbellone):

```
início
  inteiro: MIN, SEG
  escreva(""10:00"")
  para MIN de 9 até 0 passo -1 faça
    para SEG de 59 até 0 passo -1 faça
      escreva(MIN, "":"", SEG)
    fimpara
  fimpara
fim
```

### Por que não basta um único laço?

- Um único laço seria capaz de contar apenas **uma variável** (ou minutos **ou** segundos), mas não ambas simultaneamente com a relação correta entre elas.
- É preciso que, **para cada valor de minuto**, os segundos façam um percurso completo de 59 até 0. Essa relação ""para cada X, faça Y"" é exatamente o que os **laços aninhados** representam.

### Analogia com o relógio

O próprio livro traz uma analogia excelente:

> *""O ponteiro dos segundos de um relógio é um legítimo contador de segundos, que sempre vai incrementando 1 a cada instante de tempo equivalente a 1 segundo. Quando atinge 60 segundos, é a vez do ponteiro dos minutos ser incrementado, e assim por diante.""*

Assim como em um relógio real os segundos completam um ciclo inteiro antes que o minuto avance, na programação o laço interno (segundos) completa todas as suas iterações antes que o laço externo (minutos) avance para a próxima iteração. É essa estrutura de **""um ciclo dentro do outro""** que justifica o uso de laços aninhados.";5;10.935772;2625;687;3312;0.38095238095238093;0.9683984625635943;0.7499999999625;1.0
Q054;Ao aninhar dois laços para percorrer uma matriz bidimensional, quantas vezes no total o laço mais interno é executado e do que isso depende?;O laço mais interno é executado uma vez para cada iteração do laço externo, então o número total de execuções do laço interno é o produto do número de iterações do laço externo pelo número de iterações do laço interno em cada passagem, o que corresponde a percorrer todas as colunas para cada linha da matriz.;Lógica de programação (André Luiz Villar Forbellone) [Programming Logic];"## Aninhamento de Laços em Matrizes Bidimensionais

Ao aninhar dois laços para percorrer uma matriz bidimensional, o laço mais interno (interno) é executado **um número total de vezes igual ao produto das dimensões da matriz** — ou seja, o número de linhas multiplicado pelo número de colunas.

### Do que isso depende?

O total de execuções do laço interno depende de **duas coisas**:

1. **Número de linhas (L)** da matriz — que controla o laço **externo**.
2. **Número de colunas (C)** da matriz — que controla o laço **interno**.

Assim, a fórmula geral é:

> **Total de execuções do laço interno = L × C**

### Exemplo prático

Conforme o material consultado, para uma matriz **x** com **3 linhas e 4 colunas**:

```
PARA i ← 1 ATÉ 3 FAÇA          // laço externo: executa 3 vezes
   PARA j ← 1 ATÉ 4 FAÇA        // laço interno: executa 4 vezes a cada iteração do externo
      ESCREVA x[i,j]
```

- O laço externo (`i`) percorre as **3 linhas**, executando **3 vezes**.
- O laço interno (`j`) percorre as **4 colunas** para cada linha.
- Portanto, o laço interno é executado **3 × 4 = 12 vezes no total** — que corresponde exatamente ao número de elementos da matriz.

### Detalhe importante

A variável do laço **externo** muda mais lentamente (fica ""parada"" enquanto o laço interno percorre todas as colunas daquela linha), e a variável do laço **interno** muda mais rapidamente. Isso garante que todos os possíveis pares de **linha e coluna** sejam visitados, cobrindo todos os elementos da matriz.";5;12.981407;2458;649;3107;1.0;0.9381817686329971;0.99999999998;1.0
Q055;O que acontece quando uma estrutura de seleção (se-então-senão) é combinada com uma estrutura de repetição, como ao decidir a situação de aprovação/reprovação de vários alunos dentro do mesmo laço?;A cada iteração do laço, o algoritmo lê os dados de um aluno, calcula sua média e então executa a estrutura condicional para decidir e exibir se ele foi aprovado ou reprovado, repetindo todo esse processo (ler, calcular e decidir) para cada novo aluno até que a condição de parada do laço seja alcançada.;Lógica de programação (André Luiz Villar Forbellone) [Programming Logic];"## Combinação de Estrutura de Seleção com Estrutura de Repetição

Quando combinamos uma **estrutura de seleção** (se-então-senão) com uma **estrutura de repetição** (laço), obtemos um padrão muito poderoso e comum em programação: o laço se repete para cada elemento (no caso, cada aluno), e a cada iteração a estrutura de seleção decide, com base em uma condição, qual caminho de execução será tomado.

### Como funciona na prática

De acordo com o material consultado (Forbellove, *Lógica de Programação*):

1. A **estrutura de repetição** permite que trechos do algoritmo sejam repetidos conforme certos critérios de parada. Existem três formas principais de construí-la:
   - **enquanto** (teste no início — o laço pode não ser executado se a condição for falsa logo de início)
   - **repita** (teste no final — o laço é executado pelo menos uma vez)
   - **para** (com variável de controle — quando se conhece o número exato de iterações)

2. A **estrutura de seleção** permite que uma ação seja ou não executada, dependendo do valor resultante da inspeção de uma condição. Ela pode ser:
   - **Simples** (apenas a cláusula `então`)
   - **Composta** (contém `então` e `senão`)

### Exemplo: Aprovação/Reprovação de Vários Alunos

O livro apresenta um algoritmo clássico de média com aprovação e reprovação. Quando inserido dentro de um laço, o fluxo fica assim:

```
início
    // declaração de variáveis
    real: N1, N2, N3, N4, MA
    inteiro: contador

    para contador de 1 até N passo 1 faça   // estrutura de repetição
        leia(N1, N2, N3, N4)
        MA ← (N1 + N2 + N3 + N4) / 4
        escreva(""Média Anual ="", MA)

        se (MA >= 7) então                   // estrutura de seleção composta
            escreva(""Aluno Aprovado!"")
            escreva(""Parabéns!"")
        senão
            escreva(""Aluno Reprovado!"")
            escreva(""Estude Mais!"")
        fimse
    fimpara
fim
```

### O que acontece a cada iteração do laço

1. O laço de repetição controla **quantas vezes** o bloco será executado (ex: uma vez para cada aluno da turma).
2. A cada iteração, as notas do aluno atual são lidas e a média é calculada.
3. Em seguida, a estrutura de seleção `se-então-senão` **avalia a condição** `(MA >= 7)`:
   - Se **verdadeira** → executa o bloco do `então` (mensagem de aprovação)
   - Se **falsa** → executa o bloco do `senão` (mensagem de reprovação)
4. O laço então volta ao início, processa o próximo aluno, e assim sucessivamente até que o critério de parada seja satisfeito.

### Considerações importantes

- **Quando o número de alunos é conhecido**, pode-se usar um laço `para` (repetição com variável de controle), que tem uma quantidade pré-determinada de execuções.
- **Quando o número de alunos não é conhecido**, é necessário utilizar um laço `enquanto` ou `repita`, com um critério de parada alternativo (por exemplo, um valor predefinido como finalizador, informado após a última média).
- A estrutura de seleção pode ser **simples** (apenas aprovado), **composta** (aprovado/reprovado) ou **encadeada** (aprovado/recuperação/reprovado), dependendo da complexidade do critério de avaliação.

Essa combinação é um dos padrões mais fundamentais da lógica de programação: **a repetição percorre uma coleção de dados, e a seleção toma decisões individuais sobre cada elemento.**";5;13.393067;17391;1214;18605;0.1891891891891892;0.8193365269408593;0.32499999998375;0.0
Q056;Como funciona uma estrutura de seleção múltipla (do tipo switch/case) usada dentro de um laço de repetição para contar ocorrências de diferentes categorias, como tipos de vinho lidos até um valor de término?;"Dentro do laço, para cada valor lido, a estrutura de seleção múltipla verifica a qual categoria (caso) aquele valor pertence e incrementa o contador específico dessa categoria, além de um contador geral; o laço se repete até que o valor de término seja lido, momento em que o contador geral é ajustado para descontar essa última leitura antes de calcular o percentual de cada categoria.";Lógica de programação (André Luiz Villar Forbellone) [Programming Logic];"## Estrutura de Seleção Múltipla (switch/case) dentro de um Laço de Repetição

Com base no material encontrado, vou explicar como essa estrutura funciona usando o exemplo clássico do **levantamento do estoque de vinhos de uma adega** (do livro *Lógica de Programação* de André Luiz Villar Forbellone).

---

### 📋 Problema

Fazer um levantamento do estoque de vinhos, tendo como dados de entrada os tipos de vinho:
- **'T'** → Tinto
- **'B'** → Branco
- **'R'** → Rosê
- **'F'** → Finalizador (encerra a entrada de dados)

A quantidade de vinhos é **desconhecida**, e deve-se calcular a **porcentagem** de cada tipo sobre o total geral.

---

### 🔧 Estrutura do Algoritmo

```
1. início
2.  caracter: TV;           // tipo de vinho
3.  inteiro: CONV,          // contador geral de vinhos
4.          CT,             // contador de tinto
5.          CB,             // contador de branco
6.          CR;             // contador de rosê
7.  real: PT, PB, PR;       // porcentagens
8.
9.  // Inicialização dos contadores
10. CONV ← 0;
11. CT ← 0;
12. CB ← 0;
13. CR ← 0;
14.
15. repita
16.     leia (TV);
17.     escolha TV
18.         caso ""T"": CT ← CT + 1;
19.         caso ""B"": CB ← CB + 1;
20.         caso ""R"": CR ← CR + 1;
21.     fimescolha;
22.     CONV ← CONV + 1;
23. até TV = ""F"";
24.
25. CONV ← CONV - 1;       // descontar o finalizador ""F""
26.
27. se (CONV > 0)
28.     então
29.         início
30.             PT ← (CT * 100) / CONV;
31.             PB ← (CB * 100) / CONV;
32.             PR ← (CR * 100) / CONV;
33.             escreva(""Porcentagem de Tintos = "", PT);
34.             escreva(""Porcentagem de Brancos = "", PB);
35.             escreva(""Porcentagem de Rosês = "", PR);
36.         fim;
37.     senão
38.         escreva(""Nenhum tipo de vinho foi fornecido!"");
39. fimse;
40. fim.
```

---

### 📝 Como Funciona Passo a Passo

1. **Inicialização dos contadores**: Todos os contadores (`CONV`, `CT`, `CB`, `CR`) são zerados antes do laço.

2. **Laço de repetição (`repita...até`)**:
   - O laço é do tipo **repita**, ou seja, executa pelo menos uma vez (a condição está no final).
   - A cada iteração, é lido um caractere representando o tipo de vinho (`TV`).

3. **Estrutura de seleção múltipla (`escolha/caso`)**:
   - Dentro do laço, o valor lido em `TV` é avaliado pela estrutura `escolha` (equivalente ao `switch` em linguagens como C, Java, etc.).
   - Cada **caso** corresponde a uma categoria:
     - Se for **""T""** → incrementa o contador de tintos (`CT`).
     - Se for **""B""** → incrementa o contador de brancos (`CB`).
     - Se for **""R""** → incrementa o contador de rosês (`CR`).
   - O finalizador **""F""** não tem um caso correspondente, então nenhum contador específico é incrementado (mas o contador geral `CONV` ainda é incrementado).

4. **Contador geral**: Após o `escolha`, o contador geral `CONV` é sempre incrementado em 1, contando cada entrada lida (incluindo o ""F"").

5. **Condição de saída**: O laço termina quando `TV = ""F""`.

6. **Ajuste do total**: Como o finalizador ""F"" foi contado em `CONV`, é preciso **decrementar** `CONV` em 1 (`CONV ← CONV - 1`) para descontar essa última entrada e obter o total real de vinhos.

7. **Cálculo das porcentagens**: Se houve vinhos fornecidos (`CONV > 0`), calcula-se a porcentagem de cada tipo dividindo o contador específico pelo total e multiplicando por 100. Caso contrário, exibe uma mensagem de que nenhum vinho foi fornecido.

---

### 🔑 Pontos-Chave

| Aspecto | Detalhe |
|---|---|
| **Contadores individuais** | Cada categoria (tinto, branco, rosê) tem seu próprio contador |
| **Contador geral** | `CONV` contabiliza todas as entradas (inclusive o finalizador) |
| **Seleção múltipla** | O `escolha/caso` direciona cada valor lido para o incremento do contador correto — é uma aplicação típica desse tipo de estrutura |
| **Laço `repita`** | Garante que o bloco execute pelo menos uma vez, pois a condição está no final |
| **Decremento do finalizador** | Após o laço, `CONV - 1` remove a contagem do ""F"" do total |
| **Verificação de vazio** | O `se (CONV > 0)` evita divisão por zero e trata o caso de nenhuma entrada válida |

---

### 💡 Equivalência em Linguagens de Programação

Em linguagens como **C** ou **Java**, o `escolha/caso` corresponde ao `switch/case`:

```c
switch (TV) {
    case 'T': CT++; break;
    case 'B': CB++; break;
    case 'R': CR++; break;
}
```

E o laço `repita...até` corresponde ao `do...while`:

```c
do {
    scanf("" %c"", &TV);
    switch (TV) {
        case 'T': CT++; break;
        case 'B': CB++; break;
        case 'R': CR++; break;
    }
    CONV++;
} while (TV != 'F');
```

Essa combinação de **laço de repetição + seleção múltipla** é um padrão muito comum quando se precisa **classificar e contar** itens em categorias distintas, lidos até que um valor de término seja encontrado.";5;10.124513;4360;1662;6022;0.2857142857142857;0.7893280882837098;0.9999999999;0.6666666666666666
Q057;Que tipo de estrutura de repetição é mais adequado quando já se sabe exatamente quantas vezes um trecho do algoritmo deve ser executado, como ao ler as notas de uma turma de tamanho fixo?;Quando o número de repetições é conhecido de antemão, a estrutura mais adequada é a repetição com variável de controle (para), pois ela já estabelece um valor inicial, um valor final e um passo de incremento definidos antes de o laço começar, sem depender da avaliação de uma condição lógica a cada iteração como acontece no enquanto ou no repita.;Fundamentos da programação de computadores (Ana Fernanda Gomes Ascencio et al.) [Fundamentals of Computer Programming];"Quando já se sabe exatamente o número de vezes que um trecho do algoritmo deve ser repetido, a estrutura mais adequada é a **estrutura de repetição PARA** (também conhecida como **FOR** em linguagens como Pascal, C, C++ e Java). Ela é chamada de **estrutura de repetição para número definido de repetições**.

### Por que escolher a estrutura PARA?

Conforme o material consultado:

> *""Essa estrutura de repetição é utilizada quando se sabe o número de vezes que um trecho do algoritmo deve ser repetido.""*

Ou seja, no caso de ler as notas de uma turma de tamanho fixo (por exemplo, 30 alunos), você já sabe que o trecho de leitura deverá ser executado exatamente 30 vezes. A estrutura PARA é ideal para essa situação.

### Formato geral (em algoritmo)

```
PARA I ← valor_inicial ATÉ valor_final FAÇA [PASSO n]
INÍCIO
    comando1
    comando2
    ...
    comandom
FIM
```

- A variável **I** funciona como controle (contador).
- Ela parte do **valor_inicial** até o **valor_final**, sendo incrementada automaticamente (por padrão, de 1 em 1).
- O **PASSO n** é opcional e permite definir um incremento diferente de 1, se necessário.

### Exemplo prático (em Pascal)

```pascal
FOR I := 1 TO 30 DO
    ler(nota);
```

Nesse exemplo, o comando de leitura da nota será executado 30 vezes, uma para cada aluno da turma.

### Diferença em relação às outras estruturas

- **ENQUANTO (while)**: Utilizada quando **não se sabe** o número exato de repetições, pois o número de execuções depende de uma condição avaliada no início de cada iteração.
- **REPITA (do-while)**: Também para número indefinido de repetições, mas com o teste da condição no final, garantindo que o trecho seja executado pelo menos uma vez.

Portanto, sempre que o número de repetições for **fixo e previamente conhecido**, a estrutura **PARA/FOR** é a escolha mais natural e adequada.";5;29.847889;2625;659;3284;0.35294117647058826;0.8671007245033305;0.36666666664833336;1.0
Q058;Em uma matriz unidimensional (vetor), qual é a vantagem operacional de usar essa estrutura em vez de declarar várias variáveis simples separadas para armazenar um conjunto de valores relacionados?;Usando uma matriz unidimensional, é possível armazenar vários valores relacionados sob um único identificador, acessando cada um deles por meio de um índice, em vez de ter que criar e nomear uma variável simples diferente para cada valor. Isso facilita o processamento com laços, pois o índice pode variar automaticamente a cada repetição para acessar sequencialmente todas as posições da estrutura.;Algoritmos Lógica para desenvolvimento de programação de computadores [Algorithms: Logic for Computer Programming Development];"## Vantagem operacional de usar um vetor em vez de variáveis simples separadas

Com base no material consultado, a principal vantagem operacional de se utilizar um **vetor (matriz unidimensional)** em vez de declarar várias variáveis simples separadas é a possibilidade de **manipular todo o conjunto de dados relacionados por meio de um único identificador (nome) e estruturas de repetição (laços)**, em vez de referenciar cada variável individualmente.

### Detalhamento das vantagens:

1. **Único identificador para múltiplos valores:** O vetor é uma **variável composta homogênea**, ou seja, agrupa um número finito de variáveis do mesmo tipo sob um mesmo nome. Cada elemento é diferenciado apenas por um **índice** que especifica sua posição na estrutura. Em vez de ter `nota1`, `nota2`, `nota3`, ..., `nota50`, você tem apenas `nota[1]`, `nota[2]`, ..., `nota[50]`, todas sob o nome `nota`.

2. **Manipulação com laços de repetição:** Um aspecto destacado pelos autores é que, na manipulação de um vetor, basta utilizar **uma única instrução de laço** (como `para`, `enquanto` ou `repita`) para percorrer, ler, escrever ou processar todos os elementos. Com variáveis simples separadas, seria necessário escrever uma instrução para cada variável individualmente, o que tornaria o código extremamente longo e repetitivo.

3. **Escalabilidade:** Se for necessário armazenar 100 ou 1.000 valores, basta alterar o tamanho do vetor. Com variáveis simples, seria preciso declarar e gerenciar cada uma delas manualmente, o que é impraticável.

### Exemplo prático:

- **Com variáveis simples:**
  ```
  leia(nota1)
  leia(nota2)
  leia(nota3)
  ...
  escreva(nota1)
  escreva(nota2)
  escreva(nota3)
  ...
  ```

- **Com vetor:**
  ```
  para i de 1 ate 3 faca
      leia(nota[i])
  fimpara
  para i de 1 ate 3 faca
      escreva(nota[i])
  fimpara
  ```

Em resumo, o vetor permite **organizar, acessar e processar conjuntos de valores relacionados de forma eficiente e compacta**, reduzindo drasticamente a quantidade de código necessário e facilitando a manutenção e a legibilidade do programa.";5;7.302501;2399;788;3187;0.1875;0.7012952385428824;0.8666666666377778;1.0
Q059;Como as listas em Python podem ser percorridas usando um laço while e o que controla o acesso a cada posição durante essa repetição?;"Para percorrer uma lista com while, cria-se uma variável de índice que começa em zero e é incrementada a cada repetição, enquanto essa variável for menor que o tamanho da lista (obtido com a função len); a cada iteração, o índice atual é usado para acessar o elemento correspondente da lista, avançando posição por posição até chegar ao fim.";Introdução à programação com Python (Nilo Ney Coutinho Menezes) [Introduction to Programming with Python];"## Percorrendo listas com `while` em Python

Com base no material consultado (livro *Introdução à Programação com Python* de Nilo Ney Coutinho Menezes), uma lista pode ser percorrida com um laço `while` utilizando uma **variável de controle de índice** que aumenta a cada repetição e uma **condição que verifica se esse índice ainda está dentro dos limites da lista**.

### Exemplo prático

```python
L = [8, 9, 15]
x = 0
while x < len(L):
    e = L[x]
    print(e)
    x += 1
```

### Como funciona

1. **Variável de controle (`x`):** Inicia em `0`, representando o primeiro índice da lista. É ela quem controla o acesso a cada posição da lista durante a repetição.

2. **Condição do `while` (`x < len(L)`):** Enquanto o valor de `x` for menor que o tamanho da lista, o laço continua executando. A função `len(L)` retorna a quantidade de elementos da lista, garantindo que não tentemos acessar uma posição inexistente.

3. **Acesso ao elemento (`L[x]`):** A cada repetição, o elemento na posição atual (indicada por `x`) é lido da lista.

4. **Incremento (`x += 1`):** Ao final de cada iteração, o índice é incrementado em 1, avançando para a próxima posição da lista. Quando `x` chega ao tamanho da lista, a condição se torna falsa e o laço termina.

### Resumo

| Elemento | Papel |
|---|---|
| **Variável `x`** | Controla qual posição da lista está sendo acessada (índice) |
| **`len(L)`** | Define o limite superior — garante que o laço pare quando todos os elementos forem percorridos |
| **`L[x]`** | Acessa o elemento na posição atual |

### Quando usar `while` em vez de `for`

O autor observa que, embora o `for` facilite o trabalho ao percorrer listas elemento por elemento, o `while` é mais indicado quando:
- **Não sabemos quantas repetições serão necessárias** de antemão;
- Precisamos **manipular os índices de forma não sequencial** (por exemplo, avançar ou recuar posições, pular elementos, etc.).";5;6.738924;2432;690;3122;0.7142857142857143;0.838417099902541;0.5833333333041666;1.0
Q060;Qual é a relação entre a função len e os índices válidos de uma lista em Python?;A função len retorna o número de elementos de uma lista e, como a contagem de índices em Python começa em zero, os índices válidos de uma lista vão de 0 até o valor retornado por len menos 1. Por causa disso, as comparações usadas para percorrer a lista (como em um laço while) geralmente testam se o índice é menor que o len da lista, e não menor ou igual a ele.;Introdução à programação com Python (Nilo Ney Coutinho Menezes) [Introduction to Programming with Python];"## Relação entre a função `len` e os índices válidos de uma lista em Python

A relação entre a função `len` e os índices válidos de uma lista em Python é direta e muito importante:

### O que a função `len` retorna

A função `len(L)` retorna o **número de elementos** contidos na lista `L`. Por exemplo:

```python
L = [12, 9, 5]
len(L)  # retorna 3

V = []
len(V)  # retorna 0
```

### Índices válidos de uma lista

Como os índices em Python começam a ser numerados a partir de **0 (zero)**, os índices válidos de uma lista `L` variam de **0 até `len(L) - 1`**.

Ou seja, para uma lista com 3 elementos (`len(L) = 3`), os índices válidos são **0, 1 e 2** — e **não** 0, 1, 2 e 3. O valor retornado por `len(L)` **não pode ser usado como índice**, pois seria um índice fora dos limites da lista.

### Uso prático em repetições

A função `len` é muito útil para controlar o limite dos índices em laços de repetição:

```python
L = [1, 2, 3]
x = 0
while x < len(L):
    print(L[x])
    x += 1
```

A grande vantagem dessa abordagem é que, se a lista for alterada (por exemplo, para `L = [7, 8, 9, 10, 11, 12]`), **o restante do programa continuará funcionando corretamente**, pois `len(L)` se ajusta automaticamente ao novo tamanho da lista.

### Resumo

| Conceito | Descrição |
|---|---|
| `len(L)` | Retorna a quantidade de elementos da lista |
| Primeiro índice válido | `0` |
| Último índice válido | `len(L) - 1` |
| `len(L)` como índice | **Inválido** — gera erro de índice fora dos limites |

Essa relação é fundamental para evitar erros como `IndexError` ao acessar elementos de uma lista em Python.";5;6.624657;2522;600;3122;0.8461538461538461;0.8375970072282288;0.9166666666361111;1.0
Q061;Qual é a diferença fundamental entre um procedimento e uma função como subprogramas?;Ambos desviam a execução do programa principal para realizar uma tarefa específica, mas uma função sempre retorna um valor a quem a chamou, um valor associado ao seu próprio nome, enquanto um procedimento realiza a operação e não retorna nenhum valor ao ponto de chamada.;Fundamentos da programação de computadores (Ana Fernanda Gomes Ascencio et al.) [Fundamentals of Computer Programming];"## Diferença Fundamental entre Procedimento e Função

A principal diferença entre um **procedimento** e uma **função** como subprogramas é:

### Função **sempre retorna um valor**
Uma função tem como característica especial **retornar sempre um único parâmetro (valor)** ao programa chamador. Esse valor é retornado automaticamente no próprio nome da função, podendo ser utilizado em operações de processamento (matemático ou lógico) e de saída. Por isso, é obrigatório indicar o **tipo de dado** da função.

> *Exemplo: uma função `FATORIAL(N)` calcula o fatorial de um número e retorna o resultado diretamente pelo seu nome, permitindo que esse valor seja usado em expressões.*

### Procedimento **pode ou não retornar um valor**
Um procedimento (também chamado de sub-rotina) desvia a execução do programa principal para realizar uma tarefa específica, mas **não retorna obrigatoriamente um valor**. Ele pode ou não retornar parâmetros ao programa chamador, dependendo da necessidade.

---

### Resumo Comparativo

| Característica | Procedimento | Função |
|---|---|---|
| **Retorno de valor** | Opcional (pode ou não retornar) | Obrigatório (sempre retorna) |
| **Tipo de dado** | Não exige declaração de tipo de retorno | Exige indicação do tipo de dado retornado |
| **Uso do retorno** | — | O valor retornado pode ser usado em expressões matemáticas, lógicas e de saída |
| **Quantidade de retorno** | Pode retornar zero ou múltiplos parâmetros | Retorna **um único** valor |

Em essência, **ambos** têm o mesmo objetivo — desviar a execução do programa principal para realizar uma tarefa específica —, mas a **função sempre retorna um valor ao chamador**, enquanto o procedimento não tem essa obrigatoriedade.";5;5.071989;2352;516;2868;0.9166666666666666;0.9412615174730493;0.5833333333041666;0.0
Q062;No método de módulos de Forbellone, o que distingue um módulo com 'contexto de ação' de um módulo com 'contexto de resultado'?;Um módulo tem contexto de ação quando sua essência é executar um conjunto de ações que resolve parte do problema, sem preocupação em retornar um valor específico. Um módulo tem contexto de resultado quando sua finalidade é calcular e retornar, por meio do comando 'retorne', um único valor que passa a ser associado ao próprio nome do módulo, exigindo compatibilidade entre o tipo desse valor e o tipo da variável que o recebe.;Lógica de programação (André Luiz Villar Forbellone) [Programming Logic];"De acordo com o método de módulos de Forbellone (apresentado na obra *Lógica de Programação*), a diferença entre os dois contextos é a seguinte:

---

### 🟦 Módulo com **Contexto de Ação**

- Um módulo possui **contexto de ação** quando sua essência está centrada nos **processos e atividades realizadas**.
- O foco está em **executar um conjunto de ações** — ou seja, o módulo se preocupa com um processo em particular, e é esse conjunto de ações que perfaz sua essência.
- O módulo não tem como objetivo principal devolver um valor específico, mas sim realizar uma tarefa ou procedimento.

**Exemplos práticos:** imprimir um relatório, ordenar uma lista, limpar a tela, exibir um menu, etc.

---

### 🟩 Módulo com **Contexto de Resultado**

- Um módulo possui **contexto de resultado** quando seu objetivo é **calcular ou obter um valor em especial**.
- A essência desse tipo de módulo é que seu conjunto de ações visa um **objetivo único**: **retornar** ao ponto de sua chamada um valor, que será associado ao próprio nome que identifica o módulo.
- Para isso, o módulo precisa explicitar qual valor deve retornar, utilizando um comando de retorno (como o comando `retorne`).

**Exemplos práticos:** calcular uma raiz, um valor absoluto, um fatorial, verificar se um número é par, primo, etc.

---

### 📌 Resumo da distinção

| Característica       | Contexto de Ação                          | Contexto de Resulto                        |
|----------------------|-------------------------------------------|--------------------------------------------|
| **Foco principal**   | Processo / atividade executada             | Cálculo / obtenção de um valor              |
| **Objetivo**        | Realizar uma tarefa                        | Retornar um valor ao ponto de chamada       |
| **Retorno de valor**| Não retorna valor ao chamador              | Retorna valor, associado ao nome do módulo  |
| **Analogia**        | Semelhante a um **procedimento**           | Semelhante a uma **função**                 |

Em suma, a distinção está no **propósito essencial** do módulo: se ele existe para *fazer algo* (ação) ou para *produzir um valor* (resultado).";5;7.184662;2320;783;3103;0.5925925925925926;0.8816952303600075;0.8333333332916666;0.5
Q063;O que é o fator de carga de uma tabela hash e por que ele é usado como critério para redimensionar a tabela?;"O fator de carga mede a proporção entre o número de itens armazenados e o número total de posições no vetor subjacente da tabela hash (por exemplo, 2 itens em 5 posições dá um fator de carga de 2/5). Quando esse valor fica alto, a chance de colisões aumenta e o desempenho piora; por isso, quando ele ultrapassa um certo limiar (uma boa regra prática é 0.7), um vetor maior é criado, normalmente com o dobro do tamanho original, e todos os itens são reinseridos usando a função hash, o que reduz o fator de carga e mantém o tempo médio de execução próximo de O(1).";Entendendo Algoritmos (Aditya Y. Bhargava) [Grokking Algorithms];"## Fator de Carga de uma Tabela Hash

### O que é?

O **fator de carga** de uma tabela hash é uma medida simples que indica **quantos espaços da tabela estão ocupados** em relação ao total de espaços disponíveis. Ele é calculado dividindo o número de itens armazenados pelo número total de espaços no array.

Por exemplo:
- Se uma tabela hash tem **5 espaços** e **2 estão ocupados**, o fator de carga é **2/5 = 0,4**.
- Se uma tabela tem **100 espaços** e **100 itens**, o fator de carga é **1**.
- Se a tabela tem apenas **50 espaços** para **100 itens**, o fator de carga é **2** — ou seja, não há espaços suficientes para cada item ter o seu próprio lugar.

### Por que é usado como critério para redimensionar?

O fator de carga é usado como critério de redimensionamento porque ele **mede o quão cheia a tabela hash está**, e isso impacta diretamente o desempenho:

1. **Fator de carga alto → mais colisões:** Quando o fator de carga cresce, significa que há mais itens do que espaços disponíveis, o que aumenta a probabilidade de **colisões** (dois itens sendo mapeados para o mesmo espaço). Colisões reduzem o desempenho da tabela.

2. **Fator de carga menor → menos colisões e melhor desempenho:** Ao redimensionar, cria-se um array maior (empiricamente, com o **dobro** do tamanho original), e todos os itens são reinseridos usando a função hash. Isso reduz o fator de carga e diminui as colisões.

3. **Regra prática:** Uma boa regra geral é **redimensionar a tabela hash quando o fator de carga for maior que 0,7**. Isso evita que a tabela fique demasiadamente cheia antes de tomar uma ação.

> Embora o redimensionamento seja uma operação custosa (pois é necessário recriar o array e reinserir todos os itens), em **média** as tabelas hash mantêm um tempo de execução **O(1)**, mesmo considerando os redimensionamentos ocasionais.

Em resumo, o fator de carga é um indicador da ""saúde"" da tabela hash: quanto menor, mais espaços vazios e menos colisões, resultando em melhor desempenho. Por isso, ele serve como um gatilho para decidir quando a tabela precisa crescer.";5;7.349921;2090;655;2745;0.84;0.9000080057144203;0.9166666666361111;1.0
Q064;No exemplo com as sub-rotinas S2 (parâmetro por valor) e S3 (parâmetro por referência) do livro de Ascencio et al., o que acontece com as variáveis globais X e Y do programa principal após cada chamada?;Depois da chamada de S2, que recebe X e Y por valor, os valores das variáveis globais permanecem inalterados, pois a sub-rotina modificou apenas cópias locais. Depois da chamada de S3, que recebe os mesmos nomes por referência, as alterações feitas dentro da sub-rotina são refletidas diretamente nas variáveis globais do programa principal, porque elas se comportam como variáveis globais dentro da sub-rotina.;Fundamentos da programação de computadores (Ana Fernanda Gomes Ascencio et al.) [Fundamentals of Computer Programming];"## Exemplo das sub-rotinas S2 e S3 do livro de Ascencio et al.

No algoritmo do livro, **X** e **Y** são variáveis globais do programa principal, inicializadas com **X = 1** e **Y = 2**.

---

### 📌 Após a chamada de S2(X, Y) — passagem **por valor**

A sub-rotina S2 recebe **cópias** dos valores de X e Y. Internamente ela faz:
- X ← X + 2 → (1 + 2 = 3)
- Y ← Y * 2 → (2 * 2 = 4)
- Z ← X + Y → (3 + 4 = 7)

Porém, como os parâmetros são passados **por valor**, as alterações feitas dentro de S2 **não afetam** as variáveis globais. Assim, após a execução de S2:

> **X = 1 e Y = 2** (inalterados)

---

### 📌 Após a chamada de S3(X, Y) — passagem **por referência**

A sub-rotina S3 recebe **referências** (endereços de memória) das variáveis globais X e Y. Internamente ela faz:
- A ← X + Y → (1 + 2 = 3)
- X ← X - 1 → (1 - 1 = 0)
- Y ← Y - 2 → (2 - 2 = 0)

Como os parâmetros são passados **por referência**, as alterações feitas dentro de S3 **modificam diretamente** as variáveis globais. Assim, após a execução de S3:

> **X = 0 e Y = 0** (alterados)

---

### Resumo

| Momento | X (global) | Y (global) |
|---|---|---|
| Valores iniciais | 1 | 2 |
| Após S2 (por valor) | **1** (não muda) | **2** (não muda) |
| Após S3 (por referência) | **0** (alterado) | **0** (alterado) |

A diferença fundamental é que a passagem **por valor** cria uma cópia local do parâmetro, preservando o valor original da variável global, enquanto a passagem **por referência** permite que a sub-rotina modifique diretamente o conteúdo da variável global.";5;20.086479;7674;1019;8693;0.11764705882352941;0.6959770789377102;0.19999999998;0.0
Q065;No exemplo de Forbellone sobre escopo de variáveis com módulos aninhados, o que acontece quando uma variável K é declarada tanto no início do algoritmo (global) quanto dentro de um módulo interno, com o mesmo nome?;Quando ocorre esse conflito de nomes, o módulo em que a variável foi declarada localmente, assim como os módulos hierarquicamente subordinados a ele, sempre usam a variável local, ignorando a variável global de mesmo nome. Os módulos que não descendem desse módulo continuam a enxergar apenas a variável global original K.;Lógica de programação (André Luiz Villar Forbellone) [Programming Logic];"## Resposta

No exemplo de Forbellone (do livro *Lógica de Programação*), quando ocorre um **conflito de declaração** da variável **K** — ou seja, K é declarada tanto no **início do algoritmo** (escopo global) quanto no **interior do módulo 1** (escopo local) —, a regra assumida é a seguinte:

### A variável local ""esconde"" a global

> **Assume-se sempre que a variável a ser utilizada no interior do módulo será a que foi definida neste, ignorando a existência de outra variável de mesmo nome no âmbito global.**

Isso significa que:

- **Dentro do módulo 1:** a variável K utilizada é a **local** (definida dentro do módulo 1), e não a global.
- **Dentro do módulo 2** (que está aninhado em módulo 1): como a K local do módulo 1 é visível para o módulo 2, ele enxerga essa K (que é **global em relação ao módulo 2**, mas local em relação ao módulo 1).
- **Dentro do módulo 3** (que não está aninhado em módulo 1): enxerga a variável **K global** (a do início do algoritmo), pois não há nenhuma declaração local de K em seu caminho de aninhamento.

### Resumo

| Módulo | Qual variável K é visível? |
|---|---|
| Módulo 1 | K **local** (declarada dentro do módulo 1) |
| Módulo 2 (aninhado em 1) | K **local do módulo 1** (global em relação ao módulo 2) |
| Módulo 3 | K **global** (declarada no início do algoritmo) |

Esse comportamento é conhecido como **sombreamento (shadowing)**: a declaração local de mesmo nome ""encobre"" a declaração global dentro daquele escopo e de seus submódulos.";5;5.766106;2522;601;3123;0.1111111111111111;0.8124270576903777;0.19999999998;0.0
Q066;Segundo Ascencio et al., qual é a diferença entre uma variável local e uma variável global em um algoritmo com sub-rotinas, e o que acontece com cada uma delas ao final da execução?;As variáveis locais são declaradas dentro de uma sub-rotina e só podem ser usadas dentro dela, sendo destruídas (perdendo seu conteúdo) assim que a execução da sub-rotina termina. As variáveis globais são declaradas fora de qualquer sub-rotina e podem ser acessadas por qualquer parte do programa, inclusive pelas sub-rotinas, sendo destruídas somente quando o programa inteiro termina.;Fundamentos da programação de computadores (Ana Fernanda Gomes Ascencio et al.) [Fundamentals of Computer Programming];"## Diferença entre Variáveis Locais e Globais segundo Ascencio et al.

Segundo Ascencio et al. (em *Fundamentos da Programação de Computadores*), a distinção entre variáveis locais e globais em algoritmos com sub-rotinas é a seguinte:

### Variáveis Locais
- São declaradas **dentro** de uma sub-rotina.
- Recebem esse nome porque **podem ser utilizadas apenas dentro da sub-rotina** em que foram declaradas.
- **Ao final da execução da sub-rotina**, essas variáveis são **destruídas e seus conteúdos são perdidos**. Ou seja, os espaços de memória ocupados por elas são liberados.

### Variáveis Globais
- São declaradas **fora de qualquer sub-rotina** (no escopo do programa principal).
- Recebem esse nome porque **qualquer ponto do programa, incluindo as sub-rotinas, pode utilizá-las**.
- **Ao final da execução do programa** (e não da sub-rotina), essas variáveis são **destruídas**. Elas permanecem ocupando a memória do computador durante todo o tempo em que o programa principal está em execução.

### Resumo comparativo

| Característica | Variável Local | Variável Global |
|---|---|---|
| **Onde é declarada** | Dentro de uma sub-rotina | Fora de qualquer sub-rotina (no programa principal) |
| **Escopo (visibilidade)** | Apenas dentro da sub-rotina | Em todo o programa, incluindo sub-rotinas |
| **Quando é destruída** | Ao final da execução da sub-rotina | Ao final da execução do programa |

### Observação importante
A autora também alerta que **não se aconselha a utilização excessiva de variáveis globais**, pois isso torna difícil a **manutenção e a busca por erros** nos programas. Da mesma forma, **não é aconselhável dar o mesmo nome para variáveis globais e locais**, pois isso pode tornar a manutenção do algoritmo/programa demorada e de difícil entendimento.";5;18.043387;6661;814;7475;0.5333333333333333;0.7416917378465427;0.9999999999666667;1.0
Q067;O que é recursão e por que toda função recursiva precisa de um caso base?;Recursão é quando uma função chama a si mesma para resolver um problema, geralmente reduzindo-o a uma versão menor do mesmo problema. Toda função recursiva precisa de um caso base, a situação mais simples em que a função para de chamar a si mesma, porque sem ele as chamadas se repetiriam indefinidamente, resultando em um laço infinito que nunca produz um resultado.;Entendendo Algoritmos (Aditya Y. Bhargava) [Grokking Algorithms];"## O que é Recursão?

**Recursão** é quando uma função chama a si mesma. Em vez de resolver um problema inteiro de uma só vez, a função resolve uma parte menor do problema e delega o restante para uma nova chamada de si mesma, repetindo esse processo até chegar a uma situação simples o suficiente para ser resolvida diretamente.

---

## Caso Base e Caso Recursivo

Toda função recursiva possui **dois casos fundamentais**:

1. **Caso base:** é a condição que encerra a recursão. Ele representa a situação mais simples do problema, aquela que pode ser resolvida diretamente, sem novas chamadas recursivas. Por exemplo, ao trabalhar com arrays, o caso base frequentemente é um array vazio ou com apenas um elemento.

2. **Caso recursivo:** é a parte em que a função chama a si mesma, reduzindo o problema a uma versão menor a cada chamada, aproximando-se progressivamente do caso base.

---

## Por que toda função recursiva precisa de um caso base?

Sem um caso base, a função recursiva continuará chamando a si mesma indefinidamente, entrando em um **loop infinito**. Veja o exemplo do livro *Entendendo Algoritmos*:

```python
def regressiva(i):
    print(i)
    regressiva(i - 1)
```

Se você executar esse código sem nenhuma condição de parada, ele imprimirá: `3... 2... 1... 0... -1... -2...` e **nunca parará**. Isso ocorre porque não há um caso base que diga à função quando deve parar de chamar a si mesma.

A solução é adicionar um caso base:

```python
def regressiva(i):
    if i <= 0:        # caso base
        return
    else:             # caso recursivo
        print(i)
        regressiva(i - 1)
```

Agora, quando `i` chegar a `0`, a função para de chamar a si mesma e a recursão é encerrada.

---

## Resumo

| Conceito | Descrição |
|---|---|
| **Recursão** | Uma função que chama a si mesma |
| **Caso base** | Condição que interrompe a recursão (sem ela, há loop infinito) |
| **Caso recursivo** | Parte em que a função chama a si mesma com um problema menor |
| **Pilha de chamada** | Todas as chamadas de função vão para a pilha de chamada (operações *push* e *pop*) |

Além disso, vale destacar que o processo de recursividade é considerado **elegante** em programação, pois facilita a abstração e a modularidade. No entanto, devido ao efeito de **empilhamento** na pilha de chamada, essa estratégia pode consumir uma grande quantidade de espaço de memória, especialmente em recursões profundas.";5;6.633341;2399;724;3123;0.53125;1.0;0.8333333332916666;0.5
Q068;O que é a 'pilha de chamadas' e como ela se relaciona com a recursão?;"A pilha de chamadas é a estrutura que o computador usa internamente para acompanhar o estado de cada chamada de função que ainda não terminou; cada nova chamada é empilhada no topo e, quando uma função retorna, a sua parte é removida do topo, devolvendo a execução à função anterior. Em funções recursivas, cada chamada recursiva cria uma nova entrada nessa pilha, então uma recursão muito profunda pode consumir muita memória.";Entendendo Algoritmos (Aditya Y. Bhargava) [Grokking Algorithms];"## Pilha de Chamadas (Call Stack) e sua relação com a Recursão

### O que é a Pilha de Chamadas?

A **pilha de chamadas** (ou *call stack*) é um conceito fundamental em programação. Ela é uma estrutura de dados do tipo **pilha** (stack) que o computador utiliza para gerenciar as chamadas de funções. Assim como uma pilha de notas adesivas, ela funciona com apenas duas operações básicas:

- **Push (inserir):** Adiciona um item no topo da pilha.
- **Pop (remover e ler):** Remove e lê apenas o item que está no topo da pilha.

### Como funciona na prática?

Quando você chama uma função, o computador faz um **push** dessa chamada na pilha — guardando informações como as variáveis locais da função e o ponto de retorno. Quando a função termina e retorna, o computador faz um **pop**, removendo-a do topo da pilha e retornando à execução da função que estava ""abaixo"" dela.

### Relação com a Recursão

A recursão ocorre quando uma **função chama a si mesma**. Toda função recursiva possui dois casos:

1. **Caso base:** a condição que faz a recursão parar.
2. **Caso recursivo:** quando a função chama a si mesma com um problema menor.

A pilha de chamadas tem um **papel central na recursão**. Aqui está como:

1. **Cada chamada recursiva é empilhada (push):** Quando uma função recursiva chama a si mesma, uma nova instância dessa chamada é adicionada ao topo da pilha. Cada chamada tem **seu próprio conjunto de variáveis** — por exemplo, cada chamada da função `fat` tem seu próprio valor de `x`. Você não consegue acessar a mesma função com outro valor de `x` ao mesmo tempo.

2. **A pilha rastreia o progresso automaticamente:** A pilha guarda todas as funções de chamada parcialmente completas, cada uma com sua lista de tarefas parcialmente concluída. Isso é conveniente porque **você não precisa acompanhar manualmente** o que ainda falta fazer — a pilha faz isso por você.

3. **O desempilhamento (pop) resolve os resultados:** Quando o caso base é atingido, as funções começam a retornar uma após outra, do topo para a base da pilha, cada uma entregando seu resultado para a chamada que está abaixo dela.

### Custo e limitações

Embora seja conveniente, **a pilha de chamadas ocupa memória**. Cada chamada de função recursiva consome um pouco de memória. Quando a pilha fica muito cheia, isso significa que o computador está armazenando informações para muitas chamadas de função simultaneamente. Isso pode levar a um problema conhecido como **estouro de pilha** (*stack overflow*), que é exatamente o que acontece quando uma função recursiva executa infinitamente — a pilha cresce sem parar até esgotar a memória disponível.

Diante desse problema, você tem duas opções:
- **Reescrever o código utilizando loops** (iteração em vez de recursão).
- **Utilizar *tail recursion* (recursão de cauda):** uma técnica avançada onde o valor de retorno da chamada recursiva é o próprio valor de retorno da função, permitindo que o compilador converta a recursão em iteração automaticamente. No entanto, nem todas as linguagens de programação suportam essa técnica.

### Resumo

| Conceito | Descrição |
|---|---|
| **Recursão** | Quando uma função chama a si mesma |
| **Caso base e caso recursivo** | As duas partes de toda função recursiva |
| **Push e Pop** | As duas operações de uma pilha |
| **Pilha de chamadas** | Para onde vão todas as chamadas de função |

Em suma, a pilha de chamadas é a **infraestrutura que torna a recursão possível**: ela mantém o controle de cada chamada individual, suas variáveis e seu estado de execução, permitindo que as chamadas se resolvam na ordem correta quando o caso base é alcançado.";5;13.17278;3722;1029;4751;0.6046511627906976;0.7695641110600294;0.99999999998;1.0
Q069;Como funciona a função fatorial recursiva e qual é o seu caso base?;A função fatorial recursiva retorna 1 quando o argumento é igual a 1 (esse é o caso base) e, em qualquer outro caso, retorna o próprio argumento multiplicado pelo resultado da chamada recursiva com o argumento menos um. Assim, calcular o fatorial de um número é reduzido repetidamente a calcular o fatorial de um número menor, até que o caso base seja alcançado.;Entendendo Algoritmos (Aditya Y. Bhargava) [Grokking Algorithms];"## Função Fatorial Recursiva

A função fatorial recursiva é uma função que chama a si mesma para calcular o fatorial de um número. O fatorial de um número **n** (denotado por **n!**) é o produto de todos os inteiros positivos de 1 até **n**.

### Definição Matemática

A definição recursiva do fatorial é:

```
fatorial(n) = {
    1,                  se 0 ≤ n ≤ 1     ← caso base
    n × fatorial(n-1),  caso contrário   ← chamada recursiva
}
```

### Caso Base

O **caso base** é a condição que **encerra a recursão**, evitando chamadas infinitas. No fatorial, o caso base é:

> **Se n ≤ 1 (ou seja, n = 0 ou n = 1), retorna 1.**

Isso porque, por definição: **0! = 1** e **1! = 1**.

### Como Funciona (Passo a Passo)

Ao chamar, por exemplo, `fatorial(5)`, a função **empilha** cada chamada até atingir o caso base e, então, **desempilha** multiplicando os valores de retorno:

| Chamada | Empilhamento | Retorno (desempilhamento) |
|---|---|---|
| `fatorial(5)` | `fatorial(4) * 5` | `24 * 5 = 120` |
| `fatorial(4)` | `fatorial(3) * 4` | `6 * 4 = 24` |
| `fatorial(3)` | `fatorial(2) * 3` | `2 * 3 = 6` |
| `fatorial(2)` | `fatorial(1) * 2` | `1 * 2 = 2` |
| `fatorial(1)` | **caso base → retorna 1** | `1` |

### Em Python

```python
def fatorial(n):
    if n <= 1:
        return 1          # caso base
    return n * fatorial(n - 1)  # chamada recursiva
```

### Resumo do Funcionamento

1. **Descida (empilhamento):** A função chama a si mesma repetidamente com valores cada vez menores (`n-1`), armazenando cada instância em uma pilha.
2. **Caso base:** Quando `n` chega a 1 (ou 0), a recursão para e retorna `1`.
3. **Subida (desempilhamento):** Os retornos propagam-se de volta, multiplicando cada valor pelo resultado da chamada anterior, até chegar ao resultado final.

Para `fatorial(5)`, o resultado final é **120**.";5;7.353089;2354;690;3044;0.7916666666666666;0.8518052547546594;0.6388888888675925;1.0
Q070;Ao calcular o fatorial de 3 usando a versão recursiva, o que acontece na pilha de chamadas enquanto a função ainda não retornou nenhum valor?;A pilha de chamadas acumula uma entrada para cada chamada ainda incompleta: primeiro há a chamada com argumento 3 esperando o resultado da chamada com argumento 2, que por sua vez espera o resultado da chamada com argumento 1. Quando essa última chamada atinge o caso base e retorna 1, os valores voltam multiplicando-se em cada nível da pilha até que a chamada original retorne o resultado final, e a pilha se esvazia.;Entendendo Algoritmos (Aditya Y. Bhargava) [Grokking Algorithms];"## Pilha de chamadas ao calcular `fat(3)` com recursão

Com base no livro *Entendendo Algoritmos* (Aditya Y. Bhargava), a função recursiva do fatorial é definida assim:

```python
def fat(x):
    if x == 1:
        return 1
    else:
        return x * fat(x - 1)
```

Quando chamamos `fat(3)`, a pilha de chamadas é construída da seguinte maneira **antes que qualquer valor seja retornado**:

### 1. Primeira chamada → `fat(3)`
- O valor `x = 3` é empilhado (**push**).
- Como `x ≠ 1` (não é o caso base), a função precisa chamar `fat(2)` para calcular `3 * fat(2)`.
- A execução de `fat(3)` **fica pausada**, aguardando o retorno de `fat(2)`.

### 2. Segunda chamada → `fat(2)`
- O valor `x = 2` é empilhado (**push**) no topo da pilha.
- Como `x ≠ 1`, a função precisa chamar `fat(1)` para calcular `2 * fat(1)`.
- A execução de `fat(2)` **fica pausada**, aguardando o retorno de `fat(1)`.

### 3. Terceira chamada → `fat(1)`
- O valor `x = 1` é empilhado (**push**) no topo da pilha.
- Agora `x == 1`, ou seja, atingimos o **caso base**! A função pode retornar `1` diretamente, sem novas chamadas recursivas.

### Estado da pilha antes de qualquer retorno:

```
┌──────────────┐  ← topo
│   fat(1)     │     x = 1  (caso base)
├──────────────┤
│   fat(2)     │     x = 2  (aguardando fat(1))
├──────────────┤
│   fat(3)     │     x = 3  (aguardando fat(2))
└──────────────┘  ← base
```

### O que acontece em seguida (o desenrolar / ""unwinding""):
1. `fat(1)` retorna **1** → é desempilhado (**pop**).
2. `fat(2)` recebe `1` e calcula `2 * 1 = 2` → retorna **2** → é desempilhado (**pop**).
3. `fat(3)` recebe `2` e calcula `3 * 2 = 6` → retorna **6** → é desempilhado (**pop**).

### Resumo

> **Enquanto a função ainda não retornou nenhum valor, a pilha de chamadas contém três quadros empilhados um sobre o outro** — `fat(3)`, `fat(2)` e `fat(1)` —, cada um com seu próprio valor de `x`. Cada chamada fica suspensa, aguardando que a chamada acima dela (na pilha) retorne um valor para que possa continuar a execução. A pilha desempenha um papel fundamental aqui: ela **guarda as variáveis e o estado de cada chamada de função** individualmente, permitindo que a recursão se desenrole corretamente quando os valores começam a ser retornados de cima para baixo.

Como o livro destaca: *""Repare que cada chamada para a função fat tem seu próprio valor de x. Você não consegue acessar a mesma função com outro valor de x.""* — é a pilha que torna isso possível.";5;14.523462;5686;1216;6902;0.9642857142857143;0.7467079826534624;0.4777777777618519;1.0
Q071;Como funciona a busca simples (busca linear) e qual é o seu tempo de execução em notação Big O?;Na busca simples, o algoritmo percorre a lista item por item, do início ao fim, comparando cada elemento até encontrar o valor procurado ou chegar ao fim da lista. No pior caso, todos os n elementos precisam ser verificados, então o seu tempo de execução é O(n), crescendo linearmente com o tamanho da lista.;Entendendo Algoritmos (Aditya Y. Bhargava) [Grokking Algorithms];"## Como funciona a Busca Simples (Busca Linear)

A **busca simples**, também conhecida como **busca sequencial** ou **busca linear**, é um método de pesquisa que funciona da seguinte maneira:

### Funcionamento

1. **Percorre elemento por elemento**: A busca começa a partir do **primeiro elemento** de uma lista (ou matriz) e avança **sequencialmente** por cada posição, comparando o conteúdo de cada elemento com o valor que se deseja encontrar.

2. **Encontrou?**: Se em algum momento o conteúdo da posição atual for **igual** ao conteúdo pesquisado, a busca é interrompida e a informação é apresentada (junto com sua posição/índice).

3. **Não encontrou?**: Caso chegue ao **final da lista** sem localizar o elemento, indica-se que o elemento **não está armazenado** na lista.

### Exemplo prático

Imagine uma lista com os seguintes nomes:

| Índice | Nomes   |
|--------|---------|
| 1      | André   |
| 2      | Carlos  |
| 3      | Frederico |
| 4      | Golias  |
| 5      | Sílvia  |
| 6      | Sílvio  |
| 7      | Waldir  |

Se quisermos buscar ""Frederico"", a busca começa no índice 1 (André), verifica se ""André"" é igual a ""Frederico"" — não é. Avança para o índice 2 (Carlos) — também não é. Chega ao índice 3 (Frederico) — encontrou! A busca para e retorna a posição 3.

### Características

- É um método **simples**, porém **lento**.
- É **eficiente nos casos em que os elementos estão desordenados** (ao contrário da busca binária, que exige lista ordenada).
- Funciona com **qualquer lista**, ordenada ou não.

### Tempo de execução em notação Big O

O tempo de execução da busca simples é **O(n)**, ou seja, **tempo linear**.

Isso significa que, no **pior caso**, o algoritmo precisará percorrer **todos os n elementos** da lista para encontrar o valor desejado (ou concluir que ele não existe). Quanto maior a lista, mais tempo a busca levará — o tempo cresce de forma **proporcional** ao número de elementos.

Para efeito de comparação, a **busca binária** possui tempo de execução **O(log n)**, que é significativamente mais rápido para listas grandes, mas exige que a lista esteja **ordenada**.";5;9.435845;6224;747;6971;0.4838709677419355;0.7465082071385081;0.19999999998;1.0
Q072;Diferentemente da busca binária, a busca simples exige que a lista esteja ordenada para funcionar?;Não. A busca simples funciona em qualquer lista, ordenada ou não, pois apenas percorre os elementos um a um sem depender de nenhuma organização prévia dos dados. É justamente por não exigir ordenação que ela é mais lenta, O(n), do que a busca binária, O(log n), que só pode ser usada em listas ordenadas.;Entendendo Algoritmos (Aditya Y. Bhargava) [Grokking Algorithms];"Na verdade, é o **contrário**! A afirmação está invertida:

- **A busca binária** é que **exige** que a lista esteja **ordenada** para funcionar corretamente. Isso acontece porque o método consiste em dividir repetidamente a lista ao meio, descartando a parte que não contém o elemento procurado — o que só faz sentido se os elementos estiverem em ordem. Como mencionado no material consultado: *""a pesquisa binária funciona apenas em arrays ordenados""*.

- **A busca simples** (ou busca sequencial) **não exige** que a lista esteja ordenada. Ela simplesmente percorre cada elemento da lista, um a um, do início ao fim, comparando com o valor procurado. Funciona independentemente da ordem dos elementos.

### Resumo:

| Característica | Busca Simples (Sequencial) | Busca Binária |
|---|---|---|
| **Lista ordenada?** | ❌ Não é necessária | ✅ É obrigatória |
| **Eficiência** | Menos eficiente (O(n)) | Mais eficiente (O(log n)) |
| **Funcionamento** | Verifica elemento por elemento | Divide a lista ao meio repetidamente |

Portanto, se a lista não estiver ordenada, a busca simples ainda funcionará normalmente, mas a busca binária não produzirá resultados corretos.";5;6.174054;2465;520;2985;0.1;0.866701175611421;0.0;0.0
Q073;Como funciona a busca binária e qual é o seu pré-requisito em relação aos dados?;"A busca binária localiza um elemento em uma lista ordenada comparando o valor procurado com o elemento do meio; se o valor procurado for menor, a busca continua apenas na metade inferior; se for maior, continua na metade superior, repetindo esse processo e descartando metade dos elementos restantes a cada passo. O pré-requisito é que a lista esteja ordenada, já que sem isso não é possível decidir corretamente em qual metade continuar a busca.";Entendendo Algoritmos (Aditya Y. Bhargava) [Grokking Algorithms];"## Como funciona a Busca Binária

A **busca binária** (ou pesquisa binária) é um método de pesquisa que, em média, é **mais rápido** que o método de pesquisa sequencial. Ela simula a mesma estratégia usada para consultar um dicionário ou uma lista telefônica.

### Pré-requisito fundamental

> ⚠️ **A matriz (ou vetor) deve estar previamente ordenada.** Este é o pré-requisito essencial para o funcionamento da busca binária.

### Funcionamento passo a passo

1. **Divisão da matriz:** O método ""divide"" a matriz em duas partes (por isso chama-se pesquisa *binária*).

2. **Verificação do elemento central:** Após a divisão, verifica-se se a informação pesquisada está na **posição central** (meio) da matriz.
   - Se o elemento da posição central **for igual** ao valor pesquisado, a informação foi encontrada e a busca é encerrada.
   - Se o elemento da posição central **for diferente** do valor pesquisado, o método verifica se a informação pode estar na **primeira** ou na **segunda** parte da matriz.

3. **Descarte de metade da matriz:**
   - Se a informação estiver provavelmente na **primeira parte** (inferior), a metade superior é desprezada — o novo final da tabela passa a ser `posição central - 1`.
   - Se a informação estiver provavelmente na **segunda parte** (superior), a metade inferior é desprezada — o novo início da tabela passa a ser `posição central + 1`.

4. **Repetição:** Esse processo de divisão sucessiva é repetido enquanto a informação não for localizada.

5. **Condição de parada:**
   - Se o elemento for encontrado, ele é apresentado (junto com sua posição).
   - Se a busca chega ao início ou ao final da matriz sem localizar o elemento, indica-se que ele **não está armazenado** na matriz.

### Por que é mais rápida?

Devido à característica de **divisão sucessiva da matriz em duas partes**, o volume de dados a ser verificado sempre **diminui pela metade** a cada iteração. Isso torna o método, em média, significativamente mais rápido que a pesquisa sequencial, especialmente em grandes conjuntos de dados.

### Resumo

| Característica | Detalhe |
|---|---|
| **Pré-requisito** | Matriz ordenada |
| **Estratégia** | Dividir a matriz ao meio e descartar metade a cada iteração |
| **Variáveis típicas** | `COMEÇO`, `FINAL`, `MEIO` |
| **Desempenho** | Mais rápido que a busca sequencial (complexidade O(log n)) |
| **Analogia** | Consultar um dicionário ou lista telefônica |";5;13.415268;12456;792;13248;0.42857142857142855;0.7439762542828637;0.5888888888692593;1.0
Q074;Qual é o tempo de execução da busca binária em notação Big O e por que ela é considerada muito mais rápida que a busca simples em listas grandes?;A busca binária tem tempo de execução O(log n), já que o espaço de busca é cortado pela metade a cada comparação. Isso a torna muito mais rápida que a busca simples, O(n), à medida que a lista cresce: buscar em uma lista de 4 bilhões de elementos levaria cerca de 32 comparações com a busca binária, contra até 4 bilhões de comparações com a busca simples.;Entendendo Algoritmos (Aditya Y. Bhargava) [Grokking Algorithms];"## Tempo de Execução da Busca Binária vs. Busca Simples

### Notação Big O

- **Busca simples (pesquisa simples):** tempo de execução **O(n)** — linear.
- **Busca binária (pesquisa binária):** tempo de execução **O(log n)** — logarítmico.

### Por que a busca binária é muito mais rápida em listas grandes?

A diferença entre **O(n)** e **O(log n)** é enorme quando lidamos com listas grandes. Veja o porquê:

1. **Busca simples (O(n)):** Precisa verificar elemento por elemento, um de cada vez. Se a lista tem 4 bilhões de elementos, no pior caso serão necessários até 4 bilhões de verificações.

2. **Busca binária (O(log n)):** A cada passo, ela **elimina metade** dos elementos restantes. Isso significa que, mesmo em uma lista de 4 bilhões de elementos, são necessários apenas cerca de **32 passos** para encontrar o elemento (pois log₂(4 bilhões) ≈ 32).

### A constante não importa no final das contas

O livro *Entendendo Algoritmos* ilustra isso com um excelente exemplo: imagine que a busca simples tenha uma constante de **10 milissegundos** por operação e a busca binária tenha uma constante de **1 segundo** por operação. À primeira vista, parece que a busca simples seria mais rápida. No entanto, ao buscar em uma lista com **4 bilhões de elementos**:

- A busca simples levaria **40 bilhões de milissegundos** (~463 dias!).
- A busca binária levaria apenas **32 segundos**.

Como os tempos de execução Big O são diferentes (O(n) vs. O(log n)), a constante acaba **não fazendo diferença** no resultado final. A busca binária continua sendo drasticamente mais rápida.

### Resumo

| Algoritmo | Big O | Lista de 4 bilhões (pior caso) |
|---|---|---|
| Busca simples | O(n) | ~4 bilhões de passos |
| Busca binária | O(log n) | ~32 passos |

Essa é a razão pela qual a busca binária é considerada **muito mais rápida** que a busca simples em listas grandes: enquanto a busca simples cresce **linearmente** com o tamanho da lista, a busca binária cresce **logaritmicamente**, reduzindo drasticamente o número de operações necessárias conforme a lista aumenta.";5;7.339666;2356;623;2979;0.5333333333333333;0.8448141578213318;0.5888888888692593;0.6666666666666666
Q075;Como funciona o algoritmo de ordenação por seleção?;O algoritmo percorre repetidamente os elementos ainda não ordenados procurando o menor valor entre eles e o move para a próxima posição da lista ordenada resultante. Essa busca pelo menor elemento restante é repetida até que todos os elementos tenham sido selecionados, formando a lista final em ordem crescente.;Entendendo Algoritmos (Aditya Y. Bhargava) [Grokking Algorithms];"## Algoritmo de Ordenação por Seleção (Selection Sort)

O **algoritmo de ordenação por seleção** é um dos algoritmos de ordenação mais simples e intuitivos. Ele funciona com base na ideia de **selecionar repetidamente o menor (ou maior) elemento** de uma lista e colocá-lo na posição correta.

### Como funciona, passo a passo:

1. **Selecione** o elemento de menor valor da lista inteira;
2. **Troque** esse elemento com o elemento que está na primeira posição;
3. **Repita** o processo, agora considerando apenas os elementos restantes (ou seja, selecione o menor valor entre os elementos restantes e troque-o com a segunda posição);
4. Continue reduzindo o intervalo a cada iteração: depois os elementos restantes a partir da terceira posição, depois da quarta, e assim por diante;
5. O processo termina quando restar apenas **um único elemento** (que será o maior de todos), já na posição correta.

### Exemplo ilustrativo:

Considere a lista: `[5, 3, 1, 4, 2]`

| Passo | Lista | Ação |
|-------|-------|------|
| Início | `[5, 3, 1, 4, 2]` | — |
| 1º | `[1, 3, 5, 4, 2]` | Menor = 1, troca com posição 0 |
| 2º | `[1, 2, 5, 4, 3]` | Menor dos restantes = 2, troca com posição 1 |
| 3º | `[1, 2, 3, 4, 5]` | Menor dos restantes = 3, troca com posição 2 |
| 4º | `[1, 2, 3, 4, 5]` | Menor dos restantes = 4, já está na posição |
| Fim | `[1, 2, 3, 4, 5]` | Restou apenas um elemento |

### Características importantes:

- **Complexidade de tempo:** O tempo de execução é **O(n²)**, o que o torna bastante lento para listas grandes, pois precisa comparar cada elemento com todos os demais.
- **Simplicidade:** É um algoritmo fácil de entender e implementar, sendo frequentemente usado como **trampolim para aprender algoritmos mais complexos**, como o **quicksort**.
- **In-place:** Não exige memória adicional significativa, pois realiza as trocas na própria lista.
- **Classificação:** É classificado como um método de **seleção direta**, dentro da categoria de algoritmos de **classificação por seleção**.

### Considerações:

Embora a maioria das linguagens de programação já possua algoritmos de ordenação nativos (geralmente mais eficientes), entender o funcionamento da ordenação por seleção é fundamental para compreender os princípios básicos de algoritmos de ordenação e avançar para algoritmos mais sofisticados, como o **merge sort** (O(n log n)) e o **quicksort**.";5;9.456563;5842;959;6801;0.2222222222222222;0.8835805774651876;0.0;0.0
Q076;Qual é o tempo de execução da ordenação por seleção e por que ele continua sendo O(n²) mesmo que o número de elementos verificados a cada passagem diminua?;Encontrar o menor elemento em uma lista custa O(n), e essa operação precisa ser repetida n vezes, uma para cada posição da lista final, resultando em O(n × n), ou seja, O(n²). Mesmo que restem menos elementos a verificar a cada repetição, a notação Big O ignora constantes como a fração média de elementos analisados, então o resultado ainda é expresso como O(n²).;Entendendo Algoritmos (Aditya Y. Bhargava) [Grokking Algorithms];"## Tempo de Execução da Ordenação por Seleção: O(n²)

De acordo com o livro **""Entendendo Algoritmos""**, de Aditya Y. Bhargava, o tempo de execução da ordenação por seleção é **O(n²)**, o que a torna um algoritmo bastante lento quando comparado a alternativas como o merge sort, que tem tempo O(n log n).

### Por que continua sendo O(n²) mesmo verificando menos elementos a cada passagem?

Essa é uma excelente pergunta, e o livro a aborda diretamente. A dúvida surge porque, conforme o algoritmo avança, o número de elementos que precisam ser verificados diminui:

- Na **primeira** passagem, você verifica **n** elementos
- Na **segunda**, verifica **n - 1** elementos
- Depois **n - 2**, e assim por diante... até chegar a apenas **1** elemento

Então, em média, você verifica uma lista que tem **½ × n** elementos por passagem. O tempo de execução seria, portanto:

> **O(n × ½ × n)**

No entanto, a **notação Big O ignora constantes** como ½. Isso ocorre porque a notação Big O descreve a taxa de crescimento do algoritmo à medida que *n* fica muito grande, e multiplicar por uma constante não muda a natureza desse crescimento. Portanto:

> **O(n × ½ × n) → O(n × n) → O(n²)**

### Resumo

| Passagem | Elementos verificados |
|----------|----------------------|
| 1ª       | n                    |
| 2ª       | n - 1                |
| 3ª       | n - 2                |
| ...      | ...                  |
| Última   | 1                    |

O total de verificações é aproximadamente **n × (n/2)**, mas como a constante **½** é ignorada na notação Big O, o tempo de execução permanece **O(n²)**. O que importa para a notação Big O não é o número exato de operações, mas sim **como o tempo de execução cresce** em relação ao tamanho da entrada — e nesse caso, ele cresce de forma **quadrática**.";5;11.242709;6159;720;6879;0.7142857142857143;0.8404305095851484;0.6388888888675925;1.0
Q077;Como funciona o método de ordenação conhecido como bubble sort?;O bubble sort ordena a lista comparando repetidamente pares de elementos adjacentes e trocando-os sempre que estiverem fora da ordem desejada. Esse processo de comparar e trocar é repetido percorrendo a lista até que nenhuma troca seja mais necessária, ou seja, até que todos os elementos estejam ordenados.;Lógica de programação (André Luiz Villar Forbellone) [Programming Logic];"## Como funciona o Bubble Sort (Método da Bolha)

O **Bubble Sort**, também conhecido como **método da bolha**, é um dos algoritmos de ordenação mais simples e fáceis de entender. Ele pertence à categoria de **classificação por troca**.

### Funcionamento

O método funciona da seguinte maneira:

1. **Comparação de pares:** O algoritmo percorre a lista comparando **dois elementos adjacentes** de cada vez.
2. **Troca de posição:** Se o valor do **primeiro elemento for maior** que o do segundo, eles **trocam de posição**. Caso contrário, mantêm-se na mesma ordem.
3. **Avanço na lista:** A operação é repetida para o próximo par de elementos, e assim sucessivamente, até o final da lista.
4. **Repetição:** Ao chegar ao fim da lista, o processo é **repetido desde o início**, percorrendo a lista várias vezes.

A cada passagem completa pela lista, o maior elemento ""sobe"" (ou ""borbulha"") para a sua posição correta, assim como uma bolha que sobe à superfície — daí o nome **Bubble Sort**.

### Exemplo ilustrativo

Considere a lista: `[7, 4, 3, 12, 8]`

| Passo | Comparação | Lista após a verificação |
|-------|------------|--------------------------|
| 1 | 7 > 4? Sim → troca | `[4, 7, 3, 12, 8]` |
| 2 | 7 > 3? Sim → troca | `[4, 3, 7, 12, 8]` |
| 3 | 7 > 12? Não → mantém | `[4, 3, 7, 12, 8]` |
| 4 | 12 > 8? Sim → troca | `[4, 3, 7, 8, 12]` |

Após essa primeira passagem, o maior elemento (12) já está na posição final. O processo é repetido até que nenhuma troca seja necessária, indicando que a lista está totalmente ordenada.

### Características importantes

- **Simplicidade:** É fácil de entender e implementar, sendo um excelente algoritmo para iniciantes aprenderem.
- **Lentidão:** Por precisar percorrer a lista várias vezes, é um algoritmo **lento**, com tempo de execução de ordem **O(n²)**. Por isso, **não é recomendado para listas grandes**.
- **Critério de parada:** O algoritmo pode ser otimizado para parar quando uma passagem completa pela lista não realiza nenhuma troca, o que significa que a lista já está ordenada.

### Onde se encaixa

O Bubble Sort faz parte da família de algoritmos de **classificação por troca**, junto com outros métodos como:
- **Shakesort** (método da agitação)
- **Combsort** (método do pente)
- **Quicksort** (método de partição e troca)

Em resumo, o Bubble Sort é um algoritmo didático e intuitivo, ideal para entender os fundamentos da ordenação, mas pouco eficiente para grandes volumes de dados.";5;6.843458;2116;821;2937;0.7741935483870968;0.87164843749318;0.6999999999766667;1.0
Q078;Qual é a diferença de estratégia entre a ordenação por seleção direta e o bubble sort?;"Na seleção direta, o algoritmo procura o menor elemento entre os restantes e o troca diretamente para a posição correta, repetindo o processo para as posições seguintes. No bubble sort, por outro lado, não há busca pelo menor elemento; em vez disso, o algoritmo compara pares de elementos vizinhos e os troca quando estão fora de ordem, fazendo com que os maiores valores se desloquem gradualmente para o fim da lista a cada passagem completa.";Lógica de programação (André Luiz Villar Forbellone) [Programming Logic];"Com base no material consultado, aqui está a diferença de estratégia entre a **ordenação por seleção direta** e o **bubble sort**:

---

## Ordenação por Seleção Direta

A estratégia da seleção direta consiste em:

1. **Selecionar o menor elemento** de todo o vetor;
2. **Trocar** esse elemento pelo que está na primeira posição;
3. **Repetir** o processo com os elementos restantes (ou seja, buscar o menor entre os 19 elementos restantes e trocá-lo com a segunda posição, depois entre os 18 e trocar com a terceira, e assim por diante), até restar apenas um elemento — o maior de todos.

Em outras palavras, a cada passada, o algoritmo **procura o menor valor** em uma parte não ordenada do vetor e o **coloca diretamente na posição correta**, reduzindo a cada iteração o trecho do vetor que ainda precisa ser examinado.

O código típico envolve dois laços aninhados: o laço externo fixa uma posição `i`, e o laço interno percorre todas as posições `j > i`, comparando e trocando quando `TABELA[i] > TABELA[j]`.

---

## Bubble Sort (Método da Bolha)

A estratégia do bubble sort é diferente:

1. **Comparar pares de elementos adjacentes**, ou seja, elementos que estão lado a lado no vetor;
2. Se o primeiro elemento for **maior** que o segundo, eles **trocam de posição** (permutam);
3. Essa operação é **repetida para o próximo par adjacente** até o fim da lista;
4. O processo inteiro é **repetido várias vezes** (percorrendo a lista várias vezes), até que nenhuma troca seja necessária, indicando que todos os elementos estão ordenados.

Como explica o livro *Introdução à Programação com Python* (Nilo Ney Coutinho Menezes): *""A ordenação pelo método de bolhas consiste em comparar dois elementos a cada vez. Se o valor do primeiro elemento for maior que o do segundo, eles trocarão de posição. Essa operação é então repetida para o próximo elemento até o fim da lista.""*

---

## Resumo das Diferenças

| Característica | Seleção Direta | Bubble Sort |
|---|---|---|
| **O que compara** | Um elemento fixo com todos os subsequentes, buscando o menor | Pares de elementos **adjacentes** |
| **Estratégia** | Seleciona o menor elemento e o coloca na posição correta | Faz trocas sucessivas entre vizinhos, ""empurrando"" os maiores para o fim |
| **Trocas** | Poucas trocas (uma por posição fixada) | Muitas trocas (várias a cada passada) |
| **Passadas na lista** | Fixa cada posição e busca o menor do restante | Percorre a lista inteira repetidamente até não haver mais trocas |
| **Classificação** | Método de **seleção** | Método de **troca** |

Em essência: a **seleção direta** busca ativamente o menor elemento e o posiciona corretamente a cada iteração, enquanto o **bubble sort** faz trocas locais entre vizinhos repetidamente, fazendo com que os maiores elementos ""subam"" (como bolhas) para o final da lista.";5;11.882958;20435;981;21416;0.28125;0.9301923266674471;0.249999999975;0.5
Q079;Como o quicksort aplica a estratégia de dividir para conquistar para ordenar um vetor?;O quicksort escolhe um elemento do vetor como pivô e particiona o restante em dois subvetores: um com os elementos menores que o pivô e outro com os maiores. Em seguida, aplica recursivamente o mesmo processo a cada subvetor até chegar ao caso base, que são vetores vazios ou com um único elemento, e a combinação final é feita juntando o subvetor menor, o pivô e o subvetor maior, produzindo uma lista ordenada.;Entendendo Algoritmos (Aditya Y. Bhargava) [Grokking Algorithms];"## Como o Quicksort aplica a estratégia de Dividir para Conquistar

O **quicksort** é um algoritmo de ordenação que utiliza a técnica **Dividir para Conquistar** (DC). Ele funciona em três passos fundamentais:

### 1. Escolha de um pivô
O primeiro passo é selecionar um elemento do array (vetor) para servir como **pivô**. Qualquer elemento pode ser escolhido — o primeiro, o último, um elemento do meio, etc.

### 2. Particionamento (Dividir)
O array é **particionado em dois subarrays**:
- Um subarray contém os elementos **menores** que o pivô.
- O outro subarray contém os elementos **maiores** que o pivô.

O pivô fica posicionado entre os dois subarrays, já em sua posição correta.

### 3. Ordenação recursiva (Conquistar)
Em seguida, o quicksort é **executado recursivamente** em ambos os subarrays, aplicando os mesmos passos: escolher um novo pivô, particionar e ordenar recursivamente.

### Exemplo prático
Considere o array `[3, 15, 10, 33]` com o pivô sendo `33`:
- **Subarray à esquerda** (menores que 33): `[3, 15, 10]`
- **Subarray à direita** (maiores que 33): `[]` (vazio)

Agora, ordena-se recursivamente o subarray `[3, 15, 10]` com um novo pivô, digamos `15`:
- **Esquerda** (menores que 15): `[3, 10]`
- **Direita** (maiores que 15): `[]`

Continua-se recursivamente até que todos os subarrays tenham **0 ou 1 elemento** (caso base, que já está ordenado). Ao final, **combina-se** os subarrays ordenados com o pivô, obtendo o array completo e ordenado: `[3, 10, 15, 33]`.

### Resumo do processo

| Etapa | Ação |
|---|---|
| **Dividir** | Particionar o array em dois subarrays usando um pivô |
| **Conquistar** | Ordenar recursivamente cada subarray |
| **Combinar** | Juntar os subarrays ordenados + pivô → array ordenado |

A grande vantagem do quicksort é que, ao escolher bons pivôs, cada partição divide o array aproximadamente ao meio, resultando em uma complexidade de tempo de **O(n log n)**. A escolha do pivô influencia diretamente o desempenho: no pior caso (pivô sempre sendo o maior ou menor elemento), a complexidade pode chegar a **O(n²)**.";5;6.926589;1957;733;2690;0.46153846153846156;0.737758744541371;0.8041666666465626;1.0
Q080;Por que o quicksort costuma ser mais rápido que o merge sort na prática, mesmo que ambos tenham o mesmo tempo médio de execução de O(n log n)?;Embora ambos tenham tempo médio de execução O(n log n), o quicksort tem uma constante multiplicativa menor que a do merge sort, e essa constante, normalmente ignorada na notação Big O, passa a importar quando dois algoritmos compartilham a mesma ordem de crescimento. Além disso, na prática o quicksort tende a se comportar mais perto do seu caso médio com mais frequência do que do seu pior caso, O(n²), o que o torna mais rápido na maioria das situações do mundo real.;Entendendo Algoritmos (Aditya Y. Bhargava) [Grokking Algorithms];"Ótima pergunta! Conforme explicado no livro **""Entendendo Algoritmos""** de Aditya Y. Bhargava, mesmo que ambos os algoritmos tenham tempo médio de execução **O(n log n)**, o quicksort costuma ser mais rápido na prática por dois motivos principais:

---

## 1. A constante oculta é menor

A notação Big O ignora constantes multiplicativas — ela descreve apenas a **taxa de crescimento** do algoritmo. Porém, na prática, essas constantes importam muito.

O quicksort tem uma **constante menor** do que o merge sort. Isso significa que, para cada operação O(n log n), o quicksort realiza, em média, **menos trabalho por iteração** do que o merge sort. Isso acontece porque:

- O **merge sort** precisa alocar arrays auxiliares e copiar elementos entre arrays (operações que envolvem mais acesso à memória e mais movimentação de dados).
- O **quicksort** opera **in-place** (no próprio array), fazendo apenas trocas de posição, o que é computacionalmente mais barato e mais amigável ao **cache da CPU** (melhor localidade de referência).

Assim, mesmo com o mesmo crescimento assintótico, o quicksort ""faz menos coisas"" a cada passo.

---

## 2. O quicksort funciona no caso médio na maioria das vezes

O desempenho do quicksort depende fortemente da **escolha do pivô**:

- **Pior caso (O(n²))**: ocorre quando o pivô escolhido é sempre o maior ou menor elemento, criando partições extremamente desbalanceadas (por exemplo, ordenar um array já ordenado escolhendo sempre o primeiro elemento como pivô).
- **Caso médio (O(n log n))**: ocorre quando o pivô divide o array em partições razoavelmente balanceadas.

Na prática, com **estratégias inteligentes de escolha do pivô** (como escolher um elemento aleatório ou a mediana de três elementos), o quicksort tende a cair no **caso médio** com muita frequência, raramente atingindo o pior caso. Por isso, na maioria das situações reais, ele roda próximo do seu O(n log n) ótimo e com a vantagem da constante menor.

---

## Resumo

| Fator | Quicksort | Merge Sort |
|---|---|---|
| Tempo médio | O(n log n) | O(n log n) |
| Constante oculta | **Menor** | Maior |
| Uso de memória | In-place (menos memória) | Precisa de arrays auxiliares |
| Localidade de cache | **Melhor** | Pior |
| Pior caso | O(n²) | O(n log n) |

Em suma: **o quicksort é mais rápido na prática porque faz menos trabalho por operação (constante menor) e tem melhor localidade de cache**, apesar de ter um pior caso teórico pior. O merge sort, embora mais ""garantido"", paga o preço de operações extras de cópia e alocação de memória.";5;7.222151;2127;801;2928;0.1875;0.9928583506162982;0.36666666664833336;1.0
Q081;O que a notação Big O representa e por que ela não mede o tempo de execução de um algoritmo em segundos?;A notação Big O expressa como o tempo de execução de um algoritmo cresce à medida que o tamanho da entrada aumenta, e não um tempo medido em segundos, já que a velocidade real depende do hardware usado. Por isso, o Big O foca na taxa de crescimento — por exemplo, O(n) significa que o tempo cresce linearmente com o número de elementos — permitindo comparar algoritmos independentemente da máquina em que são executados.;Entendendo Algoritmos (Aditya Y. Bhargava) [Grokking Algorithms];"## O que a notação Big O representa

De acordo com o livro **""Entendendo Algoritmos""** de Aditya Y. Bhargava, a notação Big O é a forma utilizada para expressar o **tempo de execução dos algoritmos**. Ela descreve **como o tempo de execução de um algoritmo cresce** à medida que o tamanho da entrada (número de elementos) aumenta.

Em outras palavras, a notação Big O não nos diz exatamente *quanto tempo* um algoritmo vai levar, mas sim **a taxa de crescimento** do tempo de execução em relação ao número de elementos processados. Por exemplo:

- **O(n)** — tempo de execução cresce de forma linear (proporcional ao número de elementos).
- **O(log n)** — tempo de execução cresce de forma logarítmica, ficando cada vez mais rápido em relação a O(n) conforme a lista aumenta.
- **O(n²)** — tempo de execução cresce de forma quadrática (muito mais lento conforme os elementos aumentam).
- **O(n log n)** — como no quicksort, um tempo intermediário, mais rápido que O(n²).

---

## Por que a notação Big O não mede o tempo em segundos?

O livro explica claramente três pontos fundamentais:

1. **A rapidez de um algoritmo não é medida em segundos.**
2. **O tempo de execução de um algoritmo é medido por meio de seu crescimento.**
3. **O tempo de execução dos algoritmos é expresso na notação Big O.**

A razão pela qual não usamos segundos é que o tempo real de execução **depende do hardware** — um computador rápido executará mais operações por segundo do que um computador lento. O livro inclusive ilustra isso com estimativas baseadas em um ""computador lento que realiza dez operações por segundo"", mas alerta que **esses gráficos não são precisos** — servem apenas como exemplo para mostrar o quão diferentes são os tempos de execução. Na realidade, um computador moderno executa muito mais do que dez operações por segundo.

Além disso, a notação Big O **ignora constantes**. Por exemplo, se o tempo real é O(n × ½ × n), escreve-se simplesmente O(n²), pois constantes como ½ não importam quando se compara algoritmos com Big O diferentes. O livro mostra um exemplo em que a pesquisa simples tem uma constante de 10 milissegundos e a pesquisa binária tem uma constante de 1 segundo — apesar de a pesquisa simples parecer mais rápida à primeira vista, ao buscar em uma lista de 4 bilhões de elementos, **a pesquisa binária continua sendo muito mais rápida**, pois a constante não causa diferença alguma no final das contas.

---

### Resumo

| Conceito | Explicação |
|---|---|
| **O que Big O representa** | A taxa de crescimento do tempo de execução de um algoritmo conforme o número de elementos aumenta |
| **Por que não usa segundos** | Porque o tempo real depende do hardware (velocidade do computador), e o que importa é comparar como diferentes algoritmos escalam |
| **Constantes são ignoradas** | Valores como ½ ou 10ms não alteram a comparação final entre algoritmos com Big O diferentes |

Assim, a notação Big O nos dá uma forma **independente de hardware** de comparar a eficiência de algoritmos, focando no que realmente importa: **como o tempo de execução cresce com o aumento dos dados**.";5;9.663866;6104;909;7013;0.631578947368421;0.9808078376604691;0.8666666666377778;0.5
Q082;Por que a constante que acompanha o tempo de execução de um algoritmo costuma ser ignorada na notação Big O, mas em alguns casos pode fazer diferença?;A constante costuma ser ignorada porque, quando dois algoritmos têm ordens de crescimento diferentes em notação Big O, como O(n) versus O(log n), essa diferença de crescimento é muito mais decisiva do que qualquer constante, especialmente para entradas grandes. No entanto, quando dois algoritmos compartilham a mesma notação Big O, como o quicksort e o merge sort, ambos O(n log n), a constante passa a fazer diferença prática, e é por isso que o quicksort tende a ser mais rápido que o merge sort no uso cotidiano.;Entendendo Algoritmos (Aditya Y. Bhargava) [Grokking Algorithms];"## Por que a constante é ignorada na notação Big O — e quando ela importa?

### A constante é normalmente ignorada

Na notação Big O, constantes como ½ ou 10 são **descartadas** porque, quando dois algoritmos têm **tempos de execução Big O diferentes** (ou seja, crescem em taxas diferentes), a constante **não faz diferença no fim das contas** para entradas suficientemente grandes.

#### Exemplo prático (do livro *Entendendo Algoritmos*):

Imagine dois algoritmos:
- **Pesquisa simples**: tempo O(n), com constante de **10 milissegundos**
- **Pesquisa binária**: tempo O(log n), com constante de **1 segundo**

À primeira vista, pode parecer que a pesquisa simples é mais rápida, pois sua constante é muito menor (10 ms vs. 1 s). Porém, ao buscar em uma lista com **4 bilhões de elementos**:

| Algoritmo | Cálculo | Tempo total |
|---|---|---|
| Pesquisa simples | 10 ms × 4.000.000.000 | **~46 dias** |
| Pesquisa binária | 1 s × log₂(4.000.000.000) ≈ 1 s × 32 | **~32 segundos** |

A pesquisa binária continua **muito mais rápida**, apesar de ter uma constante 100 vezes maior. A razão é que **a taxa de crescimento (log n vs. n)** domina completamente a constante quando n é grande. É por isso que a constante é ignorada na notação Big O.

### Quando a constante pode fazer diferença?

A constante passa a importar em alguns cenários específicos:

1. **Quando dois algoritmos têm o mesmo tempo Big O**: Se ambos são, por exemplo, O(n²), a constante se torna o fator decisivo. Um algoritmo com constante ½ será duas vezes mais rápido que um com constante 1.

2. **Quando n é pequeno**: Para entradas pequenas, a constante pode dominar. Um algoritmo O(n) com constante muito alta pode ser mais lento que um algoritmo O(n²) com constante baixa, se n for pequeno o suficiente. É por isso que algoritmos como o **Timsort** (usado no Python) combinem insertion sort (O(n²)) para listas pequenas com merge sort (O(n log n)) para listas grandes.

3. **Quando a constante é extremamente grande**: Mesmo com Big O diferentes, se a constante de um algoritmo for absurdamente grande (ex.: 1 bilhão de operações por execução), pode torná-lo impraticável para entradas de tamanho moderado, mesmo que assintoticamente seja superior.

4. **O caso do Quicksort vs. Merge Sort**: Ambos têm tempos Big O diferentes no pior caso (quicksort é O(n²) no pior caso, merge sort é O(n log n) sempre), mas o quicksort tem uma **constante menor** na prática, o que o torna frequentemente mais rápido que o merge sort em situações reais.

### Resumo

| Situação | A constante importa? |
|---|---|
| Big O diferentes + n grande | **Não** — a taxa de crescimento domina |
| Mesmo Big O | **Sim** — a constante é o diferencial |
| n pequeno | **Sim** — a constante pode ser o fator dominante |
| Constante extremamente grande | **Sim** — pode tornar o algoritmo inviável |

Em essência, a notação Big O descreve **como o tempo cresce** com o tamanho da entrada, e não o tempo exato. Por isso, constantes são ignoradas — mas isso não significa que elas sejam irrelevantes em todas as situações práticas.";5;9.590653;2291;931;3222;0.43333333333333335;0.8307948821839957;0.8333333332916666;1.0
Q083;O que caracteriza a estrutura de dados pilha e quais são as suas duas operações básicas?;Uma pilha é uma estrutura de dados LIFO (Last In, First Out), em que o último elemento inserido é sempre o primeiro a ser removido. Suas duas operações básicas são push, que insere um elemento no topo da pilha, e pop, que remove e lê o elemento do topo.;Entendendo Algoritmos (Aditya Y. Bhargava) [Grokking Algorithms];"## Estrutura de Dados: Pilha

A **pilha** (também conhecida pelo termo em inglês *stack*) é uma estrutura de dados linear que armazena elementos de forma **empilhada**, ou seja, um elemento sobre o outro. A sua principal característica é o princípio **LIFO** (*Last In, First Out* — Último a Entrar, Primeiro a Sair), o que significa que **o último elemento armazenado na pilha é sempre o primeiro a ser retirado dela**.

Além disso, a pilha só permite acesso a uma de suas extremidades, chamada de **topo**. Não é possível acessar diretamente elementos que estejam no meio ou no fundo da pilha sem antes remover os elementos que estão acima deles.

### Operações Básicas

As duas operações fundamentais de uma pilha são:

1. **Empilhar (Push):** Consiste em inserir/adicionar um novo elemento no topo da pilha. Em algumas implementações, antes de empilhar, verifica-se se a pilha não está cheia (função **CHEIA**).

2. **Desempilhar (Pop):** Consiste em retirar/remover o elemento que está no topo da pilha. Antes de desempilhar, é comum verificar se a pilha não está vazia (função **VAZIA**).

### Operações Auxiliares

Embora as duas operações acima sejam as essenciais, uma pilha também pode contar com operações complementares importantes para o seu gerenciamento:

- **Criar (Create):** Inicializa a pilha, zerando-a e deixando-a pronta para receber novos dados.
- **Vazia (Empty):** Função lógica que verifica se a pilha está vazia (geralmente conferindo se o topo é igual a zero).
- **Cheia (Full):** Verifica se a pilha atingiu sua capacidade máxima de elementos.
- **Mostrar (Display):** Apresenta os elementos atualmente armazenados na pilha.

Em resumo, a pilha é uma estrutura simples, porém muito poderosa e amplamente aplicável, sendo utilizada em diversos contextos da computação, como chamadas de funções, avaliação de expressões e algoritmos de backtracking.";5;6.216442;2368;561;2929;0.14285714285714285;0.7495516665350962;0.19999999998;0.5
Q084;De que forma a pilha de chamadas do computador é um exemplo prático de como funciona uma pilha LIFO?;"Toda vez que uma função é chamada, o computador empilha uma nova entrada com o estado dessa chamada no topo da pilha; quando a função termina e retorna, apenas a entrada do topo é removida, devolvendo a execução à função que fez a chamada mais recente. Esse comportamento, em que a última chamada feita é sempre a primeira a terminar e ser removida, corresponde exatamente à lógica LIFO de uma pilha.";Entendendo Algoritmos (Aditya Y. Bhargava) [Grokking Algorithms];"## A Pilha de Chamadas como Exemplo Prático de LIFO

A **pilha de chamadas** (call stack) do computador é um excelente exemplo prático do funcionamento de uma estrutura **LIFO** (Last In, First Out — Último a Entrar, Primeiro a Sair). Veja como isso funciona na prática:

### O conceito de LIFO

Em uma pilha LIFO, existem apenas duas operações principais:
- **Push** (inserir): adiciona um item no **topo** da pilha.
- **Pop** (remover e ler): remove e lê apenas o item do **topo** da pilha.

Isso significa que o **último** elemento inserido é o **primeiro** a ser removido.

### Como a pilha de chamadas reflete esse comportamento

1. **Quando uma função é chamada (Push):** O computador ""empilha"" a chamada da função no topo da pilha de chamadas, junto com suas variáveis locais e o estado de execução atual. Por exemplo, se a função `main()` chama a função `saudar()`, e `saudar()` chama a função `exibirMensagem()`, a pilha de chamadas ficaria assim:

   ```
   [exibirMensagem()]  ← topo (último a entrar)
   [saudar()]
   [main()]            ← base (primeiro a entrar)
   ```

2. **Quando uma função termina (Pop):** A função que está no **topo** da pilha é concluída e removida primeiro. Assim, `exibirMensagem()` é resolvida e retirada da pilha antes de `saudar()`, que por sua vez é resolvida antes de `main()`.

3. **Ordem de resolução:** As funções são concluídas na **ordem inversa** em que foram chamadas — exatamente como uma pilha LIFO exige.

### Por que isso é útil?

Utilizar a pilha é conveniente porque o computador **não precisa acompanhar manualmente** o estado de cada função — a própria estrutura da pilha já cuida disso. Cada função na pilha mantém sua própria lista de variáveis e o ponto de execução onde parou, e, quando uma função termina, o controle retorna naturalmente para a função que está logo abaixo dela na pilha.

### Resumo

| Conceito | Na pilha LIFO genérica | Na pilha de chamadas |
|---|---|---|
| **Inserir (push)** | Coloca item no topo | Nova função é chamada e empilhada |
| **Remover (pop)** | Remove item do topo | Função do topo é concluída e removida |
| **Ordem** | Último a entrar, primeiro a sair | Última função chamada é a primeira a terminar |

Portanto, a pilha de chamadas é um exemplo perfeito e real do conceito LIFO, onde cada chamada de função é empilhada no topo e desempilhada quando sua execução termina, sempre seguindo a regra de que **o último a entrar é o primeiro a sair**.";5;7.491933;2177;805;2982;0.8;0.7486976086050863;0.4499999999775;1.0
Q085;O que caracteriza a estrutura de dados fila e quais são as suas duas operações básicas?;Uma fila é uma estrutura de dados FIFO (First In, First Out), em que o primeiro elemento inserido é o primeiro a ser removido, assim como uma fila de pessoas. Suas duas operações básicas são enqueue, que insere um elemento no fim da fila, e dequeue, que remove e lê o elemento da frente dela.;Entendendo Algoritmos (Aditya Y. Bhargava) [Grokking Algorithms];"## Estrutura de Dados: Fila

### Caracterização

A **fila** é uma estrutura de dados que armazena elementos um após o outro, de forma que **o primeiro elemento armazenado na fila seja o primeiro elemento a ser retirado**. Esse comportamento é conhecido pela sigla **FIFO** (*First In, First Out* — primeiro a entrar, primeiro a sair), funcionando de modo análogo a uma fila de atendimento em um guichê.

Além disso, a fila é uma estrutura que possui **início e fim** bem definidos:

- Os novos elementos são sempre inseridos no **final** da fila.
- Os elementos são sempre removidos do **início** da fila.

Após a remoção de um elemento da fila, os elementos subsequentes devem ser **reposicionados**, de maneira que o próximo elemento assuma a posição do elemento retirado e os demais sejam igualmente reposicionados, abrindo uma nova posição de inserção no final da fila.

### Operações Básicas

As duas operações básicas de uma fila são:

1. **Entrada (Enqueue / Inserir)**: adiciona um novo elemento no **final** da fila.
2. **Saída (Dequeue / Remover)**: retira o elemento que está no **início** da fila (sempre o primeiro elemento que foi inserido).

Em resumo, a fila funciona como uma fila de espera real: quem chega primeiro é atendido primeiro, e novos elementos sempre entram no final da linha. Essa é a principal diferença em relação à **pilha**, onde a remoção ocorre sempre no topo (último elemento inserido).";5;6.254812;2390;430;2820;0.7619047619047619;0.7586864424049362;0.9999999999;0.5
Q086;Por que a busca em largura em um grafo usa uma fila, em vez de uma pilha, para guardar os elementos a serem verificados?;"A busca em largura precisa verificar as conexões na mesma ordem em que foram adicionadas à lista de busca, garantindo que as conexões de primeiro grau sejam verificadas antes das de segundo grau, o que é essencial para encontrar o caminho mais curto. Como uma fila é FIFO, ela preserva essa ordem de chegada; uma pilha, sendo LIFO, inverteria a ordem e faria o algoritmo verificar primeiro os elementos adicionados mais recentemente, o que não garantiria encontrar o caminho mais curto.";Entendendo Algoritmos (Aditya Y. Bhargava) [Grokking Algorithms];"## Por que a Busca em Largura (BFS) usa uma Fila em vez de uma Pilha?

A resposta está diretamente relacionada à **estratégia de exploração** do algoritmo e ao seu objetivo principal: **encontrar o menor caminho** entre dois vértices.

### A natureza da fila (FIFO) vs. pilha (LIFO)

- **Fila (FIFO — First In, First Out):** O primeiro elemento a entrar é o primeiro a sair. Isso faz com que os vértices sejam explorados **na ordem em que foram descobertos**, ou seja, camada por camada (nível por nível).
- **Pilha (LIFO — Last In, First Out):** O último elemento a entrar é o primeiro a sair. Isso faria com que o algoritmo ""mergulhasse fundo"" no primeiro vizinho encontrado, explorando um caminho até o fim antes de voltar — que é exatamente o comportamento da **busca em profundidade (DFS)**.

### O motivo fundamental

A busca em largura funciona **percorrendo o grafo nível por nível** a partir do vértice inicial:

1. Primeiro, visita-se todos os vizinhos diretos (distância 1).
2. Depois, visita-se todos os vizinhos dos vizinhos (distância 2).
3. E assim por diante.

Para garantir esse comportamento, é essencial que **os vértices sejam processados na mesma ordem em que foram adicionados**. A fila garante isso: quando você descobre novos vizinhos, eles entram no **final** da fila, enquanto o próximo vértice a ser processado é retirado do **início**. Assim, todos os vértices do nível *n* são processados antes de qualquer vértice do nível *n+1*.

### Se usássemos uma pilha...

Se usássemos uma pilha, o último vértice descoberto seria processado primeiro. Isso faria com que o algoritmo seguisse um único caminho o mais profundamente possível antes de retroceder — ou seja, teríamos uma **busca em profundidade (DFS)**. A DFS não garante encontrar o caminho mais curto, pois pode encontrar um destino através de um caminho longo antes de explorar um caminho curto.

### Resumo

| Estrutura | Comportamento | Algoritmo | Garante menor caminho? |
|-----------|--------------|-----------|------------------------|
| **Fila (FIFO)** | Explora nível por nível | Busca em Largura (BFS) | ✅ Sim |
| **Pilha (LIFO)** | Explora fundo de cada caminho | Busca em Profundidade (DFS) | ❌ Não (no geral) |

Portanto, a fila é a estrutura que garante que os vértices sejam visitados em **ordem crescente de distância** a partir do vértice de origem, o que é exatamente o que permite à busca em largura encontrar o **menor caminho** entre dois pontos no grafo.";5;8.537851;4929;812;5741;0.13333333333333333;0.6226667900050857;0.0;0.0
Q087;O que é uma função hash e como ela permite que uma tabela hash encontre um valor com tempo de execução O(1)?;Uma função hash recebe uma chave (como uma cadeia de caracteres) e retorna consistentemente o mesmo número para a mesma entrada, mapeando essa chave para uma posição em um vetor subjacente. Como a tabela hash usa esse número como índice direto no vetor, ela acessa o valor associado à chave imediatamente, sem precisar percorrer os demais elementos, o que garante tempo de execução O(1) mesmo à medida que o número de itens armazenados aumenta.;Entendendo Algoritmos (Aditya Y. Bhargava) [Grokking Algorithms];"## O que é uma Função Hash?

Uma **função hash** é uma função que recebe uma entrada (como uma string) e a **mapeia para um número**, que corresponde a um índice em um array. Em outras palavras, ela converte uma chave (por exemplo, ""abacate"") em um índice numérico que indica exatamente onde o valor associado a essa chave deve ser armazenado ou encontrado no array.

Segundo o material, uma boa função hash precisa:

1. **Mapear diferentes strings para diferentes índices** — Se a string ""abacate"" é mapeada para o índice 4 e ""leite"" é mapeada para o índice 0, cada chave diferente deve apontar para um local diferente no array.
2. **Conhecer o tamanho do array** — A função hash deve retornar apenas índices válidos. Se o array tem 5 posições, a função não pode retornar 100, por exemplo.
3. **Distribuir os valores de forma simétrica** — Uma boa função hash distribui os valores de maneira uniforme pelo array, evitando agrupamentos que geram colisões.

---

## Como a Tabela Hash atinge tempo de execução O(1)?

A **tabela hash** é criada combinando uma função hash com um array. Funciona assim:

- **Para inserir:** Você passa a chave para a função hash, que retorna um índice. O valor é então armazenado diretamente naquele índice do array.
- **Para buscar:** Você passa a mesma chave novamente para a função hash, que retorna o mesmo índice. Assim, você vai direto àquele índice e recupera o valor.

O tempo de execução **O(1)** (tempo constante) significa que o tempo necessário para a operação **permanece sempre o mesmo**, independentemente do tamanho da tabela hash. Você não precisa percorrer todos os elementos — basta aplicar a função hash à chave para saber exatamente onde o valor está. É como saber o endereço de uma casa: você vai direto até ela, sem precisar verificar cada casa da rua.

---

## O caso médio e as colisões

É importante notar que O(1) refere-se ao **caso médio**. No **pior caso**, quando há muitas colisões (várias chaves mapeadas para o mesmo índice), a tabela hash pode se tornar lenta. Para evitar isso, são necessários:

- **Um baixo fator de carga** (quando o fator de carga supera 0,7, é necessário redimensionar a tabela — e mesmo com o custo do redimensionamento, em média a tabela hash mantém O(1)).
- **Uma boa função hash** que minimize colisões, distribuindo os valores de forma ampla e uniforme pelo array.

Em resumo, a função hash é o coração da tabela hash: ela transforma uma busca que seria linear (verificar item por item) em uma busca direta pelo índice calculado, garantindo o desempenho excepcional de **O(1)** no caso médio.";5;9.110943;5970;832;6802;0.7380952380952381;0.9178971461412994;0.3333333333;1.0
Q088;O que é uma colisão em uma tabela hash e qual é a solução mais simples para resolvê-la?;"Uma colisão ocorre quando a função hash mapeia duas chaves diferentes para a mesma posição do vetor subjacente da tabela, fazendo com que um valor sobrescreva o outro. A solução mais simples é, quando várias chaves caem na mesma posição, iniciar ali uma lista encadeada contendo todos os itens daquela posição; a busca por uma chave específica então percorre essa pequena lista em vez do vetor inteiro, desde que a função hash seja boa o suficiente para manter essas listas curtas.";Entendendo Algoritmos (Aditya Y. Bhargava) [Grokking Algorithms];"## O que é uma colisão em uma tabela hash?

Uma **colisão** ocorre quando **duas chaves diferentes são mapeadas pela função hash para o mesmo espaço** (índice) do array que compõe a tabela hash. Isso é um problema, pois, se simplesmente armazenarmos o novo valor nesse espaço, ele **sobrescreverá** o valor que já estava lá.

### Exemplo do livro *Entendendo Algoritmos*:
Imagine que você tem uma tabela hash para armazenar preços de frutas. A função hash mapeia ""ameixas"" para o primeiro espaço do array. Depois, você tenta inserir o preço dos ""abacates"", e a função hash **também** os mapeia para o primeiro espaço. Como as ameixas já estão lá, ocorre uma **colisão** — se você armazenar o preço dos abacates, o preço das ameixas será sobrescrito!

---

## Solução mais simples: Listas Encadeadas

A solução mais simples para resolver colisões é: **se diversas chaves mapeiam para o mesmo espaço, inicie uma lista encadeada nesse espaço.**

Assim, em vez de armazenar apenas um valor em cada posição do array, cada posição pode conter uma **lista encadeada** com todos os valores que colidiram para aquele índice. Quando você precisar buscar um valor, a função hash indica o espaço correto e, em seguida, você percorre a lista encadeada para encontrar o item desejado.

### ⚠️ Cuidados importantes:
- Se a lista encadeada se tornar **muito longa**, o desempenho da tabela hash diminui significativamente, pois a busca deixa de ser O(1) e passa a ser O(n) no pior caso.
- Para evitar que as listas fiquem longas, é fundamental ter:
  - **Um baixo fator de carga** (redimensionar a tabela quando o fator de carga for maior que **0,7**, criando um array com o **dobro** do tamanho original).
  - **Uma boa função hash**, que distribua os valores de forma simétrica pelo array, minimizando colisões.

Em resumo: as colisões são inevitáveis em tabelas hash, mas com uma boa função hash e um fator de carga baixo, elas podem ser minimizadas, mantendo o desempenho médio da tabela hash em **O(1)**.";5;31.137197;11223;721;11944;0.2777777777777778;0.9849922307172866;0.0;0.6666666666666666
Q089;O que é um registro (estrutura de dados heterogênea) e como ele difere de um vetor ou de uma matriz?;Um registro é um tipo de dado derivado que agrupa, dentro de uma única estrutura, vários campos que podem ser de tipos primitivos diferentes entre si, como cadeia, caractere, inteiro e real ao mesmo tempo. Isso faz dele uma estrutura heterogênea, diferentemente de um vetor ou de uma matriz, que são estruturas homogêneas e só podem armazenar dados de um único tipo em todas as suas posições.;Algoritmos Lógica para desenvolvimento de programação de computadores [Algorithms: Logic for Computer Programming Development];"## O que é um Registro (Estrutura de Dados Heterogênea)?

Um **registro** é uma estrutura de dados que permite **combinar vários dados de tipos diferentes** em uma mesma estrutura. Cada dado dentro de um registro é chamado de **campo**, e cada campo pode ter um tipo diferente (inteiro, real, caractere, cadeia, lógico, etc.). Por essa razão, o registro é considerado uma estrutura **heterogênea**.

> *""A estrutura de registro é um recurso que possibilita combinar vários dados de tipos diferentes (os quais serão chamados de campos) em uma mesma estrutura de dados. De forma mais ampla, pode-se dizer que registro é uma coleção designada de dados que descreve um objeto de dados como sendo uma abstração de dados.""*

**Exemplo prático:** Imagine um registro de um aluno que contém:
- **Nome** → tipo cadeia
- **Turma** → tipo caractere
- **Sala** → tipo inteiro
- **1ª Nota, 2ª Nota, 3ª Nota, 4ª Nota** → tipo real

Todos esses campos formam **uma única estrutura** que representa o aluno como um todo.

---

## Como o registro difere de um vetor ou de uma matriz?

| Característica | Vetor / Matriz | Registro |
|---|---|---|
| **Tipo de dados** | **Homogêneo**: todos os elementos são do **mesmo tipo** | **Heterogêneo**: cada campo pode ser de um **tipo diferente** |
| **Acesso aos elementos** | Por meio de **índices** (posição numérica) | Por meio do **nome do campo** (referência nomeada) |
| **Dimensões** | Vetor = 1 dimensão; Matriz = 2 ou mais dimensões | Não possui dimensões; possui **campos** que descrevem um objeto |
| **Controle de repetição** | Requer laços (enquanto, para, repita) para percorrer os elementos | Acesso direto a cada campo, sem necessidade de laços |
| **Finalidade** | Armazenar uma coleção de valores do mesmo tipo | Modelar um objeto do mundo real com atributos de tipos diversos |

### Resumo das diferenças:

1. **Vetores e matrizes** armazenam apenas dados do **mesmo tipo** (homogêneos). Se você precisa armazenar nomes (cadeia), notas (real) e salas (inteiro) de vários alunos, por exemplo, seria necessário usar **três matrizes separadas** — uma para cada tipo de dado.

2. **O registro** resolve exatamente esse problema, pois permite agrupar todos esses dados de tipos diferentes em **uma única estrutura**, facilitando a manipulação e a organização do programa.

3. É possível ainda combinar os dois conceitos criando uma **matriz de registros**, que permite armazenar vários registros (cada um com seus campos heterogêneos) em uma estrutura que pode ser percorrida por laços, como um vetor ou matriz comum.

### Analogia:

- Um **vetor** seria como uma **lista telefônica** contendo apenas números (todos do mesmo tipo).
- Um **registro** seria como uma **ficha de um aluno** contendo nome, idade, notas e endereço — informações de naturezas diferentes, mas que juntas descrevem uma única entidade.";5;12.518315;6381;872;7253;0.38461538461538464;0.9728142384475612;0.7499999999625;0.5
Q090;Como um tipo registro é declarado e como um campo específico de uma variável desse tipo é acessado?;"A declaração é feita com o comando tipo, definindo um identificador seguido de registro, listando cada campo com o seu respectivo tipo primitivo e encerrando com fim_registro; em seguida, o comando var associa uma variável a esse tipo derivado. Para acessar ou atribuir um campo específico dessa variável, usa-se a notação variável.campo (por exemplo, ALUNO.NOME ou ALUNO.NOTA1), separando o nome da variável do nome do campo por um ponto.";Algoritmos Lógica para desenvolvimento de programação de computadores [Algorithms: Logic for Computer Programming Development];"## Declaração de um Tipo Registro e Acesso a Campos

Com base no material consultado, aqui está como um tipo registro é declarado e como seus campos são acessados:

---

### 1. Declaração de um Tipo Registro

Um **registro** (também conhecido como variável composta heterogênea) é uma estrutura que agrupa dados de **diferentes tipos** sob um único nome. Cada dado contido em um registro é chamado de **campo**, e os campos podem ser de tipos primitivos diferentes ou até representar outros registros.

#### Em Algoritmos (Pseudocódigo)

A sintaxe geral é:

```
DECLARE nome_da_variável_registro REGISTRO (
    nome_campo1 TIPO_DO_CAMPO1,
    nome_campo2 TIPO_DO_CAMPO2,
    ...
)
```

#### Em Pascal

Em Pascal, a declaração é feita em duas etapas: primeiro define-se o **tipo** e depois declara-se a **variável**:

```pascal
TYPE
    BANCO = RECORD
        numero: INTEGER;
        saldo: REAL;
        titular: STRING[35];
    END;

VAR
    conta: BANCO;
```

> **Observação importante:** O tipo derivado registro deve ser declarado pelo comando `tipo` (ou `TYPE`) **antes** do comando `var` (ou `VAR`), uma vez que a variável que conterá a estrutura heterogênea deve ser declarada com o tipo de dado registro previamente definido.

---

### 2. Acesso a um Campo Específico de uma Variável Registro

O acesso a um campo específico de um registro é feito utilizando-se o **caractere ponto (`.`)**, que estabelece a separação entre o **nome da variável registro** e o **nome do campo** desejado.

#### Forma geral:

```
nome_da_variável_do_tipo_registro.nome_do_campo
```

#### Exemplos:

**Acesso genérico** (referencia todos os campos do registro de uma vez):
```
leia(Embarque);       // lê todos os campos do registro
escreva(Embarque);    // escreve todos os campos do registro
```

**Acesso específico** (referencia apenas um campo):
```
leia(Embarque.Poltrona);
escreva(Embarque.Data);
escreva(Embarque.Nome);
```

#### Exemplo completo de uso:

```
escreva(Embarque.Idade);
se (Embarque.Idade < 18) então
    escreva(Embarque.Nome, "" é menor de idade."");
fimse;
```

Neste exemplo:
- `Embarque` é a **variável do tipo registro**.
- `Idade` e `Nome` são **campos** desse registro, acessados por meio do operador ponto (`.`).

---

### Resumo

| Aspecto | Como fazer |
|---|---|
| **Declaração do tipo** | Usar `REGISTRO` (pseudocódigo) ou `RECORD` (Pascal), listando os campos com seus respectivos nomes e tipos |
| **Declaração da variável** | Declarar a variável com o tipo registro previamente definido |
| **Acesso a um campo** | Usar a notação `nome_variavel.nome_campo` (ponto separa a variável do campo) |
| **Acesso genérico** | Usar apenas o nome da variável (acessa todos os campos) |";5;6.783506;2353;875;3228;0.3157894736842105;0.8224644899995885;0.0;0.0
