id;question;ground_truth;source_book;answer;contexts_count;faithfulness;answer_relevancy;context_precision;context_recall;answer_response_time_seconds;answer_input_tokens;answer_output_tokens;answer_total_tokens
Q001;O que significa 'lógica de programação' em palavras simples?;É o uso correto das leis do pensamento e de processos organizados de raciocínio aplicados à criação de programas de computador, com o objetivo de produzir soluções válidas e coerentes que resolvam adequadamente os problemas propostos.;Lógica de programação (André Luiz Villar Forbellone) [Programming Logic];De acordo com o contexto, a lógica de programação pode ser entendida como uma técnica de se encadear pensamentos com o intuito de atender a um certo objetivo, especificamente objetivando o estabelecimento de uma sequência organizada de passos que serão executados por um computador, na forma de um programa.;5;1.0;0.6997459597669953;0.3333333333;1.0;10.135753;1063;816;1879
Q002;A lógica existe no nosso dia a dia, fora da programação de computadores?;"Sim. Sempre que pensamos, falamos, escrevemos ou agimos corretamente, estamos colocando 'ordem no pensamento', ou seja, aplicando lógica; ela não se restringe à matemática ou à computação e aparece em situações simples do cotidiano.";Lógica de programação (André Luiz Villar Forbellone) [Programming Logic];"Sim, a lógica existe no nosso dia a dia fora da programação de computadores. De acordo com o contexto, sempre que pensamos, falamos ou escrevemos, a lógica nos acompanha e é necessária para colocar ""ordem no pensamento"". Ela está enraizada em nossas vidas e presente em situações cotidianas, como resolver problemas diários, tomar decisões, seguir uma receita (fazer um bolo), trocar o pneu de um carro ou instalar um aparelho de TV, seguindo uma certa racionalidade ou sequência de passos.";5;1.0;0.842089990385595;0.99999999998;0.6666666666666666;7.504812;1183;905;2088
Q003;De um jeito bem direto: o que é um algoritmo?;É uma sequência de passos bem definidos e ordenados que tem por objetivo resolver um determinado problema ou chegar a um resultado esperado, como os passos de uma receita de bolo.;Lógica de programação (André Luiz Villar Forbellone) [Programming Logic];"Segundo o contexto, de forma bem direta, um algoritmo pode ser definido como **""um conjunto de instruções para resolver um problema""**. 

Do ponto de vista computacional, é qualquer procedimento bem definido que toma valores como entrada e produz valores como saída, sendo também entendido como o caminho ou os passos que se deve seguir para chegar à solução de um problema.";5;1.0;0.7571559616336753;0.99999999998;0.0;5.247654;1237;1093;2330
Q004;Quais são as principais formas de representar um algoritmo?;Pode ser representado de forma textual, escrevendo os passos em linguagem coloquial comum ou em pseudocódigo estruturado, ou de forma gráfica, como um fluxograma ou um diagrama de Chapin. Cada técnica tem vantagens e desvantagens quanto à clareza e à facilidade de escrita.;Lógica de programação (André Luiz Villar Forbellone) [Programming Logic];"De acordo com o contexto, um algoritmo pode ser descrito basicamente de duas formas:

1. **Forma gráfica**: a partir da utilização de diagramas de blocos, que substituem um grande número de palavras por convenções de desenhos (como fluxogramas tradicionais e Chapin).
2. **Forma textual**: a partir de uma linguagem de projeto de programação ou mesmo de uma linguagem de programação de computadores formal, podendo também ser expresso em português coloquial.";5;1.0;0.7411949457204914;0.8666666666377778;1.0;6.817519;1205;741;1946
Q005;O que é uma variável dentro de um algoritmo?;É um dado cujo valor pode ser alterado durante a execução do algoritmo, armazenado em uma posição de memória identificada por um nome. É como uma gaveta etiquetada que, ao longo do tempo, pode guardar um objeto diferente dentro de si.;Lógica de programação (André Luiz Villar Forbellone) [Programming Logic];"De acordo com o contexto, de forma simplista, uma variável é a representação de uma região de memória utilizada para armazenar, acessar e modificar certo valor por um determinado espaço de tempo (com esse tempo de armazenamento relacionado ao tempo de duração da execução de um programa). 

Além disso, é definida como a quantidade de memória reservada previamente e devidamente rotulada com um nome, destinada a guardar os dados (valores, letras, nomes) que servirão de ""entrada"" ou ""matéria-prima"" para a realização das tarefas/ações planejadas no algoritmo/programa.";5;1.0;0.7552694659471073;0.699999999965;0.5;5.215875;1005;535;1540
Q006;Quais regras um identificador (nome de variável) deve seguir?;Ele deve necessariamente começar com um caractere alfabético, pode ser seguido por outras letras ou números e não pode conter caracteres especiais nem espaços em branco.;Lógica de programação (André Luiz Villar Forbellone) [Programming Logic];"De acordo com o contexto fornecido, as regras que um identificador (nome de variável) deve seguir são:

*   Devem começar com um caractere alfabético (letra) ou com o caractere sublinhado (_);
*   Os demais caracteres podem ser alfanuméricos (letras e/ou números);
*   É permitido o uso do caractere especial ‘sublinha’ ou underline (_), mas **não** é permitido o uso de outros caracteres especiais (como @, $, +, -, %, !);
*   Não pode haver espaços em branco. Caso seja um nome composto, deve-se utilizar o caractere ""_"" (underline) para a separação;
*   O compilador não faz distinção entre letras maiúsculas e minúsculas (exemplo: o identificador NUM é exatamente igual ao identificador num);
*   Não é permitido usar o mesmo nome de comandos ou instruções de uma linguagem de programação, conhecidos como palavras reservadas;
*   Não pode ser utilizado um nome que já tenha sido usado para identificar um programa ou outra variável, sendo o nome exclusivo no programa em que foi definido;
*   Deve expressar em seu nome o que realmente irá manipular, não deixando dúvida ou ambiguidade, para garantir a legibilidade e facilitar a manutenção por outros programadores.";5;1.0;0.985313821435717;0.9166666666361111;1.0;5.650562;1107;1375;2482
Q007;O que é uma constante em um algoritmo?;É um dado cujo valor nunca muda durante a execução do algoritmo, permanecendo o mesmo do início ao fim e também se mantendo igual em diferentes execuções ao longo do tempo.;Lógica de programação (André Luiz Villar Forbellone) [Programming Logic];"De acordo com o contexto, em um algoritmo ou programa de computador, uma constante é tudo que é fixo, estável, inalterável, imutável e de valor fixo. Do ponto de vista computacional, é uma grandeza numérica fixa utilizada numa expressão aritmética ou matemática que define um valor que será inalterado, independentemente das variáveis envolvidas na operação. 

Na programação de computadores, é um valor numérico associado a um nome, sem qualquer atributo, que é definido inicialmente ao programa e não será alterado em nenhum momento até o término da sua execução. 

Adicionalmente, no contexto de tempo de execução, a letra *c* é uma quantidade determinada de tempo que o algoritmo leva para ser executado e também é chamada de constante.";5;1.0;0.8773215486914768;0.99999999995;1.0;5.94341;776;856;1632
Q008;Por que usamos aspas duplas ao escrever uma constante do tipo caractere?;As aspas duplas são usadas para delimitar e distinguir os dados constantes do tipo caractere dos demais tipos primitivos, deixando claro no algoritmo onde aquele texto fixo começa e termina.;Lógica de programação (André Luiz Villar Forbellone) [Programming Logic];"De acordo com o contexto, para identificar um único caractere isoladamente utilizam-se apóstrofos (‘ ’). As aspas duplas (“ ”) são utilizadas para identificar uma cadeia de caracteres (string), e a razão para o seu uso é ""possibilitar a separação entre o texto do seu programa e o conteúdo de uma string"", delimitando o início e o fim da sequência de caracteres.";5;1.0;0.6634503227020693;0.9166666666361111;1.0;9.174962;1014;1565;2579
Q009;Qual é a diferença entre uma constante e uma variável?;Uma constante mantém sempre o mesmo valor do início ao fim da execução do algoritmo, enquanto uma variável pode ter seu valor alterado a qualquer momento durante essa execução.;Lógica de programação (André Luiz Villar Forbellone) [Programming Logic];"Com base no contexto fornecido, a diferença entre uma constante e uma variável é:

- **Variável:** É a representação de uma região de memória utilizada para armazenar, acessar e **modificar** certo valor por um determinado espaço de tempo (relacionado ao tempo de duração da execução de um programa).
- **Constante:** É um valor associado a um nome que, apesar de definido inicialmente, **não será alterado em nenhum momento até o término da execução** do programa. O processo de vincular um valor a uma constante nomeada é permanente (ou, no caso de uma constante `readonly`, seu valor é determinado apenas quando o objeto é criado e não muda depois).";5;1.0;0.9266492532556886;0.36666666664833336;1.0;6.282876;1018;1232;2250
Q010;Dê um exemplo que ajude a ilustrar a diferença entre uma constante e uma variável.;"No cálculo da área de um círculo, o valor de pi é uma constante, pois é sempre o mesmo número independentemente do cálculo; já o raio é uma variável, porque muda dependendo de qual círculo está sendo considerado.";Lógica de programação (André Luiz Villar Forbellone) [Programming Logic];"Um exemplo para ilustrar a diferença entre valores constantes e variáveis seria a construção de um algoritmo para calcular o valor da área de uma circunferência. Neste caso, seria necessário usar a fórmula em que a área é igual a πr², na qual ""π"" (pi) tem um valor constante de 3,1416..., independente de qual seja a circunferência (vale para todas as ocasiões em que calculamos a área); já o valor de ""r"", que representa o raio, é uma variável, pois é dependente da circunferência.";5;1.0;0.7624705697399111;0.8666666666377778;1.0;3.768247;1131;716;1847
Q011;Quais são os tipos de dados primitivos usados na lógica de programação?;São quatro: inteiro (números inteiros positivos, negativos ou zero), real (números com casas decimais), caractere (letras, números e símbolos tratados como texto) e lógico (que admite apenas os valores verdadeiro ou falso).;Lógica de programação (André Luiz Villar Forbellone) [Programming Logic];"Com base no contexto fornecido, os tipos de dados primitivos (ou básicos) usados na lógica de programação são classificados em três grupos:

* **Numéricos:** que podem ser **Inteiro** (valores positivos e negativos, excluindo valores fracionários) ou **Real** (valores que incluem frações).
* **Caractere (ou Cadeia):** representados por valores alfabéticos ou alfanuméricos.
* **Lógico:** representados pelos valores falso e verdadeiro. 

*(Nota: O contexto também menciona que em linguagens específicas como o PASCAL, esses tipos podem aparecer com nomes predefinidos como Integer, Char, Byte, Real, String e Boolean).*";5;1.0;0.920356848960144;0.8666666666377778;1.0;4.64872;1036;864;1900
Q012;O que caracteriza o tipo de dado lógico?;É um tipo de informação biestável, ou seja, só pode assumir um de dois estados possíveis, convencionalmente representados como verdadeiro (V) ou falso (F), como uma porta que só pode estar aberta ou fechada.;Lógica de programação (André Luiz Villar Forbellone) [Programming Logic];"De acordo com o contexto, o tipo de dado lógico é caracterizado por:
- Dados com valores binários do tipo sim e não, verdadeiro e falso, 1 e 0, entre outros, em que apenas um dos valores pode ser escolhido.
- Toda informação que pode assumir duas situações: verdadeiro ou falso.
- Também é conhecido como tipo booleano.";5;1.0;0.8535925785258325;0.99999999998;0.5;4.547773;1131;535;1666
Q013;Para que serve o comando 'leia' em um algoritmo?;É o comando de entrada de dados: recebe um valor vindo de fora do algoritmo, como algo digitado pelo usuário, e atribui esse valor à variável indicada entre parênteses.;Lógica de programação (André Luiz Villar Forbellone) [Programming Logic];Segundo o contexto, o comando de entrada (representado pela palavra LEIA) é utilizado para receber dados digitados pelo usuário, que serão armazenados em variáveis.;5;1.0;0.7487338837218077;0.6388888888675925;1.0;5.793339;948;437;1385
Q014;De onde vêm os dados que o comando de entrada armazena nas variáveis?;"Vêm de fora do algoritmo, como o teclado ou outro dispositivo de entrada, semelhante aos ingredientes que entram em uma receita; sem essa entrada, o algoritmo não teria nada com que trabalhar.";Lógica de programação (André Luiz Villar Forbellone) [Programming Logic];Os dados vêm de um dispositivo de entrada de dados (como o teclado do computador) ou de um arquivo em disco, consistindo em dados digitados pelo usuário.;5;1.0;0.6881539641352195;0.9999999999666667;0.3333333333333333;2.164042;851;318;1169
Q015;Qual é a função do comando 'escreva' em um algoritmo?;É o comando de saída de dados: exibe o conteúdo de uma variável identificada, mostrando ao usuário o resultado ou a resposta calculada pelo algoritmo.;Lógica de programação (André Luiz Villar Forbellone) [Programming Logic];"Com base no contexto fornecido, a função do comando 'escreva' é a de ser um **comando de saída de dados**. Ele é utilizado para mostrar dados na tela ou na impressora, podendo exibir conteúdos de variáveis ou mensagens (cadeias de caracteres). 

Além disso, as expressões passadas na lista do comando são analisadas e seus resultados são impressos na saída padrão. Uma característica específica do comando 'escreva' em relação ao 'escreval' é que, após terminar a execução, o cursor permanece na mesma posição em que estava, ou seja, ele não muda de linha.";5;1.0;0.8178437370592241;0.999999999975;1.0;5.72806;1049;629;1678
Q016;É possível exibir mais de uma informação em um único comando 'escreva'?;"Sim, basta colocar entre parênteses vários identificadores, expressões ou trechos de texto separados por vírgulas, como em escreva(""Você pesa"", W, ""quilos""), permitindo combinar texto fixo com o valor de variáveis.";Lógica de programação (André Luiz Villar Forbellone) [Programming Logic];"Sim, é possível. De acordo com o contexto, os comandos de saída aceitam uma ""lista-de-expressões"" que devem estar entre parênteses e separadas por vírgula. O exemplo fornecido no contexto, `escreval (“A = “, A, “ e B = “, B)`, demonstra que múltiplas informações (uma cadeia de caracteres e o valor de variáveis) podem ser exibidas em um único comando.";5;1.0;0.74264462107486;0.9166666666361111;1.0;6.559565;1257;581;1838
Q017;Quais são os operadores aritméticos básicos usados em algoritmos?;São a adição (+), a subtração (-), a multiplicação (*) e a divisão (/), usados para representar as operações matemáticas fundamentais entre constantes ou variáveis numéricas.;Lógica de programação (André Luiz Villar Forbellone) [Programming Logic];Os operadores aritméticos básicos usados em algoritmos são: adição (+), subtração (-), multiplicação (*) e divisão (/).;5;1.0;1.0000000000000002;0.8666666666377778;1.0;3.174563;1020;278;1298
Q018;Como a potenciação e a radiciação são representadas em pseudocódigo, já que os símbolos ^ e √ não são usados?;Em vez disso, usam-se palavras-chave: pot(x,y) representa x elevado a y, e rad(x) representa a raiz quadrada de x.;Lógica de programação (André Luiz Villar Forbellone) [Programming Logic];"De acordo com o contexto, a potenciação e a radiciação são representadas em pseudocódigo usando as palavras-chave **pot** e **rad**, respectivamente:

- **Potenciação:** Representada por `pot(x,y)`, significando ""x elevado a y"" (exemplo: `pot(2,3)`). 
- **Radiciação:** Representada por `rad(x)`, significando ""raiz quadrada de x"" (exemplo: `rad(9)`).

O contexto também menciona que uma potência como a² pode ser representada simplesmente por `a*a`.";5;1.0;0.8943806240858078;0.5833333333041666;1.0;7.531065;1280;746;2026
Q019;Para que servem os operadores relacionais?;Servem para comparar dois valores de um mesmo tipo primitivo, sejam constantes, variáveis ou expressões aritméticas, permitindo construir entre eles relações como igualdade ou desigualdade.;Lógica de programação (André Luiz Villar Forbellone) [Programming Logic];De acordo com o contexto, os operadores relacionais servem para estabelecer uma condição, ou seja, uma relação lógica entre dois elementos. Eles são responsáveis por comparar os valores de seus dois operandos. O resultado obtido dessa comparação ou relação é sempre um valor lógico (verdadeiro ou falso).;5;1.0;0.980847972434762;0.94999999997625;1.0;13.692864;1049;738;1787
Q020;De que tipo é sempre o resultado de uma comparação feita com um operador relacional?;É sempre um valor lógico, verdadeiro ou falso, dependendo de a relação testada entre os dois valores comparados se verificar ou não.;Lógica de programação (André Luiz Villar Forbellone) [Programming Logic];De acordo com o contexto, o resultado de uma comparação feita com um operador relacional é sempre um valor lógico (ou booleano), ou seja, verdadeiro ou falso.;5;1.0;0.9382701067427762;0.8666666666377778;1.0;5.797681;1063;423;1486
Q021;Quais são os três operadores lógicos básicos e o que cada um faz?;"São o não, que inverte o valor de uma condição (negação); o e, que só resulta verdadeiro quando ambos os operandos são verdadeiros (conjunção); e o ou, que resulta verdadeiro quando pelo menos um dos operandos é verdadeiro (disjunção).";Lógica de programação (André Luiz Villar Forbellone) [Programming Logic];"Com base no contexto, os três operadores lógicos que trabalham diretamente com mais de uma condição são o **e**, o **ou** e o **xou**. O que cada um faz:

*   **ou**: Operador que resulta VERDADEIRO quando um dos seus operandos lógicos for verdadeiro.
*   **e**: Operador que resulta VERDADEIRO somente se seus dois operandos lógicos forem verdadeiros.
*   **xou**: Operador que resulta VERDADEIRO se seus dois operandos lógicos forem diferentes, e FALSO se forem iguais.";5;1.0;0.8352103486133715;0.8874999999778125;1.0;8.724407;1139;1103;2242
Q022;Em que situação o operador lógico 'e' entre duas condições resulta verdadeiro?;"Somente quando ambas as condições avaliadas são simultaneamente verdadeiras; se qualquer uma delas for falsa, o resultado do 'e' também será falso.";Lógica de programação (André Luiz Villar Forbellone) [Programming Logic];De acordo com o contexto, o operador lógico 'e' resulta VERDADEIRO somente se seus dois operandos lógicos (ou proposições) forem verdadeiros.;5;1.0;0.8617529759684072;0.8333333332916666;1.0;2.911713;1086;348;1434
Q023;O que o comando de atribuição faz em um algoritmo?;Fornece um valor a uma variável, armazenando nela o resultado de uma expressão ou uma constante, desde que o tipo desse valor seja compatível com o tipo declarado da variável.;Lógica de programação (André Luiz Villar Forbellone) [Programming Logic];"Com base no contexto fornecido, o comando de atribuição pode ser definido como uma ação a ser executada. Suas principais funções e características são:

1. Atribuir um valor a um identificador (o nome de uma variável), que deve estar explicitado no lado esquerdo do símbolo de igualdade (ou `:=` em Pascal).
2. O valor atribuído pode ser o resultado de uma expressão, o valor de uma variável ou uma constante. O resultado da expressão será armazenado no identificador.
3. Ele fornece o mecanismo por meio do qual o usuário pode mudar dinamicamente as vinculações de valores a variáveis nas linguagens imperativas.

O contexto também ressalta que o comando de atribuição não representa uma igualdade matemática, mas sim a atribuição de um valor a uma variável.";5;1.0;0.6360127194990778;0.9999999999666667;0.0;5.058274;1062;1042;2104
Q024;O que deve existir do lado esquerdo do símbolo de atribuição?;Deve haver apenas um único identificador, ou seja, o nome de uma variável, pois é ali que será armazenado o valor calculado no lado direito da expressão.;Lógica de programação (André Luiz Villar Forbellone) [Programming Logic];"Do lado esquerdo do símbolo de atribuição deve existir uma variável (também referida no texto como identificador, que é uma variável). Como o contexto menciona: ""identificador é uma variável e sempre aparecerá do lado esquerdo da atribuição"" e que o valor é ""transferido para a variável posicionada à esquerda do símbolo de atribuição"".";5;1.0;0.7162555510384436;0.32499999998375;1.0;3.78832;820;660;1480
Q025;O que caracteriza a estrutura sequencial de um algoritmo?;É quando o conjunto de ações do algoritmo é executado uma após a outra, em ordem linear de cima para baixo, seguindo exatamente a mesma ordem em que as ações foram escritas.;Lógica de programação (André Luiz Villar Forbellone) [Programming Logic];De acordo com o contexto, a estrutura sequencial de um algoritmo é caracterizada pelo fato de que o conjunto de ações primitivas será executado em uma sequência linear de cima para baixo e da esquerda para [direita]. Além disso, estabelece a sequência a ser executada, descrevendo de forma sucinta a ação passo a passo para a solução do problema indicado, baseando-se nas etapas de trabalho de um computador: entrada, processamento e saída.;5;1.0;0.9627837955224526;0.49999999995;1.0;7.630115;1075;1230;2305
Q026;Como as ações costumam ser separadas dentro da estrutura sequencial de um algoritmo?;"Por convenção, cada ação é separada da seguinte por um ponto e vírgula (;), sinalizando que, uma vez alcançada, o próximo comando da sequência deve ser executado.";Lógica de programação (André Luiz Villar Forbellone) [Programming Logic];"De acordo com o contexto, as ações costumam ser separadas por um **ponto-e-vírgula (;)**. O texto menciona que essa convenção tem o objetivo de separar uma ação da outra e auxiliar na organização sequencial das ações, indicando que após encontrar um (;), deve-se executar o próximo comando da sequência.";5;1.0;0.724233957514718;0.19999999998;1.0;6.190716;1158;411;1569
Q027;Qual é a ordem de prioridade entre parênteses, operadores aritméticos, operadores relacionais e operadores lógicos em uma expressão?;Primeiro resolvem-se os parênteses mais internos, depois os operadores aritméticos, em seguida os operadores relacionais e, por fim, os operadores lógicos.;Lógica de programação (André Luiz Villar Forbellone) [Programming Logic];"Com base no contexto fornecido, a ordem de prioridade (precedência) entre os elementos em uma expressão é a seguinte:

1. **Parênteses:** São utilizados com a finalidade de estabelecer uma nova ordem de execução entre os operadores. Caso seja necessário alterar o nível de prioridade de um cálculo, ele deve ser colocado entre parênteses (podendo-se usar vários níveis).
2. **Operadores aritméticos:** Possuem a 1ª e 2ª prioridade. Primeiro são realizadas as operações de multiplicação e divisão (`*`, `/`), e em seguida a adição e subtração (`+`, `-`). *Nota: o operador `div` possui nível de prioridade inferior a qualquer outro operador aritmético.*
3. **Operadores relacionais:** Possuem a 3ª e 4ª prioridade. Primeiro os operadores `>`, `<`, `>=`, `<=` e, na sequência, `=` e `z`.
4. **Operadores lógicos:** Possuem a 5ª, 6ª e 7ª prioridade. A ordem é:
   - 5ª: `não` (Negação) — possui o maior nível de prioridade lógica;
   - 6ª: `e` (Conjunção) — nível médio de prioridade;
   - 7ª: `ou` (Disjunção inclusiva) e `xou` (Disjunção exclusiva) — possuem o baixo nível de prioridade.";5;1.0;0.7827459248076155;0.99999999995;1.0;5.891847;1086;1213;2299
Q028;Entre os operadores lógicos não, e e ou, qual tem a maior prioridade na resolução de uma expressão?;"O operador não tem a maior prioridade, seguido pelo e e, por último, pelo ou; essa é a ordem em que são resolvidos quando aparecem juntos em uma mesma expressão lógica.";Lógica de programação (André Luiz Villar Forbellone) [Programming Logic];O operador .não. (negação) é o que possui maior nível de prioridade na resolução de uma expressão lógica.;5;1.0;0.8748816267666832;0.99999999995;1.0;4.683788;1138;453;1591
Q029;Quais são os tipos de dados numéricos usados em Python e qual é a diferença entre eles?;"Python trabalha com números inteiros (int), que não têm parte decimal, e números de ponto flutuante (float), que têm parte decimal; mesmo um valor como 1.0, com zero na casa decimal, já é considerado de ponto flutuante.";Introdução à programação com Python (Nilo Ney Coutinho Menezes) [Introduction to Programming with Python];"De acordo com o contexto, os tipos de dados numéricos usados em Python são os **números inteiros** e os **números de ponto flutuante** (ou decimais). 

A diferença entre eles é a seguinte:

* **Números inteiros:** São aqueles sem parte decimal. Exemplos: 1, 0, -5, 550, -47, 30000.
* **Números de ponto flutuante (ou decimais):** São aqueles que possuem parte decimal. Exemplos: 1.0, 5.478, 10.478, 30000.4. O texto destaca que, mesmo que a parte decimal seja zero (como no caso do 1.0), o número é classificado como de ponto flutuante. 

Além disso, em Python (e na maioria das linguagens de programação), utiliza-se o ponto (e não a vírgula) como separador entre a parte inteira e fracionária, e não se utiliza nada como separador de milhar (exemplo: um milhão é escrito como 1000000).";5;0.9;0.9321981992053033;0.9999999999;1.0;18.168186;1213;1179;2392
Q030;Como Python representa os valores lógicos (booleanos)?;Ele usa o tipo lógico, também chamado de booleano, escrevendo True para representar verdadeiro e False para representar falso, sempre com a primeira letra maiúscula.;Introdução à programação com Python (Nilo Ney Coutinho Menezes) [Introduction to Programming with Python];De acordo com o contexto, em Python os valores lógicos (booleanos) são representados escrevendo **True** para verdadeiro e **False** para falso. O texto também ressalta que as letras iniciais T e F devem ser escritas com letras maiúsculas.;5;1.0;0.864256071756288;0.7555555555303703;1.0;4.09278;1125;384;1509
Q031;Como funciona a estrutura condicional simples (se-então) e quando o comando associado a ela é de fato executado?;"Na estrutura condicional simples, um comando (ou bloco de comandos) só é executado quando a condição testada é verdadeira; se a condição for falsa, a estrutura termina sem executar nada. Quando mais de um comando depende da condição, esse conjunto deve ser delimitado por marcadores de início/fim de bloco (como início/fim), o que não é necessário quando há apenas um comando.";Lógica de programação (André Luiz Villar Forbellone) [Programming Logic];"Com base no contexto fornecido, a estrutura condicional simples funciona da seguinte maneira:

Ela utiliza os comandos `se`, `então` e `fim_se` (ou `INÍCIO` e `FIM` na estrutura de algoritmos). Uma condição — que é uma comparação possuidora de dois valores possíveis: verdadeiro ou falso — é definida entre os comandos `se` e `então`. 

O comando (ou a sequência de instruções) associado a essa estrutura é de fato executado **apenas se a condição for verdadeira**. Se a condição for verdadeira, todas as instruções subordinadas dentro do bloco adjacente (entre `se...então` e `fim_se`) serão executadas. Caso a condição seja falsa, essas instruções são ignoradas e serão executadas apenas as eventuais instruções que estiverem após o comando `fim_se`.";5;1.0;0.7500936294748054;0.4499999999775;1.0;11.404786;1028;881;1909
Q032;Qual é a diferença entre a estrutura condicional simples e a composta?;"Na estrutura simples há apenas um desvio (então), que executa uma ação somente quando a condição é verdadeira, não fazendo nada se ela for falsa. Na estrutura composta há dois desvios, então e senão: se a condição for verdadeira, o bloco do então é executado; se for falsa, o bloco do senão é executado, garantindo que alguma ação seja sempre tomada.";Fundamentos da programação de computadores (Ana Fernanda Gomes Ascencio et al.) [Fundamentals of Computer Programming];"De acordo com o contexto, a diferença entre a estrutura condicional simples e a composta é:

- **Condicional Simples (Formato 1):** Possui a estrutura básica `se <condição> entao <sequência-de-comandos> fimese`. Ela permite efetuar um desvio e executar um trecho de programa caso a condição seja verdadeira, enquanto o outro trecho é ignorado.
- **Condicional Composta (Formato 2):** Possui a estrutura `if (condição) comando1; else comando2;`. Além dos elementos já existentes no comando condicional simples, ela acrescenta a palavra-chave `else` (senão). Nela, a condição é uma expressão lógica que, sendo verdadeira, faz com que o `comando1` seja executado e, sendo falsa, faz com que o `comando2` seja executado. Somente após executar um dos comandos o controle passará para o próximo comando após o fim da estrutura condicional.";5;1.0;0.9992900687219078;0.3333333333;1.0;20.889304;1194;1145;2339
Q033;Em uma seleção composta, o que acontece se o resultado da condição for falso?;Quando o resultado da condição avaliada é falso, o algoritmo desvia para o bloco associado à cláusula senão, executando a sequência de comandos (ou a ação única) prevista para esse caso, em vez do bloco associado ao então, que só é executado quando a condição é verdadeira.;Lógica de programação (André Luiz Villar Forbellone) [Programming Logic];Caso o resultado da condição seja falso, teremos a execução do comando C (ação primitiva) que segue a cláusula senão.;5;1.0;0.802062782790281;0.4777777777618519;1.0;3.17236;1010;780;1790
Q034;O que caracteriza uma estrutura condicional encadeada (senão-se) e por que ela é chamada de heterogênea quando não há um padrão de construção identificável?;Uma estrutura encadeada surge quando várias seleções são agrupadas em sequência, geralmente porque uma ação só deve ocorrer se um amplo conjunto de possibilidades ou combinações de condições for satisfeito, testando uma nova condição dentro da cláusula senão da anterior. Quando essas seleções encadeadas não seguem um padrão lógico de construção identificável, a estrutura é chamada de estrutura encadeada heterogênea.;Lógica de programação (André Luiz Villar Forbellone) [Programming Logic];"De acordo com o contexto, uma estrutura de seleção encadeada é caracterizada pelo encadeamento de várias seleções, no qual ""a resposta de uma condição gera outra questão, isto é, outra condição"", permitindo diversos caminhos e elevando as possibilidades de construção.

Ela é chamada de seleção encadeada heterogênea quando ""não conseguimos identificar um padrão lógico de construção em uma estrutura de seleção encadeada"".";5;1.0;0.7250062961757919;0.9999999999;0.5;9.649338;1147;1066;2213
Q035;Como um algoritmo pode usar comandos condicionais aninhados (um se dentro de outro) para refinar uma decisão já tomada, como na classificação da nota de aprovação de um aluno em faixas?;"Um comando condicional aninhado é um se colocado dentro do bloco verdadeiro (ou falso) de outro se, permitindo que uma segunda decisão seja avaliada somente depois de a primeira condição já ter sido confirmada. No exemplo da média de um aluno, verifica-se primeiro se o aluno foi aprovado (média maior ou igual a 5); só então, dentro desse bloco, novos comandos verificam a faixa exata da média para escrever se a aprovação foi com louvor, mérito ou distinção, e cada se aninhado precisa de seu próprio marcador de fechamento correspondente.";Algoritmos e Programação de Computadores (Dilermando Junior, Gilberto Nakamiti) [Algorithms and Computer Programming];"De acordo com o contexto, um algoritmo pode necessitar de comandos condicionais mais complexos, colocando um comando condicional dentro de outro, o que é chamado de **comandos aninhados**. A necessidade de compor essa estrutura surge de acordo com o problema a ser resolvido.

No exemplo da classificação do aluno, o algoritmo inicialmente toma a decisão básica: se a média é maior ou igual a 5, o aluno está ""APROVADO""; se for menor, está ""REPROVADO"". 

Para refinar essa decisão já tomada (no caso de aprovação), um novo comando condicional é aninhado dentro da estrutura de aprovação. Isso permite adicionar ""palavras complementares ao desempenho do aluno de acordo com a média que o aprovou"". Assim, se a média for maior ou igual a 5, além de imprimir a palavra ""APROVADO"", o algoritmo aninharia outra condição para classificar a nota em faixas específicas (embora o texto exato do exemplo de aninhamento seja cortado no contexto, o princípio de refinar a decisão por meio de um ""se"" dentro do outro fica estabelecido).

Além disso, o contexto aponta que, para realizar essa classificação em faixas, o mesmo resultado do condicional aninhado pode ser obtido de forma mais organizada utilizando o **comando de seleção** (estrutura de casos), onde a média é dividida em casos específicos, como:
- caso 10: Escreva “Aprovado com Louvor”
- caso 8,9: Escreva “Aprovado com Mérito”
- caso 6,7: Escreva “Aprovado com Destaque”
- caso 5: Escreva “Aprovado”
- outrocaso: Escreva “Reprovado”";5;0.95;0.7881502105721628;0.99999999995;0.6666666666666666;25.235272;1242;1381;2623
Q036;Como a estrutura de repetição com pré-teste (enquanto) controla quantas vezes um trecho do algoritmo será executado?;A estrutura enquanto verifica a condição antes de cada execução do bloco de comandos, repetindo-o somente enquanto essa condição permanecer verdadeira. Por causa disso, se a condição já for falsa na primeira verificação, o bloco pode não ser executado nenhuma vez, o que é a principal característica desse tipo de repetição.;Lógica de programação (André Luiz Villar Forbellone) [Programming Logic];"De acordo com o contexto, a estrutura de repetição com pré-teste (enquanto) controla a execução verificando antes de cada execução se é ""permitido"" executar o trecho do algoritmo. Ela permite que um bloco ou ação seja repetido enquanto uma determinada `<condição>` for verdadeira. Como a condição está no início (teste no início), o laço pode até não ser executado nenhuma vez caso a condição não seja satisfeita logo de início.";5;1.0;0.8773646440503895;0.8333333332916666;1.0;15.408345;1082;788;1870
Q037;Em uma estrutura enquanto, o que é preciso fazer para controlar o número de repetições, já que essa estrutura não oferece esse recurso por si só?;Como a estrutura enquanto, sozinha, não sabe quantas vezes já repetiu, é necessário criar um contador: uma variável com um valor inicial definido, que é incrementada a cada repetição, e usar essa variável na condição de parada do laço, por exemplo repetindo enquanto o contador for menor que o número desejado de execuções.;Lógica de programação (André Luiz Villar Forbellone) [Programming Logic];A informação não está presente no contexto.;5;0.0;0.0;0.0;1.0;22.464848;1279;1267;2546
Q038;Como funciona a estrutura de repetição para (com variável de controle) e o que a diferencia das outras estruturas de repetição?;A estrutura para repete um bloco de comandos um número predeterminado de vezes, usando uma variável de controle que recebe um valor inicial, é comparada a um valor final e é incrementada por um passo definido a cada execução. Diferentemente do enquanto e do repita, ela não depende de uma condição lógica avaliada a cada passagem, mas sim de limites fixos estabelecidos antes de o laço começar.;Lógica de programação (André Luiz Villar Forbellone) [Programming Logic];"Com base no contexto fornecido, a estrutura de repetição `para` (com variável de controle) funciona da seguinte forma e possui as seguintes características:

**Como funciona:**
* É utilizada quando se sabe o número exato de vezes (finito e determinado) que um trecho do algoritmo deve ser repetido.
* Utiliza uma **variável de controle**, que deve ser do tipo inteiro.
* É definido um **valor-inicial** para essa variável, que é atribuído apenas uma vez antes de iniciar a primeira repetição do comando (pode ser uma constante ou expressão aritmética de valor inteiro).
* A sequência de comandos é executada até que a variável de controle atinja o **valor-limite** (o valor de parada).
* A cada repetição, a variável de controle sofre uma variação (um **incremento** ou ""passo"") para caminhar em direção ao valor-limite. Esse passo é opcional. É fundamental que essa variação convirja para o valor-limite; caso não convirja, o processo se repetirá infinitamente, o que é considerado um erro grave de programação.

**O que a diferencia das outras estruturas:**
A principal diferença em relação às estruturas `enquanto` e `repita` é a necessidade de um número determinado de iterações. 
* Na estrutura `enquanto`, a condição está no início, o que significa que o laço pode não ser executado nenhuma vez.
* Na estrutura `repita`, a condição está no final, garantindo que o laço seja executado pelo menos uma vez.
* Na estrutura `para`, é obrigatório conhecer previamente o valor final (limite) da variável de controle, pois é preciso um número finito e determinado de iterações.";5;1.0;0.9277461033006597;0.8666666666377778;1.0;15.691426;1096;1429;2525
Q039;O que diferencia a estrutura repita...até das outras estruturas de repetição quanto ao momento em que a condição é testada?;Na estrutura repita, o bloco de comandos é executado primeiro e a condição só é avaliada depois, ao final de cada repetição, continuando o laço até que essa condição se torne verdadeira. Por causa disso, o bloco de comandos é sempre executado pelo menos uma vez, mesmo que a condição já fosse verdadeira antes da primeira execução, o que não acontece na estrutura enquanto.;Lógica de programação (André Luiz Villar Forbellone) [Programming Logic];"De acordo com o contexto, a estrutura `repita...até` se diferencia das outras estruturas de repetição porque realiza o **teste no final**. 

Por ter a condição de parada no final, isso garante que os comandos dentro da estrutura sejam executados **pelo menos uma vez**, mesmo antes de a condição ser avaliada. Isso contrasta com a estrutura `enquanto`, que faz o teste no início (e pode não ser executada caso a condição já seja falsa) e com a estrutura `para`, que necessita de um número finito e determinado de iterações controlado por uma variável.";5;1.0;0.7967229344797486;0.99999999995;1.0;13.938781;979;818;1797
Q040;Quando uma estrutura enquanto é substituída por uma estrutura repita para resolver o mesmo problema, o que precisa mudar na condição usada?;Ao substituir um enquanto por um repita mantendo a mesma lógica, a condição usada no repita deve ser a negação da condição que era usada no enquanto, já que o enquanto continua repetindo enquanto a condição é verdadeira e o repita continua repetindo até que a condição se torne verdadeira (ou seja, ele para quando a condição original seria falsa).;Lógica de programação (André Luiz Villar Forbellone) [Programming Logic];"Com base no contexto fornecido, a estrutura **enquanto** executa ""enquanto uma condição for satisfeita"", enquanto a estrutura **repita** executa ""até que uma condição seja satisfeita"" (ou seja, a lógica da condição é invertida).

No caso específico da estrutura **para**, o texto afirma que ela é diferente e ""não prevê uma condição e possui limites fixos"", repetindo a execução do bloco ""um número predeterminado de vezes"". Portanto, ao substituir a estrutura enquanto pela estrutura para, a condição deixa de ser usada e passa a ser definida por limites fixos (valor inicial, valor final e passo).";5;0.7;0.658439908049567;0.19999999998;1.0;39.960849;1152;1648;2800
Q041;Em uma estrutura de repetição, o que é um contador e para que ele serve dentro do laço?;Um contador é uma variável inicializada com um valor de partida (normalmente zero) que é incrementada por uma quantia fixa, normalmente 1, a cada repetição do laço. Ele serve para contar quantas vezes o bloco de comandos já foi executado, permitindo, por exemplo, controlar quando a repetição deve parar.;Lógica de programação (André Luiz Villar Forbellone) [Programming Logic];"Com base no contexto, um contador é uma variável (também chamada de variável de laço) com um valor inicial dado, na qual o valor de contagem é mantido. 

Dentro do laço, ele serve para estabelecer um modo de contagem, sendo incrementado a cada repetição (o que é o mesmo que somar um valor constante, normalmente 1). Ele auxilia no controle da repetição, permitindo que trechos de código sejam repetidos de forma automática e finita, utilizando seus valores inicial, final e o tamanho do passo (incremento) como parâmetros do laço.";5;0.8888888888888888;0.8799560690985336;0.8333333332916666;1.0;106.512563;1092;840;1932
Q042;Qual é a diferença entre um contador e um acumulador usados dentro de estruturas de repetição?;Um contador sempre soma um valor constante (normalmente 1) a cada repetição, servindo para contar quantas vezes o laço foi executado. Um acumulador, por outro lado, soma um valor que pode variar (como uma nota lida do usuário) a cada repetição, acumulando um total desses valores diferentes ao longo das iterações, que depois é usado, por exemplo, para calcular uma média.;Lógica de programação (André Luiz Villar Forbellone) [Programming Logic];"De acordo com o contexto fornecido, a diferença entre eles é:

- **Acumuladores**: Devem ser usados quando a realização de um cálculo precisa de valores obtidos a cada iteração (como no caso de um somatório de médias), acumulando o valor anterior com o novo a cada repetição. Por isso, um acumulador deve ser inicializado com um valor neutro correspondente à operação que será realizada (por exemplo, zero para uma adição ou 1 para uma multiplicação).

- **Contadores**: São usados para controlar os laços de repetição (laços controlados por contador). O contexto aponta que os contadores são mais complexos e de projeto mais trabalhoso. Eles podem ser suportados por instruções de máquina projetadas especificamente para esse fim ou, em linguagens funcionais puras (que não possuem variáveis contadoras), são simulados através de recursão, onde o contador atua como um parâmetro para uma função que executa o corpo do laço repetidamente.";5;1.0;0.8597962874809068;0.7499999999625;0.5;10.868947;1132;1321;2453
Q043;Por que um acumulador precisa ser inicializado com zero antes de entrar no laço de repetição?;"O acumulador precisa começar em zero porque, a cada repetição, ele receberá a soma do seu próprio valor anterior mais um valor recém-lido ou calculado; se não fosse inicializado, a primeira soma partiria de um valor indefinido ou de lixo de memória, invalidando o resultado acumulado final ao término do laço.";Fundamentos da programação de computadores (Ana Fernanda Gomes Ascencio et al.) [Fundamentals of Computer Programming];Com base no contexto fornecido, um acumulador precisa ser inicializado com um valor neutro para a operação em que será utilizado. No caso específico de uma adição, o valor neutro correspondente é o zero. Isso garante que o cálculo seja realizado corretamente com os valores obtidos a cada iteração até a conclusão da repetição.;5;1.0;0.7634733370434098;0.94999999997625;0.5;8.563375;1185;664;1849
Q044;O que é um vetor (variável composta unidimensional) e como um elemento específico dentro dele é acessado?;Um vetor é um conjunto de variáveis do mesmo tipo que compartilham o mesmo nome (identificador) e são armazenadas sequencialmente na memória, formando uma estrutura com apenas uma dimensão. Para acessar um elemento específico, usa-se o nome do vetor seguido de um índice entre colchetes, indicando a posição desejada dentro dos limites definidos na declaração.;Algoritmos e Programação de Computadores (Dilermando Junior, Gilberto Nakamiti) [Algorithms and Computer Programming];"Com base no contexto fornecido:

**O que é um vetor (variável composta unidimensional):**
É uma estrutura de dados (também chamada de Variável Composta Homogênea Unidimensional) formada por um número finito de variáveis do mesmo tipo de dado primitivo (por isso é homogênea). Ele corresponde a posições de memória identificadas por um único nome e possui somente uma dimensão, sendo representado em linha ou em coluna. 

**Como um elemento específico dentro dele é acessado:**
Para acessar um elemento específico de um vetor, é necessário primeiro determinar qual é o vetor que se deseja acessar por meio do seu identificador (o nome atribuído na sua definição). Uma vez definido o vetor, deve-se especificar qual elemento (posição do vetor) se quer acessar, e isso é feito por meio de um ÍNDICE.";5;1.0;0.9999894983143798;0.9166666666361111;0.5;7.466553;1170;862;2032
Q045;Qual é a diferença entre o índice de um vetor e o elemento armazenado naquela posição?;O índice é apenas a posição dentro do vetor (equivalente ao número do andar de um prédio), enquanto o elemento é o dado de fato armazenado naquela posição. Os dois não devem ser confundidos: o índice serve apenas para localizar onde o valor está armazenado, e é por meio do índice que se manipula o conteúdo guardado naquela posição específica.;Lógica de programação (André Luiz Villar Forbellone) [Programming Logic];De acordo com o contexto, é importante não confundir o índice com o elemento. A diferença é que o **índice** é a posição no vetor (comparado ao andar de um prédio), enquanto o **elemento** é o que está contido naquela posição (comparado ao conteúdo do andar).;5;1.0;0.7690107865578582;0.6388888888675925;1.0;46.01487;1218;349;1567
Q046;Como o número total de elementos de um vetor é calculado a partir dos limites inicial e final definidos em sua declaração?;O número de elementos de um vetor é dado pela diferença entre o limite final (LF) e o limite inicial (LI), somando 1 ao resultado (LF - LI + 1). As posições do vetor são identificadas a partir do limite inicial, com incrementos unitários, até o limite final.;Lógica de programação (André Luiz Villar Forbellone) [Programming Logic];A informação não está presente no contexto.;5;0.0;0.0;0.0;0.0;5.283267;1143;748;1891
Q047;O que é uma matriz (estrutura composta multidimensional) e o que a diferencia de um vetor comum?;Enquanto um vetor precisa de apenas um índice para localizar um elemento, uma matriz é uma estrutura composta homogênea que precisa de mais de um índice para endereçamento, e por isso é chamada de multidimensional. Em uma matriz bidimensional, por exemplo, o primeiro índice indica a linha e o segundo indica a coluna do elemento desejado.;Lógica de programação (André Luiz Villar Forbellone) [Programming Logic];"De acordo com o contexto, uma matriz (ou Variável Composta Homogênea Multidimensional) é uma estrutura de dados composta por $n$ variáveis do mesmo tipo de dado primitivo, identificadas por um único nome e individualizadas por índices que especificam suas posições. Ela possui mais de uma dimensão, e seus elementos são acessados (endereçados) por mais de um índice.

O que a diferencia de um vetor comum é a dimensionalidade: assim como a matriz, o vetor também é uma variável composta homogênea, mas ele é unidimensional (organizado em apenas uma linha ou coluna), enquanto a matriz é multidimensional, podendo ter duas ou mais dimensões.";5;1.0;0.900212709845737;0.9999999999666667;1.0;9.896503;1114;782;1896
Q048;Como uma matriz bidimensional é declarada e como se calcula o número total de elementos que ela pode armazenar?;Uma matriz é declarada informando o nome da variável seguido das dimensões entre colchetes, indicando o tamanho de cada dimensão (por exemplo, quantas linhas e quantas colunas) e o tipo de dado armazenado. O número total de elementos é obtido multiplicando o tamanho de cada dimensão, ou seja, o número de linhas pelo número de colunas.;Fundamentos da programação de computadores (Ana Fernanda Gomes Ascencio et al.) [Fundamentals of Computer Programming]; A informação não está presente no contexto.;5;0.0;0.0;0.19999999998;0.5;13.235686;1159;1121;2280
Q049;Como duas cadeias de caracteres podem ser concatenadas (unidas) em um algoritmo e o que essa operação produz como resultado?;A concatenação junta o conteúdo de duas cadeias de caracteres, formando uma terceira cadeia que contém os caracteres da primeira seguidos pelos da segunda. Essa operação geralmente é feita por meio de uma função específica (como CONCAT) ou pelo próprio sinal de adição, que muitas linguagens aceitam como atalho para concatenar cadeias.;Fundamentos da programação de computadores (Ana Fernanda Gomes Ascencio et al.) [Fundamentals of Computer Programming];"Com base no contexto fornecido, duas cadeias de caracteres podem ser concatenadas das seguintes maneiras em um algoritmo:

1. **Usando o operador de adição (+):** A concatenação pode ser feita com o sinal de ""+"". Por exemplo, `""AB"" + ""C""` resulta em `""ABC""`.
2. **Usando o método `concat`:** O método concatena uma cadeia com outra e atribui o resultado a uma terceira (ex: `str1 = str2.concat(str3);`).
3. **Usando funções específicas como `strcat` e `strncat`:** A função `strcat(cadeia1, cadeia2)` concatena a cadeia2 à cadeia1, enquanto `strncat(cadeia1, cadeia2, n)` concatena apenas os ""n"" primeiros caracteres da cadeia2 à cadeia1 (exigindo a biblioteca `string.h`).

**O que essa operação produz como resultado:**
A operação de concatenação produz a junção de duas ou mais strings, criando uma nova string maior. O contexto explica que a concatenação nada mais é do que ""juntar duas ou mais strings em uma nova string maior"", como no exemplo em que ""AB"" e ""C"" se unem para formar ""ABC"". O resultado dessa junção também pode ser armazenado e atribuído a uma nova variável (como a `str1` recebendo a junção de `str2` e `str3`).";5;1.0;0.957910634028722;0.99999999998;1.0;6.624606;1140;1089;2229
Q050;Como se descobre o número de caracteres (comprimento) armazenados em uma cadeia de caracteres e como é possível determinar se uma cadeia aparece dentro de outra?;Para obter o comprimento de uma cadeia, usa-se uma função (como LENGTH) que retorna o número de caracteres nela armazenados. Para verificar se uma cadeia aparece dentro de outra, existe uma função (como POS) que retorna a posição inicial em que a primeira cadeia é encontrada dentro da segunda, retornando zero se ela não for encontrada.;Fundamentos da programação de computadores (Ana Fernanda Gomes Ascencio et al.) [Fundamentals of Computer Programming];"De acordo com o contexto fornecido, a forma de descobrir o número de caracteres e de verificar a ocorrência de uma cadeia dentro de outra varia conforme a linguagem de programação:

**1. Descobrindo o número de caracteres (comprimento) de uma cadeia:**
* **Em Pascal:** Utiliza-se a função `LENGTH(cadeia)`. Exemplo: `tamanho := LENGTH(cadeia);` (retorna o número de caracteres).
* **Em C++:** Utiliza-se a função `strlen(cadeia)`, que exige a biblioteca `string.h`. Exemplo: `tamanho = strlen(cadeia);`.
* **Em Java:** Utiliza-se o método `cadeia.length()`. Exemplo: `tamanho = cadeia.length();`.

**2. Determinando se uma cadeia aparece dentro de outra:**
* **Em Pascal:** Utiliza-se a função `POS(cadeia1, cadeia2)`. Ela retorna a posição inicial em que a `cadeia1` aparece dentro da `cadeia2`. Se a `cadeia1` não aparecer dentro da `cadeia2`, a função retornará zero. Exemplo: `posi := POS(cadeia1,cadeia2);`.
* **Em Java:** Utilizam-se os métodos `indexOf` ou `lastIndexOf`:
  * `posi = cadeia1.indexOf(cadeia2);`: Retorna a posição a partir da qual a `cadeia2` aparece pela primeira vez na `cadeia1` (começando da posição zero). Se não existir, retorna -1.
  * `posi = cadeia1.indexOf(cadeia2, posição);`: Retorna a posição da primeira ocorrência, mas a comparação começa a partir de uma posição especificada na `cadeia1`. Retorna -1 se não existir.
  * `posi = cadeia1.lastIndexOf(cadeia2);`: Retorna a posição a partir da qual a `cadeia2` aparece pela última vez na `cadeia1`. Se não existir, o retorno será -1.";5;0.9473684210526315;0.8377834730107244;0.7499999999625;1.0;8.288497;1190;1273;2463
Q051;Como funciona a combinação de operadores lógicos (e, ou, não) com operadores relacionais em uma expressão lógica composta?;"Em uma expressão lógica composta, cada operador relacional (como maior que, menor que ou igual a) primeiro produz um resultado verdadeiro ou falso a partir da comparação entre dois valores; esses resultados parciais são então combinados por operadores lógicos, em que o e só resulta verdadeiro se ambas as condições forem verdadeiras, o ou resulta verdadeiro se pelo menos uma for verdadeira, e o não inverte o valor lógico de uma condição.";Lógica de programação (André Luiz Villar Forbellone) [Programming Logic];"De acordo com o contexto, a combinação de operadores lógicos com operadores relacionais em uma expressão lógica composta funciona a partir da tabela de precedência (prioridade da ordem de execução) dos operadores lógicos. A avaliação segue a seguinte ordem:

1. **Operador `.não.` (Negação)**: Possui o maior nível de prioridade e deve ser operacionalizado em primeiro lugar.
2. **Operador `.e.` (Conjunção)**: Possui médio nível de prioridade, sendo avaliado em um segundo momento.
3. **Operadores `.ou.` e `.xou.` (Disjunções)**: Possuem baixo nível de prioridade e são avaliados por último.

Os conectores lógicos (e, ou, não) conectam os operandos avaliados pelos operadores relacionais (como `=`, `z` [diferente de], `>`, `≥`, `<`, `≤`), formando novas expressões. Qualquer operador lógico em uso possibilita obter uma de duas respostas lógicas possíveis: falso ou verdadeiro.

**Exemplo do contexto:** 
Na expressão lógica `(A = B) .e. .não. (A > 5)`, a avaliação deve começar pela negação `.não. (A > 5)` e, somente depois de saber o seu resultado lógico, realiza-se a avaliação do restante da expressão lógica com o operador `.e.`.";5;1.0;0.93537758226987;0.36666666664833336;1.0;9.291558;1160;1284;2444
Q052;O que o operador módulo (resto da divisão) faz e como ele pode ser usado para verificar se um número é par ou ímpar?;O operador módulo (mod) retorna o resto da divisão inteira entre dois números, por exemplo 9 mod 4 resulta em 1. Para verificar se um número é par ou ímpar, basta calcular o resto da sua divisão por 2: se o resto for igual a zero o número é par, e se for igual a 1 o número é ímpar.;Lógica de programação (André Luiz Villar Forbellone) [Programming Logic];"De acordo com o contexto fornecido:

O operador aritmético de modulo é responsável por gerar o resto da divisão de valores inteiros positivos (divisibilidade).

Para verificar se um número é par ou ímpar, o operador modulo (ou a função RESTO) é usado para dividir o número por 2:
- Se o resto da divisão por 2 for igual a zero (ex: `(N mod 2) = 0`), então o número é par (divisível por 2).
- Se o resto da divisão não for igual a zero, então o número é ímpar (conforme a estrutura condicional ""se r = 0 então par, senão ímpar"").";5;0.8333333333333334;0.8924695095352121;0.999999999975;1.0;8.480185;1321;689;2010
Q053;Por que é necessário usar laços de repetição aninhados (um dentro do outro) para simular algo como uma contagem regressiva de minutos e segundos?;Como há duas grandezas que mudam de forma dependente (os segundos completam um ciclo inteiro antes de cada mudança de minuto), é preciso um laço externo para controlar os minutos e um laço interno para controlar os segundos, de modo que o laço mais interno complete todas as suas iterações (por exemplo, 60 valores de segundos) a cada única iteração do laço externo.;Lógica de programação (André Luiz Villar Forbellone) [Programming Logic];"Com base no contexto fornecido, a necessidade de usar laços de repetição aninhados decorre da lógica de funcionamento de um relógio descrita no texto: o ponteiro dos segundos atua como um contador que muda a cada instante e, ""quando atinge 60 segundos, é a vez do ponteiro dos minutos ser incrementado [ou decrementado, no caso da regressiva]"". 

Para simular essa lógica de forma automática (laços iterativos) e reduzir o trabalho de programação de escrever cada segundo, o algoritmo estrutura um laço externo para a contagem dos minutos (variável MIN) e, dentro dele, um laço aninhado para a contagem dos segundos (variável SEG). Isso permite que, a cada iteração do laço dos minutos, o laço interno dos segundos execute seu ciclo completo (de 59 até 0), reproduzindo o comportamento do relógio onde os segundos precisam completar seu ciclo antes que o valor do minuto seja alterado.";5;0.9;0.8327050148984002;0.7499999999625;1.0;22.167654;1234;1922;3156
Q054;Ao aninhar dois laços para percorrer uma matriz bidimensional, quantas vezes no total o laço mais interno é executado e do que isso depende?;O laço mais interno é executado uma vez para cada iteração do laço externo, então o número total de execuções do laço interno é o produto do número de iterações do laço externo pelo número de iterações do laço interno em cada passagem, o que corresponde a percorrer todas as colunas para cada linha da matriz.;Lógica de programação (André Luiz Villar Forbellone) [Programming Logic];A informação não está presente no contexto.;5;0.0;0.0;0.8874999999778125;1.0;11.827671;1270;950;2220
Q055;O que acontece quando uma estrutura de seleção (se-então-senão) é combinada com uma estrutura de repetição, como ao decidir a situação de aprovação/reprovação de vários alunos dentro do mesmo laço?;A cada iteração do laço, o algoritmo lê os dados de um aluno, calcula sua média e então executa a estrutura condicional para decidir e exibir se ele foi aprovado ou reprovado, repetindo todo esse processo (ler, calcular e decidir) para cada novo aluno até que a condição de parada do laço seja alcançada.;Lógica de programação (André Luiz Villar Forbellone) [Programming Logic];A informação não está presente no contexto.;5;0.0;0.0;0.249999999975;1.0;9.145038;1094;590;1684
Q056;Como funciona uma estrutura de seleção múltipla (do tipo switch/case) usada dentro de um laço de repetição para contar ocorrências de diferentes categorias, como tipos de vinho lidos até um valor de término?;"Dentro do laço, para cada valor lido, a estrutura de seleção múltipla verifica a qual categoria (caso) aquele valor pertence e incrementa o contador específico dessa categoria, além de um contador geral; o laço se repete até que o valor de término seja lido, momento em que o contador geral é ajustado para descontar essa última leitura antes de calcular o percentual de cada categoria.";Lógica de programação (André Luiz Villar Forbellone) [Programming Logic];"Com base no contexto fornecido, uma estrutura de seleção múltipla (`escolha`/`caso` ou `switch/case`) usada dentro de um laço de repetição para contar ocorrências funciona da seguinte maneira:

1. **Laço de Repetição com Finalizador:** Como a quantidade de itens é desconhecida, um laço de repetição é utilizado para ler continuamente os dados de entrada (por exemplo, o tipo de vinho em uma variável `TV`) até que um valor de término seja fornecido (neste caso, 'F' de fim).
2. **Avaliação da Expressão de Seleção:** Dentro do laço, a estrutura de seleção múltipla (`escolha X`) avalia a expressão de seleção, que deve ser de um tipo de dado compatível (caractere, inteiro ou lógico).
3. **Verificação dos Casos:** O conteúdo da variável é comparado com os valores dos casos listados (ex: 'T' para tinto, 'B' para branco, 'R' para rosê). Se o conteúdo da variável for igual ao valor de um caso, o comando correspondente a esse caso é executado (neste cenário, incrementando os contadores específicos como `CT` para tinto, `CB` para branco, `CR` para rosê, e o contador geral `CONV`). Caso contrário, os outros casos são inspecionados até encontrar uma igualdade ou até o término dos casos.
4. **Tratamento de Exceção (Outrocaso):** Se nenhum dos casos listados atender à escolha, pode-se utilizar a palavra-chave `outrocaso`, que age como um ""curinga"", caso o problema exija.
5. **Finalização:** O laço continua a ler e selecionar até que o finalizador ('F') encerre a entrada de dados, momento em que os contadores acumulados podem ser usados para calcular a porcentagem de cada tipo sobre o total geral de vinhos.";5;1.0;0.7236220627578076;0.9999999999;0.5;15.53034;1270;1583;2853
Q057;Que tipo de estrutura de repetição é mais adequado quando já se sabe exatamente quantas vezes um trecho do algoritmo deve ser executado, como ao ler as notas de uma turma de tamanho fixo?;Quando o número de repetições é conhecido de antemão, a estrutura mais adequada é a repetição com variável de controle (para), pois ela já estabelece um valor inicial, um valor final e um passo de incremento definidos antes de o laço começar, sem depender da avaliação de uma condição lógica a cada iteração como acontece no enquanto ou no repita.;Fundamentos da programação de computadores (Ana Fernanda Gomes Ascencio et al.) [Fundamentals of Computer Programming];"A estrutura de repetição mais adequada para essa situação é a **estrutura PARA** (ou Estrutura de repetição para número definido de repetições). 

De acordo com o contexto, essa estrutura ""é utilizada quando se sabe o número de vezes que um trecho do algoritmo deve ser repetido"". Além disso, o texto afirma que ""o uso desse tipo de estrutura de repetição é o mais recomendado para a solução do problema proposto, pois como o número de repetições é ﬁ nito (10 vezes), então o controle das repetições nesta estrutura ﬁ ca por conta do algoritmo/programa ou, mais precisamente, do computador.""";5;1.0;0.756532860423301;0.36666666664833336;1.0;10.877057;1009;898;1907
Q058;Em uma matriz unidimensional (vetor), qual é a vantagem operacional de usar essa estrutura em vez de declarar várias variáveis simples separadas para armazenar um conjunto de valores relacionados?;Usando uma matriz unidimensional, é possível armazenar vários valores relacionados sob um único identificador, acessando cada um deles por meio de um índice, em vez de ter que criar e nomear uma variável simples diferente para cada valor. Isso facilita o processamento com laços, pois o índice pode variar automaticamente a cada repetição para acessar sequencialmente todas as posições da estrutura.;Algoritmos Lógica para desenvolvimento de programação de computadores [Algorithms: Logic for Computer Programming Development];A informação não está presente no contexto.;5;0.0;0.0;0.8666666666377778;1.0;14.026255;1111;1428;2539
Q059;Como as listas em Python podem ser percorridas usando um laço while e o que controla o acesso a cada posição durante essa repetição?;"Para percorrer uma lista com while, cria-se uma variável de índice que começa em zero e é incrementada a cada repetição, enquanto essa variável for menor que o tamanho da lista (obtido com a função len); a cada iteração, o índice atual é usado para acessar o elemento correspondente da lista, avançando posição por posição até chegar ao fim.";Introdução à programação com Python (Nilo Ney Coutinho Menezes) [Introduction to Programming with Python];"De acordo com o contexto, as listas em Python podem ser percorridas usando um laço `while` inicializando uma variável contadora (como `x=0`), utilizando a condição do laço para verificar se o contador é menor que o tamanho da lista (`while x < len(L):`), acessando o elemento através do índice (por exemplo, `e=L[x]` ou `print(L[x])`) e, ao final do bloco, incrementando a variável contadora (`x+=1`).

O acesso a cada posição durante essa repetição é controlado pela variável contadora (o índice `x`), que define a posição atual acessada na lista. O limite desses índices é controlado pela função `len`, que retorna o número total de elementos da lista, garantindo que a repetição ocorra apenas enquanto o contador for menor que esse tamanho total, evitando ultrapassar o fim da lista.";5;1.0;0.8417324583098043;0.5833333333041666;1.0;8.929586;1296;897;2193
Q060;Qual é a relação entre a função len e os índices válidos de uma lista em Python?;A função len retorna o número de elementos de uma lista e, como a contagem de índices em Python começa em zero, os índices válidos de uma lista vão de 0 até o valor retornado por len menos 1. Por causa disso, as comparações usadas para percorrer a lista (como em um laço while) geralmente testam se o índice é menor que o len da lista, e não menor ou igual a ele.;Introdução à programação com Python (Nilo Ney Coutinho Menezes) [Introduction to Programming with Python];"De acordo com o contexto, a função `len` retorna a quantidade de elementos que existem em uma lista. Como os índices em Python começam a ser numerados a partir de 0 (zero), o valor retornado por `len(L)` não pode ser utilizado diretamente como um índice. 

Assim, a relação é a seguinte: os índices válidos de uma lista (L) variam de 0 até o valor de `len(L)-1`. Por conta disso, a função `len` é perfeita para testarmos os limites de uma lista dentro de repetições (loops).";5;1.0;0.8970642868044805;0.9166666666361111;1.0;10.250351;1053;731;1784
Q061;Qual é a diferença fundamental entre um procedimento e uma função como subprogramas?;Ambos desviam a execução do programa principal para realizar uma tarefa específica, mas uma função sempre retorna um valor a quem a chamou, um valor associado ao seu próprio nome, enquanto um procedimento realiza a operação e não retorna nenhum valor ao ponto de chamada.;Fundamentos da programação de computadores (Ana Fernanda Gomes Ascencio et al.) [Fundamentals of Computer Programming];"A diferença fundamental é que uma função tem como característica especial sempre retornar um determinado conteúdo (um único parâmetro) ao algoritmo/programa ""chamador"" de forma automática no próprio nome da função, o que exige a indicação do tipo de dado da função. Já um procedimento pode ou não retornar um parâmetro para o ""chamador"".";5;1.0;0.821076666577671;0.5833333333041666;0.0;8.322766;1109;959;2068
Q062;No método de módulos de Forbellone, o que distingue um módulo com 'contexto de ação' de um módulo com 'contexto de resultado'?;Um módulo tem contexto de ação quando sua essência é executar um conjunto de ações que resolve parte do problema, sem preocupação em retornar um valor específico. Um módulo tem contexto de resultado quando sua finalidade é calcular e retornar, por meio do comando 'retorne', um único valor que passa a ser associado ao próprio nome do módulo, exigindo compatibilidade entre o tipo desse valor e o tipo da variável que o recebe.;Lógica de programação (André Luiz Villar Forbellone) [Programming Logic];"De acordo com o contexto fornecido, a distinção entre os dois tipos de módulos é a seguinte:

*   **Contexto de ação:** O módulo é centrado nos processos e atividades realizadas. Ele se preocupa com um processo em particular, e seu conjunto de ações é o que perfaz a sua essência.
*   **Contexto de resultado:** O módulo tem por objetivo calcular ou obter algum valor em especial. Seu conjunto de ações visa um objetivo único, que é retornar ao ponto de sua chamada um valor, o qual será associado ao próprio nome que identifica o módulo.";5;0.875;0.558217290214655;0.9999999999666667;0.5;3.390001;1159;670;1829
Q063;O que é o fator de carga de uma tabela hash e por que ele é usado como critério para redimensionar a tabela?;"O fator de carga mede a proporção entre o número de itens armazenados e o número total de posições no vetor subjacente da tabela hash (por exemplo, 2 itens em 5 posições dá um fator de carga de 2/5). Quando esse valor fica alto, a chance de colisões aumenta e o desempenho piora; por isso, quando ele ultrapassa um certo limiar (uma boa regra prática é 0.7), um vetor maior é criado, normalmente com o dobro do tamanho original, e todos os itens são reinseridos usando a função hash, o que reduz o fator de carga e mantém o tempo médio de execução próximo de O(1).";Entendendo Algoritmos (Aditya Y. Bhargava) [Grokking Algorithms];"De acordo com o contexto, o fator de carga de uma tabela hash mede quantos espaços continuam vazios na tabela, contando o número de espaços usados no array de armazenamento. Um fator de carga maior do que 1 indica que existem mais itens do que espaços no array.

Ele é usado como critério para redimensionar a tabela porque, se o fator de carga começar a crescer, a tabela fica muito cheia. Ao redimensionar (adicionar mais espaços, criando um array com o dobro do tamanho original), o fator de carga diminui. Com um fator de carga menor, haverá menos colisões e a tabela terá melhor desempenho. A regra geral indicada no contexto é redimensionar a tabela hash quando o fator de carga for maior do que 0,7.";5;1.0;0.9999996357007631;0.9999999999666667;1.0;13.119602;837;973;1810
Q064;No exemplo com as sub-rotinas S2 (parâmetro por valor) e S3 (parâmetro por referência) do livro de Ascencio et al., o que acontece com as variáveis globais X e Y do programa principal após cada chamada?;Depois da chamada de S2, que recebe X e Y por valor, os valores das variáveis globais permanecem inalterados, pois a sub-rotina modificou apenas cópias locais. Depois da chamada de S3, que recebe os mesmos nomes por referência, as alterações feitas dentro da sub-rotina são refletidas diretamente nas variáveis globais do programa principal, porque elas se comportam como variáveis globais dentro da sub-rotina.;Fundamentos da programação de computadores (Ana Fernanda Gomes Ascencio et al.) [Fundamentals of Computer Programming];A informação não está presente no contexto.;5;1.0;0.0;0.19999999998;0.0;7.835245;1350;573;1923
Q065;No exemplo de Forbellone sobre escopo de variáveis com módulos aninhados, o que acontece quando uma variável K é declarada tanto no início do algoritmo (global) quanto dentro de um módulo interno, com o mesmo nome?;Quando ocorre esse conflito de nomes, o módulo em que a variável foi declarada localmente, assim como os módulos hierarquicamente subordinados a ele, sempre usam a variável local, ignorando a variável global de mesmo nome. Os módulos que não descendem desse módulo continuam a enxergar apenas a variável global original K.;Lógica de programação (André Luiz Villar Forbellone) [Programming Logic];A informação não está presente no contexto.;5;0.0;0.0;0.19999999998;0.0;7.476303;1256;1335;2591
Q066;Segundo Ascencio et al., qual é a diferença entre uma variável local e uma variável global em um algoritmo com sub-rotinas, e o que acontece com cada uma delas ao final da execução?;As variáveis locais são declaradas dentro de uma sub-rotina e só podem ser usadas dentro dela, sendo destruídas (perdendo seu conteúdo) assim que a execução da sub-rotina termina. As variáveis globais são declaradas fora de qualquer sub-rotina e podem ser acessadas por qualquer parte do programa, inclusive pelas sub-rotinas, sendo destruídas somente quando o programa inteiro termina.;Fundamentos da programação de computadores (Ana Fernanda Gomes Ascencio et al.) [Fundamentals of Computer Programming];"Segundo o contexto, a diferença e o que acontece ao final da execução são:

* **Variável global:** É declarada no início do programa principal (ou a partir do ponto onde foi declarada, para baixo), sendo global para as sub-rotinas subsequentes. Ela permanece ocupando a memória do computador o tempo todo em que o programa principal está em execução.
* **Variável local:** É definida e referenciada localmente no contexto de uma sub-rotina (sendo local em relação às sub-rotinas definidas acima do ponto onde ela foi definida). As variáveis locais ocupam a memória do computador apenas enquanto a sub-rotina onde foram criadas está em execução. Terminada a execução, os espaços de memória ocupados por elas são liberados e seu conteúdo é perdido.";5;1.0;0.8392434920986597;0.8055555555287036;1.0;13.149024;1167;1065;2232
Q067;O que é recursão e por que toda função recursiva precisa de um caso base?;Recursão é quando uma função chama a si mesma para resolver um problema, geralmente reduzindo-o a uma versão menor do mesmo problema. Toda função recursiva precisa de um caso base, a situação mais simples em que a função para de chamar a si mesma, porque sem ele as chamadas se repetiriam indefinidamente, resultando em um laço infinito que nunca produz um resultado.;Entendendo Algoritmos (Aditya Y. Bhargava) [Grokking Algorithms];"De acordo com o contexto, a recursão é quando uma função chama a si mesma. 

Toda função recursiva precisa de um caso base porque, devido ao fato de a função chamar a si mesma, é mais fácil escrevê-la erroneamente e acabar em um loop infinito, fazendo com que a função execute para sempre (como no exemplo da contagem regressiva que não para: 3...2...1...0...-1...-2...). O caso base serve justamente para evitar esse problema e encerrar a execução corretamente.";5;0.5714285714285714;0.9763322324414757;0.8333333332916666;1.0;8.228841;845;657;1502
Q068;O que é a 'pilha de chamadas' e como ela se relaciona com a recursão?;"A pilha de chamadas é a estrutura que o computador usa internamente para acompanhar o estado de cada chamada de função que ainda não terminou; cada nova chamada é empilhada no topo e, quando uma função retorna, a sua parte é removida do topo, devolvendo a execução à função anterior. Em funções recursivas, cada chamada recursiva cria uma nova entrada nessa pilha, então uma recursão muito profunda pode consumir muita memória.";Entendendo Algoritmos (Aditya Y. Bhargava) [Grokking Algorithms];"Com base no contexto fornecido:

**O que é a pilha de chamadas (call stack)?**
A pilha de chamadas é um conceito em programação onde todas as chamadas de função são gerenciadas e armazenadas. Ela funciona de maneira semelhante a uma pilha de notas adesivas, operando com apenas duas ações:
*   **Push:** inserir um item no topo da pilha.
*   **Pop:** remover e ler o item do topo da pilha.

A pilha de chamadas salva as funções de chamada (completadas até a metade, como um ""monte de caixas"") para serem analisadas, facilitando o rastreamento dessas informações. Cada ativação de subprograma (seja recursiva ou não) cria uma instância de um registro de ativação na pilha, fornecendo as cópias necessárias dos parâmetros, das variáveis locais e do endereço de retorno.

**Como ela se relaciona com a recursão?**
A pilha de chamadas é indispensável para entender a recursão. Como a recursão ocorre quando uma função chama a si mesma, cada nova chamada dessa função recursiva vai para a pilha de chamada. 

Há um custo associado a esse processo: salvar toda essa informação ocupa memória. Cada função de chamada ocupa um pouco de memória na pilha. Portanto, se uma função recursiva ficar executando infinitamente, o computador continuará alocando memória na pilha para cada nova chamada, o que pode fazer com que a pilha fique muito cheia e o computador salve informações para um número excessivo de chamadas de funções. Para resolver pilhas muito cheias, pode-se reescrever o código usando loops ou utilizar a técnica de ""tail recursion"" (recursão de cauda).";5;1.0;0.9016610976858622;0.6791666666496875;1.0;20.752608;922;1513;2435
Q069;Como funciona a função fatorial recursiva e qual é o seu caso base?;A função fatorial recursiva retorna 1 quando o argumento é igual a 1 (esse é o caso base) e, em qualquer outro caso, retorna o próprio argumento multiplicado pelo resultado da chamada recursiva com o argumento menos um. Assim, calcular o fatorial de um número é reduzido repetidamente a calcular o fatorial de um número menor, até que o caso base seja alcançado.;Entendendo Algoritmos (Aditya Y. Bhargava) [Grokking Algorithms];"# Funcionamento da Função Fatorial Recursiva

De acordo com o contexto, a função recursiva FATORIAL() funciona da seguinte forma:

## Mecanismo de Funcionamento

A função efetua a operação **FATORIAL ← FATORIAL(N - 1) * N**, ou seja:

1. **Empilhamento (ida):** Cada instância de chamada da função recursiva FATORIAL() ocorre de forma a **empilhar** cada uma das instâncias da função em operação. A função vai chamando a si mesma com valores decrescentes:
   - FATORIAL(5) → FATORIAL(5-1) * 5
   - FATORIAL(4) → FATORIAL(4-1) * 4
   - FATORIAL(3) → FATORIAL(3-1) * 3
   - FATORIAL(2) → FATORIAL(2-1) * 2
   - FATORIAL(1) → retorna 1

2. **Retorno (volta):** Após atingir o caso base, ocorre a **multiplicação sucessiva** do valor retornado com os valores armazenados na pilha de memória:
   - 1 * 2 = 2 (o valor 1 é destruído na memória)
   - 2 * 3 = 6 (o valor 2 é destruído)
   - 6 * 4 = 24 (o valor 6 é destruído)
   - 24 * 5 = 120 (o valor 24 é destruído, permanecendo apenas 120)

## Caso Base

O caso base ocorre quando o valor de **N é menor ou igual a 1**. Conforme o contexto: *""o conteúdo 1 obtido a partir de 2 - 1 é menor ou igual a 1 e, por esta razão, é atribuído à variável FATORIAL o valor 1""*. Neste caso, a função recursiva FATORIAL() **retorna o valor 1**, encerrando as chamadas recursivas e iniciando o processo de desempilhamento com as multiplicações sucessivas até obter o resultado final (ex.: 120 para o fatorial de 5).";5;1.0;0.7862728757903805;0.99999999998;1.0;5.436573;1357;966;2323
Q070;Ao calcular o fatorial de 3 usando a versão recursiva, o que acontece na pilha de chamadas enquanto a função ainda não retornou nenhum valor?;A pilha de chamadas acumula uma entrada para cada chamada ainda incompleta: primeiro há a chamada com argumento 3 esperando o resultado da chamada com argumento 2, que por sua vez espera o resultado da chamada com argumento 1. Quando essa última chamada atinge o caso base e retorna 1, os valores voltam multiplicando-se em cada nível da pilha até que a chamada original retorne o resultado final, e a pilha se esvazia.;Entendendo Algoritmos (Aditya Y. Bhargava) [Grokking Algorithms];"Com base no contexto, enquanto a função recursiva ainda não retornou nenhum valor, cada instância de chamada da função ocorre de forma a **empilhar cada uma das instâncias da função em operação**. 

Especificamente, durante essa fase de empilhamento (quando a execução alcança a posição 1 na função), a pilha mostra **mais uma ativação da função, com seu valor funcional indefinido**.";5;1.0;0.75210282565064;0.4777777777618519;1.0;17.144306;1128;1432;2560
Q071;Como funciona a busca simples (busca linear) e qual é o seu tempo de execução em notação Big O?;Na busca simples, o algoritmo percorre a lista item por item, do início ao fim, comparando cada elemento até encontrar o valor procurado ou chegar ao fim da lista. No pior caso, todos os n elementos precisam ser verificados, então o seu tempo de execução é O(n), crescendo linearmente com o tamanho da lista.;Entendendo Algoritmos (Aditya Y. Bhargava) [Grokking Algorithms];"Com base no contexto fornecido, a busca simples (também chamada de pesquisa sequencial ou linear) funciona da seguinte maneira: consiste em buscar a informação desejada a partir do primeiro elemento, avançando sequencialmente por cada posição da matriz até chegar ao último elemento. Se ao longo da pesquisa a informação for localizada, ela é apresentada. Caso chegue ao final da matriz sem localizar o elemento, indica que ele não está armazenado na matriz. 

Em relação ao tempo de execução em notação Big O, o contexto destaca a grande diferença entre um tempo de execução **O(n)** e **O(log n)** ao comparar a pesquisa simples com a pesquisa binária (que tem tempo de execução log). Portanto, o texto indica que a busca simples possui tempo de execução **O(n)**.";5;1.0;0.9471005892066365;0.19999999998;1.0;23.239011;1071;1618;2689
Q072;Diferentemente da busca binária, a busca simples exige que a lista esteja ordenada para funcionar?;Não. A busca simples funciona em qualquer lista, ordenada ou não, pois apenas percorre os elementos um a um sem depender de nenhuma organização prévia dos dados. É justamente por não exigir ordenação que ela é mais lenta, O(n), do que a busca binária, O(log n), que só pode ser usada em listas ordenadas.;Entendendo Algoritmos (Aditya Y. Bhargava) [Grokking Algorithms];A informação não está presente no contexto.;5;0.0;0.0;0.0;0.0;11.562796;1030;620;1650
Q073;Como funciona a busca binária e qual é o seu pré-requisito em relação aos dados?;"A busca binária localiza um elemento em uma lista ordenada comparando o valor procurado com o elemento do meio; se o valor procurado for menor, a busca continua apenas na metade inferior; se for maior, continua na metade superior, repetindo esse processo e descartando metade dos elementos restantes a cada passo. O pré-requisito é que a lista esteja ordenada, já que sem isso não é possível decidir corretamente em qual metade continuar a busca.";Entendendo Algoritmos (Aditya Y. Bhargava) [Grokking Algorithms];"De acordo com o contexto fornecido, a busca (ou pesquisa) binária funciona da seguinte maneira:

* **Funcionamento:** Ela utiliza a mesma estratégia de consultar um dicionário ou uma lista telefônica. O método ""divide"" a matriz em duas partes e verifica se a informação a ser pesquisada está na posição central da matriz após a divisão. Se a informação estiver na posição central, ela é apresentada e a busca é encerrada. Caso o elemento central seja diferente do valor pesquisado, o método verifica se a informação está na primeira ou na segunda parte da matriz. Se a informação puder estar na primeira parte, por exemplo, a posição do ponto central até a última posição da segunda parte é desprezada. Devido a essa característica de divisão sucessiva, o volume de dados a ser verificado sempre diminui pela metade.
* **Pré-requisito em relação aos dados:** Os dados da matriz (ou tabela) devem estar **ordenados** antes que a pesquisa binária seja aplicada (o texto menciona explicitamente uma ""matriz unidimensional ordenada"" e inclui um trecho de ordenação prévio no algoritmo de exemplo).";5;1.0;0.9420306585599348;0.4499999999775;1.0;11.793619;1098;1011;2109
Q074;Qual é o tempo de execução da busca binária em notação Big O e por que ela é considerada muito mais rápida que a busca simples em listas grandes?;A busca binária tem tempo de execução O(log n), já que o espaço de busca é cortado pela metade a cada comparação. Isso a torna muito mais rápida que a busca simples, O(n), à medida que a lista cresce: buscar em uma lista de 4 bilhões de elementos levaria cerca de 32 comparações com a busca binária, contra até 4 bilhões de comparações com a busca simples.;Entendendo Algoritmos (Aditya Y. Bhargava) [Grokking Algorithms];"O tempo de execução da busca binária em notação Big O é O(log n). 

Ela é considerada muito mais rápida que a busca simples em listas grandes porque O(log n) é muito mais rápido do que O(n) (tempo de execução da pesquisa simples) quando a lista é grande. Devido a essa grande diferença, a constante dificilmente será relevante na comparação entre os dois algoritmos.";5;1.0;0.9733271805001443;0.7555555555303703;0.0;4.129309;1033;648;1681
Q075;Como funciona o algoritmo de ordenação por seleção?;O algoritmo percorre repetidamente os elementos ainda não ordenados procurando o menor valor entre eles e o move para a próxima posição da lista ordenada resultante. Essa busca pelo menor elemento restante é repetida até que todos os elementos tenham sido selecionados, formando a lista final em ordem crescente.;Entendendo Algoritmos (Aditya Y. Bhargava) [Grokking Algorithms];A informação não está presente no contexto.;5;1.0;0.0;0.0;0.0;9.61188;919;833;1752
Q076;Qual é o tempo de execução da ordenação por seleção e por que ele continua sendo O(n²) mesmo que o número de elementos verificados a cada passagem diminua?;Encontrar o menor elemento em uma lista custa O(n), e essa operação precisa ser repetida n vezes, uma para cada posição da lista final, resultando em O(n × n), ou seja, O(n²). Mesmo que restem menos elementos a verificar a cada repetição, a notação Big O ignora constantes como a fração média de elementos analisados, então o resultado ainda é expresso como O(n²).;Entendendo Algoritmos (Aditya Y. Bhargava) [Grokking Algorithms];"De acordo com o contexto, o tempo de execução da ordenação por seleção é **O(n²)**.

Ele continua sendo O(n²) mesmo que o número de elementos verificados diminua a cada passagem porque, na média, você verifica uma lista que tem **½ × n** elementos, o que daria um tempo de execução de O(n × ½ × n). No entanto, as constantes como ½ são ignoradas na notação Big O, fazendo com que o cálculo seja simplificado para O(n × n) ou O(n²). 

Além disso, o contexto explica que verificar cada item da lista tem tempo de execução O(n), e como essa operação precisa ser repetida n vezes, o resultado final é O(n × n), ou seja, O(n²).";5;1.0;0.816198859306494;0.6388888888675925;1.0;13.49321;1001;964;1965
Q077;Como funciona o método de ordenação conhecido como bubble sort?;O bubble sort ordena a lista comparando repetidamente pares de elementos adjacentes e trocando-os sempre que estiverem fora da ordem desejada. Esse processo de comparar e trocar é repetido percorrendo a lista até que nenhuma troca seja mais necessária, ou seja, até que todos os elementos estejam ordenados.;Lógica de programação (André Luiz Villar Forbellone) [Programming Logic];"De acordo com o contexto, o método de bolhas (Bubble Sort) funciona da seguinte maneira:

- Ele consiste em comparar dois elementos a cada vez. Se o valor do primeiro elemento for maior que o do segundo, eles trocam de posição.
- Essa operação é repetida para o próximo elemento até o fim da lista.
- Como o método exige que a lista seja percorrida várias vezes, ele utiliza um marcador (a variável `trocou`) para verificar se houve alguma troca de elementos; se nenhuma troca ocorrer, significa que a lista já está ordenada e o processo é interrompido.
- O método possui a propriedade de posicionar o maior elemento na última posição da lista (sua posição correta) a cada passagem completa. Isso permite eliminar a verificação do último elemento a cada nova passagem, decrementando a variável `fim` que marca a quantidade de elementos a serem analisados.";5;1.0;0.8726359352415866;0.6999999999766667;1.0;19.58134;1057;973;2030
Q078;Qual é a diferença de estratégia entre a ordenação por seleção direta e o bubble sort?;"Na seleção direta, o algoritmo procura o menor elemento entre os restantes e o troca diretamente para a posição correta, repetindo o processo para as posições seguintes. No bubble sort, por outro lado, não há busca pelo menor elemento; em vez disso, o algoritmo compara pares de elementos vizinhos e os troca quando estão fora de ordem, fazendo com que os maiores valores se desloquem gradualmente para o fim da lista a cada passagem completa.";Lógica de programação (André Luiz Villar Forbellone) [Programming Logic];A informação não está presente no contexto.;5;1.0;0.0;0.249999999975;0.5;9.142351;1030;743;1773
Q079;Como o quicksort aplica a estratégia de dividir para conquistar para ordenar um vetor?;O quicksort escolhe um elemento do vetor como pivô e particiona o restante em dois subvetores: um com os elementos menores que o pivô e outro com os maiores. Em seguida, aplica recursivamente o mesmo processo a cada subvetor até chegar ao caso base, que são vetores vazios ou com um único elemento, e a combinação final é feita juntando o subvetor menor, o pivô e o subvetor maior, produzindo uma lista ordenada.;Entendendo Algoritmos (Aditya Y. Bhargava) [Grokking Algorithms];"De acordo com o contexto, o quicksort aplica a estratégia de dividir para conquistar através dos seguintes passos:

1. **Escolher um pivô.**
2. **Particionar o array em dois subarrays**, separando os elementos entre os que são menores do que o pivô (array esquerdo) e os que são maiores do que o pivô (array direito).
3. **Executar o quicksort recursivamente em ambos os subarrays**. O caso-base do algoritmo consegue ordenar arrays de dois elementos e arrays vazios, permitindo que a recursão resolva os subarrays.
4. **Combinar os resultados** dos subarrays já ordenados no formato: *array esquerdo + pivô + array direito*, o que resulta em um array totalmente ordenado. 

Assim, não importa qual pivô seja escolhido, a partição sempre gerará subarrays menores que poderão ser ordenados recursivamente até atingirem o caso-base e, por fim, combinados.";5;0.9285714285714286;0.8937275047100887;0.8041666666465626;1.0;11.454798;841;986;1827
Q080;Por que o quicksort costuma ser mais rápido que o merge sort na prática, mesmo que ambos tenham o mesmo tempo médio de execução de O(n log n)?;Embora ambos tenham tempo médio de execução O(n log n), o quicksort tem uma constante multiplicativa menor que a do merge sort, e essa constante, normalmente ignorada na notação Big O, passa a importar quando dois algoritmos compartilham a mesma ordem de crescimento. Além disso, na prática o quicksort tende a se comportar mais perto do seu caso médio com mais frequência do que do seu pior caso, O(n²), o que o torna mais rápido na maioria das situações do mundo real.;Entendendo Algoritmos (Aditya Y. Bhargava) [Grokking Algorithms];Porque o quicksort tem uma constante menor que a merge sort. Como o contexto explica, embora ambos tenham tempo de execução O(n log n), a constante (que às vezes pode fazer diferença) favorece o quicksort, fazendo com que ele acabe sendo mais rápido. Além disso, o quicksort funciona mais vezes no caso médio do que no pior caso, o que contribui para seu melhor desempenho na prática.;5;1.0;0.9053273242312462;0.7555555555303703;1.0;2.334959;935;96;1031
Q081;O que a notação Big O representa e por que ela não mede o tempo de execução de um algoritmo em segundos?;A notação Big O expressa como o tempo de execução de um algoritmo cresce à medida que o tamanho da entrada aumenta, e não um tempo medido em segundos, já que a velocidade real depende do hardware usado. Por isso, o Big O foca na taxa de crescimento — por exemplo, O(n) significa que o tempo cresce linearmente com o número de elementos — permitindo comparar algoritmos independentemente da máquina em que são executados.;Entendendo Algoritmos (Aditya Y. Bhargava) [Grokking Algorithms];"De acordo com o contexto:

**O que a notação Big O representa:**
- O tempo de execução dos algoritmos é expresso na notação Big O.
- Ela representa o **crescimento** do tempo de execução de um algoritmo, ou seja, como o tempo de execução se comporta conforme o número de elementos aumenta. Por exemplo, o contexto indica que O(log n) é mais rápido do que O(n) e fica ainda mais rápido conforme os elementos da lista aumentam.

**Por que não mede o tempo em segundos:**
- A rapidez de um algoritmo **não é medida em segundos**.
- O tempo de execução de um algoritmo é medido por meio de seu **crescimento**, e não por um tempo fixo.

Além disso, o contexto reforça que, na notação Big O, constantes (como 10 milissegundos ou ½) são normalmente ignoradas, pois não fazem diferença no final quando dois algoritmos têm tempos de execução Big O diferentes — como no exemplo da pesquisa simples versus pesquisa binária, em que, mesmo com constantes diferentes, a pesquisa binária continuou muito mais rápida ao buscar em uma lista de 4 bilhões de elementos.";5;1.0;0.9527027760273982;0.94999999997625;0.8333333333333334;4.938093;1091;657;1748
Q082;Por que a constante que acompanha o tempo de execução de um algoritmo costuma ser ignorada na notação Big O, mas em alguns casos pode fazer diferença?;A constante costuma ser ignorada porque, quando dois algoritmos têm ordens de crescimento diferentes em notação Big O, como O(n) versus O(log n), essa diferença de crescimento é muito mais decisiva do que qualquer constante, especialmente para entradas grandes. No entanto, quando dois algoritmos compartilham a mesma notação Big O, como o quicksort e o merge sort, ambos O(n log n), a constante passa a fazer diferença prática, e é por isso que o quicksort tende a ser mais rápido que o merge sort no uso cotidiano.;Entendendo Algoritmos (Aditya Y. Bhargava) [Grokking Algorithms];"A resposta está presente no contexto. Segundo o texto:

**Por que a constante costuma ser ignorada:**

Normalmente a constante é ignorada porque, caso dois algoritmos tenham tempos de execução Big O **diferentes**, a constante não importará. O contexto usa o exemplo da pesquisa binária e da pesquisa simples: mesmo que alguém pense ""Nossa! A pesquisa simples contém uma constante de 10 milissegundos, enquanto a pesquisa binária contém uma constante de um segundo. A pesquisa simples é muito mais rápida!"", ao realizar uma busca em uma lista com 4 bilhões de elementos, a pesquisa binária continua sendo muito mais rápida. Ou seja, a constante não causou diferença alguma no final das contas. Além disso, constantes como ½ também são simplesmente ignoradas na notação Big O (por isso escreve-se apenas O(n × n) ou O(n²) em vez de O(n × ½ × n)).

**Quando a constante pode fazer diferença:**

A constante pode fazer diferença quando dois algoritmos têm tempos de execução Big O **iguais**. O exemplo dado é o quicksort comparado ao merge sort: o quicksort tem uma constante menor do que o merge sort e, como ambos têm tempo de execução O(n log n), o quicksort acaba sendo mais rápido. O contexto acrescenta ainda que, na prática, o quicksort é mais rápido porque funciona mais vezes no caso médio do que no pior caso.";5;0.9411764705882353;0.8373596941800837;0.8333333332916666;1.0;5.354808;1027;781;1808
Q083;O que caracteriza a estrutura de dados pilha e quais são as suas duas operações básicas?;Uma pilha é uma estrutura de dados LIFO (Last In, First Out), em que o último elemento inserido é sempre o primeiro a ser removido. Suas duas operações básicas são push, que insere um elemento no topo da pilha, e pop, que remove e lê o elemento do topo.;Entendendo Algoritmos (Aditya Y. Bhargava) [Grokking Algorithms];"Conforme o contexto fornecido:

**Caracterização da estrutura de dados pilha:**
A pilha é uma estrutura de dados amplamente aplicável que armazena algum número de elementos de dados e **só permite acesso ao elemento em uma de suas extremidades: o topo**.

**As duas operações básicas:**

1. **push(stack, element)** — Insere o elemento especificado na pilha especificada;
2. **pop(stack)** — Remove o elemento do topo da pilha especificada.

O contexto também menciona outras operações associadas ao tipo abstrato pilha, como **create** (cria e possivelmente inicializa um objeto pilha), **destroy** (libera o armazenamento), **empty** (predicado booleano que retorna verdadeiro se a pilha está vazia) e **top** (retorna uma cópia do elemento do topo), porém as operações básicas de manipulação são o empilhamento (push) e o desempilhamento (pop).";5;0.9166666666666666;0.9796140920490983;0.4777777777618519;0.5;23.608059;1104;537;1641
Q085;O que caracteriza a estrutura de dados fila e quais são as suas duas operações básicas?;Uma fila é uma estrutura de dados FIFO (First In, First Out), em que o primeiro elemento inserido é o primeiro a ser removido, assim como uma fila de pessoas. Suas duas operações básicas são enqueue, que insere um elemento no fim da fila, e dequeue, que remove e lê o elemento da frente dela.;Entendendo Algoritmos (Aditya Y. Bhargava) [Grokking Algorithms];"## Resposta

**Caracterização da estrutura de dados fila:**

De acordo com o contexto, a fila é uma estrutura de dados que:

- **Armazena um elemento após o outro**, de forma que o primeiro elemento armazenado na fila seja o primeiro elemento a ser retirado;
- **Possui início e fim**;
- **Funciona exatamente como uma fila da vida real**;
- Após a remoção de um elemento da fila (que é sempre o **primeiro elemento**), os elementos subsequentes são **reposicionados uma posição à frente**, de maneira que o próximo elemento assuma a posição do elemento retirado, abrindo uma nova posição de inserção no final da fila.

**As duas operações básicas:**

1. **Inserir / Entrar na fila** (inserção de um elemento no final da fila);
2. **Remover / Sair da fila** (remoção do primeiro elemento da fila para atendimento).";5;0.7857142857142857;0.8490433580290814;0.9166666666361111;0.5;7.608818;868;938;1806
Q086;Por que a busca em largura em um grafo usa uma fila, em vez de uma pilha, para guardar os elementos a serem verificados?;"A busca em largura precisa verificar as conexões na mesma ordem em que foram adicionadas à lista de busca, garantindo que as conexões de primeiro grau sejam verificadas antes das de segundo grau, o que é essencial para encontrar o caminho mais curto. Como uma fila é FIFO, ela preserva essa ordem de chegada; uma pilha, sendo LIFO, inverteria a ordem e faria o algoritmo verificar primeiro os elementos adicionados mais recentemente, o que não garantiria encontrar o caminho mais curto.";Entendendo Algoritmos (Aditya Y. Bhargava) [Grokking Algorithms];"A informação não está presente no contexto.

O contexto apenas define o que é uma fila (estrutura FIFO – First In, First Out) e o que é uma pilha (estrutura LIFO – Last In, First Out), e menciona que a pesquisa em largura encontra o menor caminho entre dois objetos, mas não explica o motivo pelo qual a fila é utilizada em vez da pilha no algoritmo.";5;0.8;0.0;0.6388888888675925;0.5;10.385185;849;493;1342
Q087;O que é uma função hash e como ela permite que uma tabela hash encontre um valor com tempo de execução O(1)?;Uma função hash recebe uma chave (como uma cadeia de caracteres) e retorna consistentemente o mesmo número para a mesma entrada, mapeando essa chave para uma posição em um vetor subjacente. Como a tabela hash usa esse número como índice direto no vetor, ela acessa o valor associado à chave imediatamente, sem precisar percorrer os demais elementos, o que garante tempo de execução O(1) mesmo à medida que o número de itens armazenados aumenta.;Entendendo Algoritmos (Aditya Y. Bhargava) [Grokking Algorithms];"Uma função hash é uma função que recebe uma string (ou chave) e retorna o número do slot (espaço) no array onde aquele valor deve ser armazenado. Segundo o contexto, idealmente uma boa função hash mapeia as chaves de maneira simétrica por toda a tabela, criando poucas colisões e distribuição ampla.

Como ela permite busca em O(1):

1. Você usa a função hash para informar em qual espaço do array o valor deve ser inserido;
2. Você coloca o valor naquele espaço;
3. Quando quiser saber o valor de uma chave, basta utilizar a função hash novamente — ela calculará diretamente a posição onde o valor está armazenado, retornando o resultado em tempo de execução O(1).

Ou seja, não é preciso percorrer o array (como na pesquisa simples, que tem tempo linear); a função hash aponta diretamente para o local do valor, o que caracteriza o tempo constante: um tempo que se mantém sempre o mesmo, independentemente de quão grande a tabela hash seja.";5;1.0;0.8445007255474835;0.3333333333;1.0;2.163321;863;233;1096
Q088;O que é uma colisão em uma tabela hash e qual é a solução mais simples para resolvê-la?;"Uma colisão ocorre quando a função hash mapeia duas chaves diferentes para a mesma posição do vetor subjacente da tabela, fazendo com que um valor sobrescreva o outro. A solução mais simples é, quando várias chaves caem na mesma posição, iniciar ali uma lista encadeada contendo todos os itens daquela posição; a busca por uma chave específica então percorre essa pequena lista em vez do vetor inteiro, desde que a função hash seja boa o suficiente para manter essas listas curtas.";Entendendo Algoritmos (Aditya Y. Bhargava) [Grokking Algorithms];"**A informação não está presente no contexto.**

O contexto fornecido menciona que as colisões são problemas, que uma boa função hash as minimiza e como evitá-las (por meio de um baixo fator de carga e de uma boa função hash), além de fazer referência a listas encadeadas que podem ficar muito longas. Porém, ele **não define** o que é uma colisão e **não apresenta** qual seria a solução mais simples para resolvê-la — o trecho em que isso seria explicado está justamente interrompido (""...precisa primeiro entender o que"").";5;1.0;0.0;0.3333333333;0.0;23.237371;949;1455;2404
Q089;O que é um registro (estrutura de dados heterogênea) e como ele difere de um vetor ou de uma matriz?;Um registro é um tipo de dado derivado que agrupa, dentro de uma única estrutura, vários campos que podem ser de tipos primitivos diferentes entre si, como cadeia, caractere, inteiro e real ao mesmo tempo. Isso faz dele uma estrutura heterogênea, diferentemente de um vetor ou de uma matriz, que são estruturas homogêneas e só podem armazenar dados de um único tipo em todas as suas posições.;Algoritmos Lógica para desenvolvimento de programação de computadores [Algorithms: Logic for Computer Programming Development];"## O que é um registro

De acordo com o contexto, um registro pode ser definido como:

- **Uma reunião de dados sobre um objeto**, com o objetivo de facilitar sua organização e uso. Cada um desses dados é chamado de **atributo ou campo**.
- Um recurso que **possibilita combinar vários dados de tipos diferentes (campos) em uma mesma estrutura de dados** — por essa razão, é considerado um tipo de estrutura **heterogênea**.
- Cada atributo **pode ser acessado separadamente** e deve possuir um nome, da mesma forma que uma variável.
- Os campos podem ser **outras estruturas de dados, inclusive outros registros**. Exemplo: um registro de um amigo pode ter como atributo sua data de nascimento, que, por sua vez, também é um registro (composto por dia, mês e ano).
- É uma **abstração de dados** que representa o objeto real no computador, facilitando o armazenamento e a recuperação da estrutura.

**Exemplo prático citado:** informações sobre um estudante universitário podem incluir seu **nome** (cadeia de caracteres), seu **número de matrícula** (inteiro) e sua **média de notas** (ponto flutuante).

**Observações históricas e de linguagens:** os registros foram introduzidos pelo **COBOL** nos anos 1960 e, em C, C++ e C#, são suportados por meio do tipo de dados **struct**.

## Diferença em relação às matrizes

O contexto explica especificamente a diferença entre registros e **matrizes heterogêneas**:

| Matrizes heterogêneas | Registros |
|---|---|
| Todos os elementos são **referências** para objetos de dados que residem em **posições espalhadas**, geralmente no **monte (heap)** | Os elementos são de **tamanhos potencialmente diferentes** e residem em **posições de memória adjacentes** |

Ou seja, embora ambos possam reunir dados de tipos diferentes, **não são a mesma coisa**: no registro, os dados ficam armazenados de forma contígua na memória, enquanto na matriz heterogênea os elementos são apenas referências a objetos dispersos.

Vale destacar ainda que o contexto mostra que esses conceitos **podem ser combinados**: é possível usar uma **matriz de uma dimensão dentro de um registro** (a chamada *Estrutura de Registro de Matriz*).";5;1.0;0.8834070538905957;0.999999999975;0.5;28.037328;974;2942;3916
Q090;Como um tipo registro é declarado e como um campo específico de uma variável desse tipo é acessado?;"A declaração é feita com o comando tipo, definindo um identificador seguido de registro, listando cada campo com o seu respectivo tipo primitivo e encerrando com fim_registro; em seguida, o comando var associa uma variável a esse tipo derivado. Para acessar ou atribuir um campo específico dessa variável, usa-se a notação variável.campo (por exemplo, ALUNO.NOME ou ALUNO.NOTA1), separando o nome da variável do nome do campo por um ponto.";Algoritmos Lógica para desenvolvimento de programação de computadores [Algorithms: Logic for Computer Programming Development];"## Declaração de um tipo registro

Segundo o contexto, a declaração pode ser feita da seguinte forma:

**Em algoritmos (pseudocódigo):**

A sintaxe correta é:

```
DECLARE nome_da_variável_registro REGISTRO (nome_campo1 TIPO_DO_CAMPO1, nome_campo2 TIPO_DO_CAMPO2, ..., nome_campoN TIPO_DO_CAMPOn)
```

**Exemplo 1** (registro simples):
```
DECLARE conta REGISTRO (num, saldo NUMÉRICO, nome LITERAL)
```
Nesse caso, a variável `conta` é um registro composto por três campos: `num` e `saldo` (numéricos) e `nome` (literal).

**Exemplo 2** (vetor de registros):
```
DECLARE conta[3] REGISTRO (num, saldo NUMÉRICO, nome LITERAL)
```
Aqui, `conta` é um vetor de três posições, e em cada posição será armazenado um registro com esses três campos.

**Em Pascal:**

O contexto indica que o tipo derivado registro deve ser declarado pelo comando `tipo` (TYPE) **antes** do comando `var` (VAR), pois a variável que conterá a estrutura heterogênea deve ser declarada com o tipo de dado registro já definido:

```
TYPE EXEMPLO = RECORD
    num : INTEGER;
    nome : STRING[35];
    saldo : REAL;
END;

VAR conta: ARRAY[1..15] OF EXEMPLO;
```

Assim, cada posição do vetor `conta` terá espaço para armazenar `num`, `nome` e `saldo`.

## Acesso a um campo específico

A informação não está presente no contexto.

(O contexto define que cada dado contido em um registro é chamado de **campo** e mostra como declará-los, mas não apresenta a sintaxe ou o mecanismo para acessar um campo específico de uma variável registro, como a notação ponto, por exemplo.)";5;1.0;0.0;0.4499999999775;0.5;20.452029;1127;1327;2454
