id;question;ground_truth;source_book;answer;contexts_count;answer_response_time_seconds;answer_input_tokens;answer_output_tokens;answer_total_tokens;faithfulness;answer_relevancy;context_precision;context_recall
Q001;O que significa 'lógica de programação' em palavras simples?;É o uso correto das leis do pensamento e de processos organizados de raciocínio aplicados à criação de programas de computador, com o objetivo de produzir soluções válidas e coerentes que resolvam adequadamente os problemas propostos.;Lógica de programação (André Luiz Villar Forbellone) [Programming Logic];De acordo com o contexto, em palavras simples, a lógica de programação é uma técnica de encadear pensamentos com o intuito de atingir um objetivo, estabelecendo uma sequência organizada de passos que serão executados por um computador na forma de um programa.;6;3.694106;1257;586;1843;1.0;0.9029294633642314;0.3333333333;1.0
Q002;A lógica existe no nosso dia a dia, fora da programação de computadores?;"Sim. Sempre que pensamos, falamos, escrevemos ou agimos corretamente, estamos colocando 'ordem no pensamento', ou seja, aplicando lógica; ela não se restringe à matemática ou à computação e aparece em situações simples do cotidiano.";Lógica de programação (André Luiz Villar Forbellone) [Programming Logic];"Sim, a lógica existe no nosso dia a dia, fora da programação de computadores. De acordo com o contexto, sempre que pensamos, a lógica (ou a ilógica) nos acompanha, e quando falamos ou escrevemos estamos expressando nosso pensamento, precisando usar a lógica nessas atividades. 

Além disso, a lógica está presente tanto na teoria quanto na prática, pois estamos constantemente tomando decisões, calculando e resolvendo problemas cotidianos. Mesmo que inconscientemente, obedecemos a uma certa racionalidade e colocamos ""ordem no pensamento"". Como o texto afirma: ""A lógica está enraizada em nossas vidas.""";6;6.223801;1379;761;2140;1.0;0.9180725150849639;0.9999999999666667;1.0
Q003;De um jeito bem direto: o que é um algoritmo?;É uma sequência de passos bem definidos e ordenados que tem por objetivo resolver um determinado problema ou chegar a um resultado esperado, como os passos de uma receita de bolo.;Lógica de programação (André Luiz Villar Forbellone) [Programming Logic];De um jeito bem direto, de acordo com o contexto, um algoritmo é **um conjunto de instruções (ou regras) para resolver um problema**. Ou seja, é o caminho ou os passos que se deve seguir para chegar à solução de um problema, através de um procedimento bem definido que transforma dados de entrada em dados de saída.;6;2.467871;1342;768;2110;1.0;0.7565862305048568;0.9999999999666667;0.0
Q004;Quais são as principais formas de representar um algoritmo?;Pode ser representado de forma textual, escrevendo os passos em linguagem coloquial comum ou em pseudocódigo estruturado, ou de forma gráfica, como um fluxograma ou um diagrama de Chapin. Cada técnica tem vantagens e desvantagens quanto à clareza e à facilidade de escrita.;Lógica de programação (André Luiz Villar Forbellone) [Programming Logic];"De acordo com o contexto, um algoritmo pode ser representado basicamente de duas formas:

1. **Forma gráfica:** a partir da utilização de diagramas de blocos (desenhos e convenções gráficas).
2. **Forma textual:** a partir de uma linguagem de projeto de programação ou mesmo de uma linguagem de programação de computadores formal (ou em português coloquial).";6;4.185194;1337;573;1910;1.0;0.8396516205427625;0.99999999995;0.0
Q005;O que é uma variável dentro de um algoritmo?;É um dado cujo valor pode ser alterado durante a execução do algoritmo, armazenado em uma posição de memória identificada por um nome. É como uma gaveta etiquetada que, ao longo do tempo, pode guardar um objeto diferente dentro de si.;Lógica de programação (André Luiz Villar Forbellone) [Programming Logic];Com base no contexto fornecido, do ponto de vista computacional, uma variável pode ser definida de forma simplista como a representação de uma região de memória utilizada para armazenar, acessar e modificar um determinado valor por um espaço de tempo. O tempo de armazenamento desse valor na variável está relacionado ao tempo de duração da execução de um programa.;6;3.295069;1218;493;1711;1.0;0.6687151534026929;0.9999999999;1.0
Q006;Quais regras um identificador (nome de variável) deve seguir?;Ele deve necessariamente começar com um caractere alfabético, pode ser seguido por outras letras ou números e não pode conter caracteres especiais nem espaços em branco.;Lógica de programação (André Luiz Villar Forbellone) [Programming Logic];"Com base no contexto fornecido, as regras que um identificador (nome de variável) deve seguir são:

*   **Início alfabético:** Devem começar com um caractere alfabético.
*   **Demais caracteres:** Podem ser seguidos por mais caracteres alfabéticos e/ou numéricos (alfanuméricos).
*   **Caracteres especiais:** É permitido apenas o uso do caractere especial sublinha/underline (""_""). Não é permitido o uso de outros caracteres especiais.
*   **Espaços em branco:** Não pode haver espaços em branco no nome composto de uma variável. O caractere ""_"" deve ser usado caso deseje separar nomes compostos.
*   **Palavras reservadas:** Jamais podem ser definidas com o mesmo nome de palavras que representem comandos ou instruções (palavras reservadas) de uma linguagem de programação.
*   **Exclusividade:** Não podem utilizar um rótulo que já tenha sido usado para identificar o nome de um programa ou de outra variável. Um nome torna-se exclusivo no programa em que foi definido.
*   **Diretriz de legibilidade:** Um identificador deve expressar em seu nome o que realmente irá manipular, não deixando dúvida ou ambiguidade (por exemplo, utilizar `idade` em vez de apenas `i`).";6;7.401978;1400;1392;2792;1.0;0.985313821435717;0.99999999995;1.0
Q007;O que é uma constante em um algoritmo?;É um dado cujo valor nunca muda durante a execução do algoritmo, permanecendo o mesmo do início ao fim e também se mantendo igual em diferentes execuções ao longo do tempo.;Lógica de programação (André Luiz Villar Forbellone) [Programming Logic];"Com base no contexto, do ponto de vista computacional, uma constante em um algoritmo é uma grandeza numérica fixa utilizada em uma expressão aritmética ou matemática, que define um valor que será inalterado, independentemente das variáveis envolvidas na operação a ser realizada. 

Na programação de computadores, ela é um valor numérico associado a um nome (que deve seguir as mesmas regras de definição de nomes de variáveis) e que, apesar de definido inicialmente, não será alterado em nenhum momento até o término da execução do programa. 

Adicionalmente, no contexto da programação lógica (como no Prolog), uma constante é definida simplesmente como um símbolo que representa um objeto.";5;5.411684;908;1103;2011;1.0;0.8034799746060197;0.8333333332916666;1.0
Q008;Por que usamos aspas duplas ao escrever uma constante do tipo caractere?;As aspas duplas são usadas para delimitar e distinguir os dados constantes do tipo caractere dos demais tipos primitivos, deixando claro no algoritmo onde aquele texto fixo começa e termina.;Lógica de programação (André Luiz Villar Forbellone) [Programming Logic];De acordo com o contexto, usamos aspas duplas ao escrever uma constante do tipo caractere para **diferenciar os dados constantes desse tipo dos outros tipos**.;6;3.170916;1068;519;1587;1.0;1.0;0.9166666666361111;1.0
Q009;Qual é a diferença entre uma constante e uma variável?;Uma constante mantém sempre o mesmo valor do início ao fim da execução do algoritmo, enquanto uma variável pode ter seu valor alterado a qualquer momento durante essa execução.;Lógica de programação (André Luiz Villar Forbellone) [Programming Logic];"Com base no contexto, a principal diferença entre uma constante e uma variável é a capacidade de alteração (mutabilidade) do seu valor:

*   **Variável:** É a representação de uma região de memória utilizada para armazenar, acessar e **modificar** certo valor por um determinado espaço de tempo.
*   **Constante:** É um valor associado a um nome, definido inicialmente no programa, que **não será alterado** em nenhum momento até o término da execução do programa.";6;4.266473;1163;819;1982;1.0;0.9724064417830802;0.8333333332916666;1.0
Q010;Dê um exemplo que ajude a ilustrar a diferença entre uma constante e uma variável.;"No cálculo da área de um círculo, o valor de pi é uma constante, pois é sempre o mesmo número independentemente do cálculo; já o raio é uma variável, porque muda dependendo de qual círculo está sendo considerado.";Lógica de programação (André Luiz Villar Forbellone) [Programming Logic];"Com base no contexto fornecido, um exemplo que ilustra a diferença entre uma constante e uma variável é a construção de um algoritmo para calcular a área de uma circunferência. 

Nesse caso, utiliza-se a fórmula da área (área = πr²), onde:
* **Constante:** O valor de π (pi) é constante (3,1416...), pois é independente de qual seja a circunferência, valendo para todas as ocasiões em que se calcula a área.
* **Variável:** O valor de ""r"", que representa o raio, é variável (dependente), pois muda de acordo com a circunferência específica que está sendo calculada.";5;4.276551;1161;793;1954;1.0;0.8872704675810538;0.99999999995;1.0
Q011;Quais são os tipos de dados primitivos usados na lógica de programação?;São quatro: inteiro (números inteiros positivos, negativos ou zero), real (números com casas decimais), caractere (letras, números e símbolos tratados como texto) e lógico (que admite apenas os valores verdadeiro ou falso).;Lógica de programação (André Luiz Villar Forbellone) [Programming Logic];"Com base no contexto fornecido, os tipos de dados primitivos (ou básicos) são classificados em três tipos principais:

1. **Numéricos:** Representados por valores numéricos inteiros ou reais.
2. **Caracteres:** Representados por valores alfabéticos ou alfanuméricos (também citados no texto como caractere/cadeia).
3. **Lógicos:** Representados pelos valores falso e verdadeiro.";6;3.457989;1211;697;1908;1.0;0.7052094627211004;0.9999999999;1.0
Q012;O que caracteriza o tipo de dado lógico?;É um tipo de informação biestável, ou seja, só pode assumir um de dois estados possíveis, convencionalmente representados como verdadeiro (V) ou falso (F), como uma porta que só pode estar aberta ou fechada.;Lógica de programação (André Luiz Villar Forbellone) [Programming Logic];Com base no contexto, o tipo de dado lógico (também conhecido como booleano) é caracterizado por dados que possuem valores binários, nos quais apenas um dos valores pode ser escolhido. Ele representa toda informação que pode assumir duas situações: **verdadeiro ou falso** (podendo também ser representado como sim e não, ou 1 e 0).;6;2.424886;1306;374;1680;1.0;0.9126477836493834;0.9999999999666667;0.0
Q013;Para que serve o comando 'leia' em um algoritmo?;É o comando de entrada de dados: recebe um valor vindo de fora do algoritmo, como algo digitado pelo usuário, e atribui esse valor à variável indicada entre parênteses.;Lógica de programação (André Luiz Villar Forbellone) [Programming Logic];O comando 'leia' (comando de entrada) em um algoritmo é utilizado para receber dados digitados pelo usuário, que serão armazenados em variáveis.;6;2.708094;1135;369;1504;1.0;0.8604768322148205;0.99999999995;1.0
Q014;De onde vêm os dados que o comando de entrada armazena nas variáveis?;"Vêm de fora do algoritmo, como o teclado ou outro dispositivo de entrada, semelhante aos ingredientes que entram em uma receita; sem essa entrada, o algoritmo não teria nada com que trabalhar.";Lógica de programação (André Luiz Villar Forbellone) [Programming Logic];Com base no contexto, os dados que o comando de entrada armazena nas variáveis vêm de um dispositivo de entrada de dados (como o teclado do computador) ou de um arquivo em disco. Especificamente, são dados digitados pelo usuário.;6;3.235244;1231;575;1806;1.0;1.0000000000000002;0.99999999998;0.5
Q015;Qual é a função do comando 'escreva' em um algoritmo?;É o comando de saída de dados: exibe o conteúdo de uma variável identificada, mostrando ao usuário o resultado ou a resposta calculada pelo algoritmo.;Lógica de programação (André Luiz Villar Forbellone) [Programming Logic];"Com base no contexto, a função do comando `escreva` (ou `ESCREVA`) em um algoritmo é atuar como um **comando de saída de dados**. Ele é utilizado para mostrar dados na tela ou na impressora, podendo exibir tanto mensagens quanto o conteúdo de variáveis. 

Ao ser executado, ele analisa uma lista de expressões (que devem estar entre parênteses e separadas por vírgulas) e imprime os resultados na saída padrão. A principal diferença em relação ao comando `escreval` é que o `escreva` não muda de linha após terminar a execução, mantendo o cursor na mesma posição em que estava.";6;10.133741;1334;832;2166;1.0;0.8983821661531022;0.9999999999666667;1.0
Q016;É possível exibir mais de uma informação em um único comando 'escreva'?;"Sim, basta colocar entre parênteses vários identificadores, expressões ou trechos de texto separados por vírgulas, como em escreva(""Você pesa"", W, ""quilos""), permitindo combinar texto fixo com o valor de variáveis.";Lógica de programação (André Luiz Villar Forbellone) [Programming Logic];"Sim, é possível. De acordo com o contexto, o comando de saída aceita uma ""lista-de-expressões"". Para exibir mais de uma informação, as expressões devem estar entre parênteses e separadas por vírgula. O contexto demonstra isso no exemplo: `escreval (""A = "", A, "" e B = "", B)`, onde são exibidos textos e o valor de variáveis em um único comando.";6;5.298108;1423;932;2355;1.0;0.9107863872088041;0.99999999995;1.0
Q017;Quais são os operadores aritméticos básicos usados em algoritmos?;São a adição (+), a subtração (-), a multiplicação (*) e a divisão (/), usados para representar as operações matemáticas fundamentais entre constantes ou variáveis numéricas.;Lógica de programação (André Luiz Villar Forbellone) [Programming Logic];Os operadores aritméticos básicos usados em algoritmos são: adição (+), subtração (-), multiplicação (*) e divisão (/).;5;4.171076;1118;384;1502;1.0;0.9291880818626715;0.999999999975;1.0
Q018;Como a potenciação e a radiciação são representadas em pseudocódigo, já que os símbolos ^ e √ não são usados?;Em vez disso, usam-se palavras-chave: pot(x,y) representa x elevado a y, e rad(x) representa a raiz quadrada de x.;Lógica de programação (André Luiz Villar Forbellone) [Programming Logic];"De acordo com o contexto, a potenciação e a radiciação são representadas em pseudocódigo usando as palavras-chave **pot** e **rad**, respectivamente. 

- **Potenciação:** representada por `pot(x,y)`, que significa ""x elevado a y"". Exemplo: `pot(2,3)`.
- **Radiciação (Raiz quadrada):** representada por `rad(x)`, que significa ""Raiz quadrada de x"". Exemplo: `rad(9)`.";5;1.895778;1130;253;1383;1.0;0.8943806240858078;0.8333333332916666;1.0
Q019;Para que servem os operadores relacionais?;Servem para comparar dois valores de um mesmo tipo primitivo, sejam constantes, variáveis ou expressões aritméticas, permitindo construir entre eles relações como igualdade ou desigualdade.;Lógica de programação (André Luiz Villar Forbellone) [Programming Logic];"Com base no contexto fornecido, os operadores relacionais servem para estabelecer uma condição, ou seja, uma relação lógica (comparação) entre dois elementos. 

O resultado obtido a partir do uso desses operadores (como igual a, maior que, menor que, diferente de, etc.) é sempre um valor lógico: verdadeiro (V) ou falso (F).";6;3.473878;1283;644;1927;1.0;0.8531387947108245;0.9999999999666667;1.0
Q020;De que tipo é sempre o resultado de uma comparação feita com um operador relacional?;É sempre um valor lógico, verdadeiro ou falso, dependendo de a relação testada entre os dois valores comparados se verificar ou não.;Lógica de programação (André Luiz Villar Forbellone) [Programming Logic];Com base no contexto, o resultado de uma comparação feita com um operador relacional é **sempre um valor lógico** (booleano), exceto quando valores booleanos não têm um tipo específico incluído na linguagem.;6;2.245408;1317;194;1511;0.5;0.9382693825248861;0.99999999995;1.0
Q021;Quais são os três operadores lógicos básicos e o que cada um faz?;"São o não, que inverte o valor de uma condição (negação); o e, que só resulta verdadeiro quando ambos os operandos são verdadeiros (conjunção); e o ou, que resulta verdadeiro quando pelo menos um dos operandos é verdadeiro (disjunção).";Lógica de programação (André Luiz Villar Forbellone) [Programming Logic];"Com base no contexto fornecido, os três operadores lógicos definidos e o que cada um faz são:

* **e**: Operador que resulta VERDADEIRO somente se seus dois operandos lógicos forem verdadeiros.
* **ou**: Operador que resulta VERDADEIRO quando um dos seus operandos lógicos for verdadeiro.
* **xou**: Operador que resulta VERDADEIRO se seus dois operandos lógicos forem diferentes, e FALSO se forem iguais. 

*(Nota: O texto também menciona um quarto operador básico, o ""não"", de negação, porém não o detalha na lista de definições).*";4;4.542437;938;1073;2011;0.8571428571428571;0.9581737808572636;0.9999999999;1.0
Q022;Em que situação o operador lógico 'e' entre duas condições resulta verdadeiro?;"Somente quando ambas as condições avaliadas são simultaneamente verdadeiras; se qualquer uma delas for falsa, o resultado do 'e' também será falso.";Lógica de programação (André Luiz Villar Forbellone) [Programming Logic];"Com base no contexto fornecido, o operador lógico ""e"" resulta VERDADEIRO somente se seus dois operandos lógicos (ou condições) forem verdadeiros. Em outras palavras, o operador exige que todas as condições da expressão lógica sejam verdadeiras para que o resultado seja verdadeiro.";6;2.617012;1324;345;1669;1.0;0.8523078333963993;0.7555555555303703;1.0
Q023;O que o comando de atribuição faz em um algoritmo?;Fornece um valor a uma variável, armazenando nela o resultado de uma expressão ou uma constante, desde que o tipo desse valor seja compatível com o tipo declarado da variável.;Lógica de programação (André Luiz Villar Forbellone) [Programming Logic];"Com base no contexto, o comando de atribuição é uma ação a ser executada que tem a função de atribuir (armazenar) um valor a um identificador (nome de uma variável) localizado no lado esquerdo do símbolo de igualdade (=). 

O significado e o funcionamento desse comando ocorrem da seguinte forma:
1. Primeiro, ele executa a expressão que está do lado direito do sinal de igualdade. Essa expressão pode resultar em um valor, ser o valor de outra variável ou uma constante.
2. Em seguida, ele atribui (armazena) o resultado dessa expressão à variável (identificador) que está do lado esquerdo do sinal de igualdade. 

O contexto destaca ainda que o sinal de igualdade no comando de atribuição não representa uma igualdade matemática, mas sim a ação de atribuir o valor do lado direito para a variável do lado esquerdo.";6;4.945542;1358;907;2265;1.0;0.7555694321148083;0.999999999975;0.0
Q024;O que deve existir do lado esquerdo do símbolo de atribuição?;Deve haver apenas um único identificador, ou seja, o nome de uma variável, pois é ali que será armazenado o valor calculado no lado direito da expressão.;Lógica de programação (André Luiz Villar Forbellone) [Programming Logic];"Com base no contexto fornecido, não é possível saber o que deve existir do lado esquerdo do símbolo de atribuição. O texto apenas menciona que o símbolo ""="" passou a ser o mesmo para representar tanto uma igualdade como uma atribuição, mas não detalha as regras de utilização do lado esquerdo da atribuição. Portanto, não sei a resposta.";5;2.17995;846;371;1217;0.75;0.0;0.0;0.0
Q025;O que caracteriza a estrutura sequencial de um algoritmo?;É quando o conjunto de ações do algoritmo é executado uma após a outra, em ordem linear de cima para baixo, seguindo exatamente a mesma ordem em que as ações foram escritas.;Lógica de programação (André Luiz Villar Forbellone) [Programming Logic];De acordo com o contexto, a estrutura sequencial de um algoritmo é caracterizada pelo fato de que o conjunto de ações primitivas será executado em uma sequência linear de cima para baixo e da esquerda para a direita.;6;3.431451;1385;770;2155;1.0;0.8716786412628846;0.9999999999666667;1.0
Q026;Como as ações costumam ser separadas dentro da estrutura sequencial de um algoritmo?;"Por convenção, cada ação é separada da seguinte por um ponto e vírgula (;), sinalizando que, uma vez alcançada, o próximo comando da sequência deve ser executado.";Lógica de programação (André Luiz Villar Forbellone) [Programming Logic];Com base no contexto fornecido, não sei como as ações costumam ser separadas dentro da estrutura sequencial de um algoritmo. O texto menciona apenas que as ações são executadas em uma sequência linear de cima para baixo e da esquerda para a direita.;6;5.113255;1172;1543;2715;0.5;0.0;0.0;0.0
Q027;Qual é a ordem de prioridade entre parênteses, operadores aritméticos, operadores relacionais e operadores lógicos em uma expressão?;Primeiro resolvem-se os parênteses mais internos, depois os operadores aritméticos, em seguida os operadores relacionais e, por fim, os operadores lógicos.;Lógica de programação (André Luiz Villar Forbellone) [Programming Logic];"Com base no contexto fornecido, a ordem de prioridade é a seguinte:

Os parênteses não têm uma posição numerada na lista de prioridade, mas são utilizados com a finalidade de estabelecer uma nova ordem de execução entre os operadores (ou seja, eles têm a maior prioridade de avaliação, forçando uma ordem diferente da padrão).

Quanto aos operadores, a relação de prioridade apresentada é:
1ª: operadores aritméticos (`*`, `/`)
2ª: operadores aritméticos (`+`, `-`)
3ª: operadores relacionais (`>`, `<`, `>=`, `<=`)
4ª: operadores relacionais (`=`, `z` [provavelmente referindo-se a diferença/<>])
5ª: operador lógico **não** (negação)
6ª: operador lógico **e** (conjunção)
7ª: operador lógico **ou** (disjunção)

O contexto também apresenta uma tabela de precedência específica para operadores lógicos (notação com pontos), onde a ordem é:
1. `.nao.` (Negação)
2. `.e.` (Conjunção)
3. `.ou.` (Disjunção inclusiva) e `.xou.` (Disjunção exclusiva) - ambos no mesmo nível.";5;4.621615;1096;1105;2201;0.9411764705882353;0.7665406337524208;0.5833333333041666;1.0
Q028;Entre os operadores lógicos não, e e ou, qual tem a maior prioridade na resolução de uma expressão?;"O operador não tem a maior prioridade, seguido pelo e e, por último, pelo ou; essa é a ordem em que são resolvidos quando aparecem juntos em uma mesma expressão lógica.";Lógica de programação (André Luiz Villar Forbellone) [Programming Logic];Entre os operadores lógicos não, e e ou, o operador **.não.** (negação) tem a maior prioridade na resolução de uma expressão, possuindo o nível de precedência 1.;5;2.337873;1175;360;1535;1.0;0.9526784276619334;0.9166666666361111;1.0
Q029;Quais são os tipos de dados numéricos usados em Python e qual é a diferença entre eles?;"Python trabalha com números inteiros (int), que não têm parte decimal, e números de ponto flutuante (float), que têm parte decimal; mesmo um valor como 1.0, com zero na casa decimal, já é considerado de ponto flutuante.";Introdução à programação com Python (Nilo Ney Coutinho Menezes) [Introduction to Programming with Python];"Com base no contexto fornecido, os tipos de dados numéricos usados em Python são:

1. **Números inteiros:** São aqueles sem parte decimal, como 1, 0, -5, 550, -47 e 30000.
2. **Números de ponto flutuante (ou decimais):** São aqueles que possuem parte decimal, como 1.0, 5.478, 10.478 e 30000.4. 

**A diferença entre eles:** 
A principal diferença está na presença ou ausência da parte decimal. Os números de ponto flutuante possuem uma parte fracionária, enquanto os inteiros não. O contexto também ressalta que um número com zero na parte decimal (como 1.0) ainda é considerado um número de ponto flutuante. 

Além disso, em Python, a separação entre a parte inteira e a fracionária é feita utilizando o ponto (`.`) e não a vírgula, e não se utilizam separadores de milhar (por exemplo, um milhão é escrito como 1000000).";6;5.567779;1343;1007;2350;1.0;0.949063158625817;0.9999999999;1.0
Q030;Como Python representa os valores lógicos (booleanos)?;Ele usa o tipo lógico, também chamado de booleano, escrevendo True para representar verdadeiro e False para representar falso, sempre com a primeira letra maiúscula.;Introdução à programação com Python (Nilo Ney Coutinho Menezes) [Introduction to Programming with Python];"Com base no contexto, em Python os valores lógicos (booleanos) são representados por **True** para verdadeiro e **False** para falso. O texto também destaca que as letras ""T"" e ""F"" devem ser escritas com letras maiúsculas.";5;5.242427;1115;427;1542;1.0;0.9432188449992829;0.5833333333041666;1.0
Q031;Como funciona a estrutura condicional simples (se-então) e quando o comando associado a ela é de fato executado?;"Na estrutura condicional simples, um comando (ou bloco de comandos) só é executado quando a condição testada é verdadeira; se a condição for falsa, a estrutura termina sem executar nada. Quando mais de um comando depende da condição, esse conjunto deve ser delimitado por marcadores de início/fim de bloco (como início/fim), o que não é necessário quando há apenas um comando.";Lógica de programação (André Luiz Villar Forbellone) [Programming Logic];"Com base no contexto fornecido, a estrutura condicional simples (se-então) funciona e executa seus comandos da seguinte forma:

**Como funciona:**
* A instrução utiliza as palavras-chave `se`, `então` (ou `entao`) e `fim_se` (ou as palavras `INÍCIO` e `FIM` quando há dois ou mais comandos a serem executados).
* A condição é uma expressão lógica (uma comparação) definida entre os comandos `se` e `então`. Essa condição pode assumir apenas dois valores possíveis: **verdadeiro** ou **falso**.

**Quando o comando é de fato executado:**
* O comando (ou a sequência de comandos) associado à estrutura condicional **só será executado se a condição for verdadeira**. 
* Caso a condição seja **falsa**, os comandos subordinados dentro do bloco não serão executados. Em vez disso, o controle passará automaticamente para as eventuais instruções que existirem após o final da estrutura condicional (após o comando `fim_se` ou `FIM`).";6;5.19331;1232;1139;2371;1.0;0.9350613225596698;0.5333333333155555;1.0
Q032;Qual é a diferença entre a estrutura condicional simples e a composta?;"Na estrutura simples há apenas um desvio (então), que executa uma ação somente quando a condição é verdadeira, não fazendo nada se ela for falsa. Na estrutura composta há dois desvios, então e senão: se a condição for verdadeira, o bloco do então é executado; se for falsa, o bloco do senão é executado, garantindo que alguma ação seja sempre tomada.";Fundamentos da programação de computadores (Ana Fernanda Gomes Ascencio et al.) [Fundamentals of Computer Programming];"Com base no contexto fornecido, a principal diferença é que a estrutura condicional composta possui a palavra-chave `else`, além dos elementos já existentes na condicional simples. 

Na condicional composta (Formato 2), tem-se `if (condição) comando1; else comando2;`. Isso significa que, se a condição for verdadeira, o `comando1` será executado; e, sendo falsa, o `comando2` será executado. Apenas um dos comandos é executado e, após isso, o controle passa para o próximo comando após a estrutura condicional. 

A condicional simples, por sua vez, não possui o `else` (como visto nos exemplos `if (x>=0) printf("" x e positivo"");`), executando apenas um comando caso a condição seja satisfeita, sem uma ação alternativa definida para quando a condição for falsa.";6;5.142347;1263;996;2259;1.0;0.9467962671651052;0.5833333333041666;1.0
Q033;Em uma seleção composta, o que acontece se o resultado da condição for falso?;Quando o resultado da condição avaliada é falso, o algoritmo desvia para o bloco associado à cláusula senão, executando a sequência de comandos (ou a ação única) prevista para esse caso, em vez do bloco associado ao então, que só é executado quando a condição é verdadeira.;Lógica de programação (André Luiz Villar Forbellone) [Programming Logic];"Com base no contexto, se o resultado da condição for falso, ocorre o seguinte:

1. Na regra de inferência de seleção (`if B then S1 else S2`), a cláusula `else` (representada por `S2`) é executada (provada), considerando que a expressão booleana de controle é falsa.
2. No fluxo do programa (em estruturas de decisão), o fluxo é desviado para a linha sinalizada com o rótulo N, que leva o fluxo diretamente ao símbolo connector da condição, dando continuidade ao programa.
3. No caso do ""if imediato"", o `else` indica o resultado (ou valor) que deve ser retornado caso a condição seja falsa (no exemplo, retornaria ""."").";6;5.490874;1192;1013;2205;0.8;0.7211185064805519;0.41111111109740744;1.0
Q034;O que caracteriza uma estrutura condicional encadeada (senão-se) e por que ela é chamada de heterogênea quando não há um padrão de construção identificável?;Uma estrutura encadeada surge quando várias seleções são agrupadas em sequência, geralmente porque uma ação só deve ocorrer se um amplo conjunto de possibilidades ou combinações de condições for satisfeito, testando uma nova condição dentro da cláusula senão da anterior. Quando essas seleções encadeadas não seguem um padrão lógico de construção identificável, a estrutura é chamada de estrutura encadeada heterogênea.;Lógica de programação (André Luiz Villar Forbellone) [Programming Logic];"Com base no contexto fornecido, uma estrutura condicional encadeada é caracterizada pelo encadeamento de várias seleções. Isso pode ser feito de diversas formas, gerando um número elevado de diferentes possibilidades de construção. As seleções podem ser simples (apenas com a cláusula ""então""), compostas (com ""então"" e ""senão"") ou encadeadas (que podem ser homogêneas ou heterogêneas).

Ela é chamada de **heterogênea** especificamente quando não conseguimos identificar um padrão lógico de construção na referida estrutura de seleção encadeada.";3;3.164671;730;787;1517;1.0;0.8587861877617922;0.9999999999;0.5
Q035;Como um algoritmo pode usar comandos condicionais aninhados (um se dentro de outro) para refinar uma decisão já tomada, como na classificação da nota de aprovação de um aluno em faixas?;"Um comando condicional aninhado é um se colocado dentro do bloco verdadeiro (ou falso) de outro se, permitindo que uma segunda decisão seja avaliada somente depois de a primeira condição já ter sido confirmada. No exemplo da média de um aluno, verifica-se primeiro se o aluno foi aprovado (média maior ou igual a 5); só então, dentro desse bloco, novos comandos verificam a faixa exata da média para escrever se a aprovação foi com louvor, mérito ou distinção, e cada se aninhado precisa de seu próprio marcador de fechamento correspondente.";Algoritmos e Programação de Computadores (Dilermando Junior, Gilberto Nakamiti) [Algorithms and Computer Programming];"Com base no contexto, um algoritmo utiliza comandos condicionais aninhados (um dentro do outro) quando o problema exige decisões mais complexas, permitindo refinar uma decisão inicial. 

No exemplo da classificação do aluno, a decisão principal é feita em uma estrutura condicional simples ou composta: **SE** a média for maior ou igual a 5, **ENTÃO** o aluno está aprovado; **SENÃO**, está reprovado. 

Para refinar essa decisão dentro do bloco de aprovados, aninha-se um novo comando condicional dentro do primeiro. Esse comando interno avaliará a faixa exata da média para imprimir palavras complementares de desempenho, classificando assim:
*   Média 10: ""Aprovado com Louvor""
*   Média 8 ou 9: ""Aprovado com Mérito""
*   Média 6 ou 7: ""Aprovado com Destaque""
*   Média 5: ""Aprovado""

O contexto também destaca que esse mesmo resultado de refinamento pode ser obtido utilizando um comando de seleção (como `escolha média` com os respectivos `casos` e `outrocaso` para reprovados). Embora ambos os métodos produzam o mesmo resultado, o comando de seleção pode deixar a apresentação mais organizada e clara, cabendo ao programador descobrir o momento mais adequado para usar cada um.";5;6.006054;1147;1386;2533;1.0;0.8044668878740958;0.9999999999;0.5
Q036;Como a estrutura de repetição com pré-teste (enquanto) controla quantas vezes um trecho do algoritmo será executado?;A estrutura enquanto verifica a condição antes de cada execução do bloco de comandos, repetindo-o somente enquanto essa condição permanecer verdadeira. Por causa disso, se a condição já for falsa na primeira verificação, o bloco pode não ser executado nenhuma vez, o que é a principal característica desse tipo de repetição.;Lógica de programação (André Luiz Villar Forbellone) [Programming Logic];"De acordo com o contexto, a estrutura de repetição com pré-teste (`enquanto`) controla a execução de um trecho do algoritmo verificando, antes de cada execução, se é ""permitido"" executá-lo. Ela permite que um bloco ou ação seja repetido enquanto uma determinada `<condição>` for verdadeira. Como a condição é testada no início, o laço pode não ser executado nenhuma vez caso a condição não seja satisfeita logo de partida.";5;4.035279;1063;768;1831;1.0;0.8570835248799537;0.5833333333041666;1.0
Q037;Em uma estrutura enquanto, o que é preciso fazer para controlar o número de repetições, já que essa estrutura não oferece esse recurso por si só?;Como a estrutura enquanto, sozinha, não sabe quantas vezes já repetiu, é necessário criar um contador: uma variável com um valor inicial definido, que é incrementada a cada repetição, e usar essa variável na condição de parada do laço, por exemplo repetindo enquanto o contador for menor que o número desejado de execuções.;Lógica de programação (André Luiz Villar Forbellone) [Programming Logic];"Com base no contexto fornecido, embora não haja uma explicação textual explícita sobre a teoria da estrutura `enquanto`, o exemplo prático de algoritmo (nos exercícios de fixação) demonstra o que precisa ser feito: 

Para controlar o número de repetições, é necessário avaliar uma variável na condição do laço (como em `enquanto (J <= A) faça`) e, dentro da estrutura, atualizar ou incrementar essa mesma variável (como em `J ~ J + l;`). Assim, o controle do número de repetições é feito manualmente por meio da condição de parada e do incremento da variável de controle dentro do bloco de comandos.";6;6.919896;1483;1650;3133;0.5;0.7466484742168354;0.5833333333041666;1.0
Q038;Como funciona a estrutura de repetição para (com variável de controle) e o que a diferencia das outras estruturas de repetição?;A estrutura para repete um bloco de comandos um número predeterminado de vezes, usando uma variável de controle que recebe um valor inicial, é comparada a um valor final e é incrementada por um passo definido a cada execução. Diferentemente do enquanto e do repita, ela não depende de uma condição lógica avaliada a cada passagem, mas sim de limites fixos estabelecidos antes de o laço começar.;Lógica de programação (André Luiz Villar Forbellone) [Programming Logic];"Com base no contexto fornecido, a estrutura de repetição `para` (com variável de controle) funciona e se diferencia das outras da seguinte maneira:

**Funcionamento:**
A estrutura `para` é utilizada quando se sabe previamente o número exato de vezes que um trecho do algoritmo deve ser repetido (número definido de repetições). Ela utiliza uma variável de controle, que obrigatoriamente deve ser do tipo inteiro. O funcionamento ocorre da seguinte forma:
1. **Inicialização:** A variável de controle recebe um `valor-inicial` (constante ou expressão aritmética inteira). Essa atribuição é feita apenas uma vez, antes de iniciar a primeira repetição.
2. **Execução e Limite:** A sequência de comandos é executada até que a variável de controle atinja o `valor-limite` (valor de parada).
3. **Incremento (Passo):** A variável de controle ""caminha"" em direção ao valor limite através de um incremento. Esse passo é opcional (quando não especificado, geralmente assume o valor padrão).
O formato geral dessa estrutura é: `PARA I ← valor_inicial ATÉ valor_final FAÇA [PASSO n]`.

**Diferença em relação às outras estruturas (`enquanto` e `repita`):**
A principal diferença reside na necessidade de um número finito e determinado de iterações. 
* No **enquanto** (teste no início), o laço pode não ser executado nenhuma vez, pois a condição é avaliada antes da primeira execução.
* No **repita** (teste no final), os comandos são repetidos pelo menos uma vez, já que a condição de parada se encontra no final.
* Já na estrutura **para**, é preciso conhecer desde o início o valor final da variável de controle do laço, pois ela exige um número determinado de iterações para o seu funcionamento, controlando os ""passos"" dados pela variável de controle até atingir o limite estabelecido.";6;7.963615;1354;1582;2936;0.75;0.7134191987815183;0.8333333333055556;1.0
Q039;O que diferencia a estrutura repita...até das outras estruturas de repetição quanto ao momento em que a condição é testada?;Na estrutura repita, o bloco de comandos é executado primeiro e a condição só é avaliada depois, ao final de cada repetição, continuando o laço até que essa condição se torne verdadeira. Por causa disso, o bloco de comandos é sempre executado pelo menos uma vez, mesmo que a condição já fosse verdadeira antes da primeira execução, o que não acontece na estrutura enquanto.;Lógica de programação (André Luiz Villar Forbellone) [Programming Logic];"Com base no contexto, a estrutura `repita...até` se diferencia das outras porque a condição é testada no final (pós-teste). Devido a essa característica, os comandos dentro do laço são executados pelo menos uma vez, independentemente do estado inicial da condição. 

Isso contrasta com a estrutura `enquanto`, que faz o teste no início e, por isso, pode não ser executada nenhuma vez, e com a estrutura `para`, que exige um número finito e determinado de iterações.";6;3.334961;1158;699;1857;1.0;0.7802242826773701;0.8333333333055556;1.0
Q040;Quando uma estrutura enquanto é substituída por uma estrutura repita para resolver o mesmo problema, o que precisa mudar na condição usada?;Ao substituir um enquanto por um repita mantendo a mesma lógica, a condição usada no repita deve ser a negação da condição que era usada no enquanto, já que o enquanto continua repetindo enquanto a condição é verdadeira e o repita continua repetindo até que a condição se torne verdadeira (ou seja, ele para quando a condição original seria falsa).;Lógica de programação (André Luiz Villar Forbellone) [Programming Logic];De acordo com o contexto, ao substituir uma estrutura `enquanto` por uma estrutura `repita` para resolver o mesmo problema, é necessário utilizar como condição para o `repita` a **negação da condição** do `enquanto`.;6;2.229778;1255;396;1651;1.0;0.7519028663450228;0.249999999975;1.0
Q041;Em uma estrutura de repetição, o que é um contador e para que ele serve dentro do laço?;Um contador é uma variável inicializada com um valor de partida (normalmente zero) que é incrementada por uma quantia fixa, normalmente 1, a cada repetição do laço. Ele serve para contar quantas vezes o bloco de comandos já foi executado, permitindo, por exemplo, controlar quando a repetição deve parar.;Lógica de programação (André Luiz Villar Forbellone) [Programming Logic];"Com base no contexto fornecido, um contador em uma estrutura de repetição é uma variável (também chamada de variável de laço) na qual o valor de contagem é mantido. Ele é representado por uma variável com um valor inicial definido.

Dentro do laço, o contador serve para estabelecer um modo de contagem, sendo incrementado a cada repetição (o que é o mesmo que somar um valor constante, normalmente 1). Ele ajuda a especificar os valores inicial e final do laço (parâmetros do laço) e pode ser usado, por exemplo, para percorrer todas as posições de um vetor.";6;4.179544;1230;897;2127;0.8;0.8084483289513137;0.8333333332916666;1.0
Q042;Qual é a diferença entre um contador e um acumulador usados dentro de estruturas de repetição?;Um contador sempre soma um valor constante (normalmente 1) a cada repetição, servindo para contar quantas vezes o laço foi executado. Um acumulador, por outro lado, soma um valor que pode variar (como uma nota lida do usuário) a cada repetição, acumulando um total desses valores diferentes ao longo das iterações, que depois é usado, por exemplo, para calcular uma média.;Lógica de programação (André Luiz Villar Forbellone) [Programming Logic];"Com base no contexto fornecido, não é possível determinar a diferença exata entre um contador e um acumulador. O texto apenas explica as características do acumulador e menciona brevemente o contador, sem fazer um contraste claro entre suas funções:

*   **Acumuladores:** O contexto explica que devem ser usados quando a realização de um cálculo precisa de valores obtidos a cada iteração, ou seja, o cálculo só estará pronto com a conclusão da repetição. Devem ser inicializados com um valor neutro (ex: zero para adição, 1 para multiplicação).
*   **Contadores:** O contexto apenas afirma que ""são mais complexos, seu projeto é mais trabalhoso"" e fala sobre laços controlados por contador em nível de arquitetura de máquinas, mas não define a sua função prática dentro da repetição.

Portanto, com base apenas no texto fornecido, não sei a resposta exata para a diferença entre eles.";6;8.852037;1192;1512;2704;1.0;0.0;0.0;0.0
Q043;Por que um acumulador precisa ser inicializado com zero antes de entrar no laço de repetição?;"O acumulador precisa começar em zero porque, a cada repetição, ele receberá a soma do seu próprio valor anterior mais um valor recém-lido ou calculado; se não fosse inicializado, a primeira soma partiria de um valor indefinido ou de lixo de memória, invalidando o resultado acumulado final ao término do laço.";Fundamentos da programação de computadores (Ana Fernanda Gomes Ascencio et al.) [Fundamentals of Computer Programming];De acordo com o contexto, um acumulador precisa ser inicializado com um valor neutro (no caso de uma adição, o valor zero) porque a realização do cálculo precisa de valores obtidos a cada iteração, ou seja, o cálculo só estará concluído com a conclusão da repetição. Iniciar com o valor neutro garante que o cálculo acumule os valores corretamente desde o início do laço.;4;3.686237;992;771;1763;0.8;0.7980882592835311;0.999999999975;0.5
Q044;O que é um vetor (variável composta unidimensional) e como um elemento específico dentro dele é acessado?;Um vetor é um conjunto de variáveis do mesmo tipo que compartilham o mesmo nome (identificador) e são armazenadas sequencialmente na memória, formando uma estrutura com apenas uma dimensão. Para acessar um elemento específico, usa-se o nome do vetor seguido de um índice entre colchetes, indicando a posição desejada dentro dos limites definidos na declaração.;Algoritmos e Programação de Computadores (Dilermando Junior, Gilberto Nakamiti) [Algorithms and Computer Programming];"Com base no contexto, um vetor (ou variável composta homogênea unidimensional) é uma estrutura de dados composta por um número finito de variáveis do mesmo tipo de dado primitivo (por isso homogênea). Ele é identificado por um único nome, possui apenas uma dimensão (representado em linha ou coluna) e suas variáveis são alocadas sequencialmente na memória. 

Um elemento específico dentro do vetor é acessado através de um **índice**. Como todas as variáveis que compõem o vetor compartilham o mesmo identificador (nome), o índice é o mecanismo que as individualiza e referencia sua localização exata dentro da estrutura.";6;3.126834;1312;847;2159;1.0;0.7876186479128693;0.8666666666377778;1.0
Q045;Qual é a diferença entre o índice de um vetor e o elemento armazenado naquela posição?;O índice é apenas a posição dentro do vetor (equivalente ao número do andar de um prédio), enquanto o elemento é o dado de fato armazenado naquela posição. Os dois não devem ser confundidos: o índice serve apenas para localizar onde o valor está armazenado, e é por meio do índice que se manipula o conteúdo guardado naquela posição específica.;Lógica de programação (André Luiz Villar Forbellone) [Programming Logic];"De acordo com o contexto, é importante não confundir o índice com o elemento. A diferença entre eles é:

* **Índice:** É a posição do vetor (comparado no texto ao andar de um prédio).
* **Elemento:** É o que está contido (o valor armazenado) naquela posição (comparado ao conteúdo do andar do prédio).";6;2.05811;1463;188;1651;1.0;0.7153600991129029;0.6388888888675925;1.0
Q046;Como o número total de elementos de um vetor é calculado a partir dos limites inicial e final definidos em sua declaração?;O número de elementos de um vetor é dado pela diferença entre o limite final (LF) e o limite inicial (LI), somando 1 ao resultado (LF - LI + 1). As posições do vetor são identificadas a partir do limite inicial, com incrementos unitários, até o limite final.;Lógica de programação (André Luiz Villar Forbellone) [Programming Logic];Não sei. O contexto fornecido não explica como calcular o número total de elementos de um vetor a partir dos seus limites inicial e final.;6;5.282679;1334;1077;2411;0.5;0.0;0.0;0.0
Q047;O que é uma matriz (estrutura composta multidimensional) e o que a diferencia de um vetor comum?;Enquanto um vetor precisa de apenas um índice para localizar um elemento, uma matriz é uma estrutura composta homogênea que precisa de mais de um índice para endereçamento, e por isso é chamada de multidimensional. Em uma matriz bidimensional, por exemplo, o primeiro índice indica a linha e o segundo indica a coluna do elemento desejado.;Lógica de programação (André Luiz Villar Forbellone) [Programming Logic];"Com base no contexto fornecido, uma matriz (ou Variável Composta Homogênea Multidimensional - VCHM) é uma estrutura de dados composta por *n* variáveis do mesmo tipo de dado primitivo. Ela corresponde a posições de memória identificadas por um único nome, individualizadas por índices, cujo conteúdo é de um mesmo tipo de dado. Seus elementos são endereçados (acessados) por mais de um índice.

A principal diferença entre uma matriz e um vetor comum está na sua dimensionalidade. Ambos são considerados variáveis compostas homogêneas, mas, ao contrário do vetor, que é unidimensional (disposto em uma única linha ou coluna), as matrizes podem ter duas ou mais dimensões, sendo, portanto, multidimensionais.";6;5.50163;1340;892;2232;0.9166666666666666;0.8683714416881995;0.9999999999666667;0.5
Q048;Como uma matriz bidimensional é declarada e como se calcula o número total de elementos que ela pode armazenar?;Uma matriz é declarada informando o nome da variável seguido das dimensões entre colchetes, indicando o tamanho de cada dimensão (por exemplo, quantas linhas e quantas colunas) e o tipo de dado armazenado. O número total de elementos é obtido multiplicando o tamanho de cada dimensão, ou seja, o número de linhas pelo número de colunas.;Fundamentos da programação de computadores (Ana Fernanda Gomes Ascencio et al.) [Fundamentals of Computer Programming];"Com base no contexto, a declaração de uma matriz bidimensional na linguagem C/C++ é feita especificando o tipo de dado, o nome (identificador) da variável e um índice para cada dimensão (linhas e colunas). Um exemplo de declaração fornecido no texto é: `float X[10][6]`.

Sobre o cálculo do número total de elementos, o contexto afirma que, ao declarar a matriz, ""devemos estabelecer quantos elementos (variáveis) a matriz irá conter"" para cada dimensão. No entanto, o texto não apresenta a fórmula matemática explícita (como a multiplicação de linhas por colunas) para esse cálculo; ele apenas demonstra o conceito por meio de exemplos práticos, como uma matriz com ""7 linhas e 3 colunas"" ou a `float X[10][6]`.";6;10.566934;1322;2046;3368;0.5454545454545454;0.7129385244624732;0.0;0.5
Q049;Como duas cadeias de caracteres podem ser concatenadas (unidas) em um algoritmo e o que essa operação produz como resultado?;A concatenação junta o conteúdo de duas cadeias de caracteres, formando uma terceira cadeia que contém os caracteres da primeira seguidos pelos da segunda. Essa operação geralmente é feita por meio de uma função específica (como CONCAT) ou pelo próprio sinal de adição, que muitas linguagens aceitam como atalho para concatenar cadeias.;Fundamentos da programação de computadores (Ana Fernanda Gomes Ascencio et al.) [Fundamentals of Computer Programming];"Com base no contexto, duas cadeias de caracteres (strings) podem ser concatenadas (unidas) em um algoritmo das seguintes maneiras:

*   **Usando o operador de adição (+):** A concatenação pode ser feita com o sinal de `+`, juntando as cadeias. Por exemplo: `str1 = str2 + str3;`. Dessa forma, a união de `""AB"" + ""C""` resulta em `""ABC""`. *(Nota: o contexto também menciona o uso do operador `^` em linguagens específicas como ML).*
*   **Usando métodos de concatenação:** Como o método `concat`, que concatena uma cadeia com outra e atribui o resultado a uma nova cadeia. Por exemplo: `str1 = str2.concat(str3);`.

**O que essa operação produz como resultado:**
A concatenação produz uma **nova cadeia de caracteres (string) maior**, que é a junção das duas ou mais strings originais. Por exemplo, concatenar ""AB"" com ""C"" gera a string resultante ""ABC"".";6;4.754982;1350;871;2221;1.0;0.9727432745288729;0.999999999975;1.0
Q050;Como se descobre o número de caracteres (comprimento) armazenados em uma cadeia de caracteres e como é possível determinar se uma cadeia aparece dentro de outra?;Para obter o comprimento de uma cadeia, usa-se uma função (como LENGTH) que retorna o número de caracteres nela armazenados. Para verificar se uma cadeia aparece dentro de outra, existe uma função (como POS) que retorna a posição inicial em que a primeira cadeia é encontrada dentro da segunda, retornando zero se ela não for encontrada.;Fundamentos da programação de computadores (Ana Fernanda Gomes Ascencio et al.) [Fundamentals of Computer Programming];"Com base no contexto fornecido, a forma de descobrir o número de caracteres (comprimento) de uma cadeia e de verificar se uma cadeia aparece dentro de outra varia de acordo com a linguagem de programação:

**1. Descobrindo o número de caracteres (comprimento) de uma cadeia:**
*   **Em Pascal:** Utiliza-se a função `LENGTH`, como no exemplo: `tamanho := LENGTH(cadeia);`. A variável `tamanho` pode ser do tipo Integer ou Real.
*   **Em C/C++:** Utiliza-se a função `strlen`, como no exemplo: `tamanho = strlen(cadeia);`. Esta função exige o uso da biblioteca `string.h`.
*   **Em Java:** Utiliza-se o método `length`, como no exemplo: `tamanho = cadeia.length();`.

**2. Verificando se uma cadeia aparece dentro de outra (e em que posição):**
*   **Em Pascal:** Utiliza-se a função `POS`, por exemplo: `posi := POS(cadeia1, cadeia2);`. Ela retorna a posição inicial em que a `cadeia1` aparece dentro da `cadeia2` (a primeira posição é a um). Se a `cadeia1` não aparecer dentro da `cadeia2`, a função retornará zero.
*   **Em C/C++:** O contexto menciona o uso de funções como `strchr`, `strstr` e `strrchr` (que exigem a biblioteca `string.h`). Se a cadeia procurada (str2) não for encontrada dentro da cadeia principal (str1), a variável que armazena a posição recebe `null`. 

*(Nota: O contexto também traz uma observação sobre a lógica de programação para encontrar quantas vezes uma subcadeia aparece dentro de uma cadeia, afirmando que o tamanho da subcadeia deve ser obrigatoriamente menor que o da cadeia principal).*";5;6.410021;1192;1417;2609;1.0;0.7834221876841427;0.8333333332916666;1.0
Q051;Como funciona a combinação de operadores lógicos (e, ou, não) com operadores relacionais em uma expressão lógica composta?;"Em uma expressão lógica composta, cada operador relacional (como maior que, menor que ou igual a) primeiro produz um resultado verdadeiro ou falso a partir da comparação entre dois valores; esses resultados parciais são então combinados por operadores lógicos, em que o e só resulta verdadeiro se ambas as condições forem verdadeiras, o ou resulta verdadeiro se pelo menos uma for verdadeira, e o não inverte o valor lógico de uma condição.";Lógica de programação (André Luiz Villar Forbellone) [Programming Logic];"De acordo com o contexto, a combinação de operadores lógicos e relacionais em uma expressão lógica composta funciona da seguinte maneira:

1. **Operadores Relacionais:** São utilizados para realizar comparações entre dois valores de mesmo tipo primitivo (representados por constantes, variáveis ou expressões aritméticas), criando as condições base da expressão.
2. **Operadores Lógicos:** Têm a função de vincular essas condições (criadas pelos operadores relacionais) entre si para que seja tomada uma única decisão. O operador `.não.` é usado para negar o estado lógico de uma determinada condição.
3. **Precedência de Avaliação:** Para avaliar adequadamente a expressão composta, é necessário seguir a ordem de prioridade de execução dos operadores lógicos:
   - **1º:** `.não.` (Negação - maior nível de prioridade)
   - **2º:** `.e.` (Conjunção - médio nível de prioridade)
   - **3º:** `.ou.` e `.xou.` (Disjunção inclusiva e exclusiva - baixo nível de prioridade)

**Exemplo prático citado no texto:** Na expressão lógica `(A = B) .e. .não. (A > 5)`, a avaliação deve começar por `.não. (A > 5)`. Somente depois de saber o resultado dessa negação é que a avaliação do restante da expressão (a conjunção com `A = B`) será realizada. 

Assim, os operadores relacionais estabelecem as comparações, enquanto os operadores lógicos as combinam e invertem seguindo uma hierarquia estrita de precedência para gerar um único resultado lógico (verdadeiro ou falso).";6;7.154858;1424;1644;3068;0.8333333333333334;0.8642989688310476;0.33333333331666665;0.5
Q052;O que o operador módulo (resto da divisão) faz e como ele pode ser usado para verificar se um número é par ou ímpar?;O operador módulo (mod) retorna o resto da divisão inteira entre dois números, por exemplo 9 mod 4 resulta em 1. Para verificar se um número é par ou ímpar, basta calcular o resto da sua divisão por 2: se o resto for igual a zero o número é par, e se for igual a 1 o número é ímpar.;Lógica de programação (André Luiz Villar Forbellone) [Programming Logic];"De acordo com o contexto, o operador aritmético de módulo (ou modulo) é responsável por gerar o **resto da divisão de valores inteiros positivos** (verificando a divisibilidade).

Para verificar se um número é par ou ímpar, o operador módulo pode ser usado da seguinte maneira: 
Calcula-se o resto da divisão do número por 2. 
- Se o resto da divisão for igual a **zero** (uma divisão exata, sem resto), o número é **par** (divisível por 2 ou múltiplo de 2). 
- Se houver resto, o número é **ímpar**.

Na prática, isso pode ser implementado em diferentes linguagens ou pseudocódigos, como por exemplo:
- Em Python: `x % 2 == 0`
- Em pseudocódigo: `r ← RESTO(num/2)`, e em seguida testar `SE r = 0` (para par) `SENÃO` (para ímpar).
- Na lógica condicional: verificar `se (N mod 2) = 0`, o que indica que o número é par.";6;5.860939;1396;1215;2611;1.0;0.9211121239532544;0.999999999975;0.5
Q053;Por que é necessário usar laços de repetição aninhados (um dentro do outro) para simular algo como uma contagem regressiva de minutos e segundos?;Como há duas grandezas que mudam de forma dependente (os segundos completam um ciclo inteiro antes de cada mudança de minuto), é preciso um laço externo para controlar os minutos e um laço interno para controlar os segundos, de modo que o laço mais interno complete todas as suas iterações (por exemplo, 60 valores de segundos) a cada única iteração do laço externo.;Lógica de programação (André Luiz Villar Forbellone) [Programming Logic];Com base no contexto fornecido, não sei, pois o texto não explica explicitamente o motivo de ser necessário usar laços aninhados. Ele apenas demonstra o Algoritmo 3.17, que utiliza um laço externo para controlar os minutos (variável MIN) e um laço interno para controlar os segundos (variável SEG de 59 até 0) a cada iteração dos minutos.;5;8.895188;1200;2505;3705;1.0;0.0;0.9999999999;1.0
Q054;Ao aninhar dois laços para percorrer uma matriz bidimensional, quantas vezes no total o laço mais interno é executado e do que isso depende?;O laço mais interno é executado uma vez para cada iteração do laço externo, então o número total de execuções do laço interno é o produto do número de iterações do laço externo pelo número de iterações do laço interno em cada passagem, o que corresponde a percorrer todas as colunas para cada linha da matriz.;Lógica de programação (André Luiz Villar Forbellone) [Programming Logic];"Com base no contexto fornecido, o texto não apresenta uma fórmula matemática exata para o número total de vezes que o laço mais interno é executado, mas explica que isso depende dos limites estabelecidos para as variáveis de controle de ambos os laços (a do laço externo e a do laço interno).

De acordo com o contexto, o funcionamento ocorre da seguinte forma: o laço interno (como a variável J no exemplo) executa todas as suas iterações até atingir o seu limite (por exemplo, o valor 20) para cada passo do laço externo (como a variável I). Somente quando o laço interno se encerra é que ele retorna ao laço externo, incrementando a variável externa em 1, repetindo esse processo até que a variável do laço externo atinja o seu próprio limite. Dessa forma, a execução total depende da combinação de todos os possíveis pares de linha e coluna existentes na matriz.";5;9.776168;1269;2020;3289;1.0;0.7307321020993142;0.99999999995;1.0
Q055;O que acontece quando uma estrutura de seleção (se-então-senão) é combinada com uma estrutura de repetição, como ao decidir a situação de aprovação/reprovação de vários alunos dentro do mesmo laço?;A cada iteração do laço, o algoritmo lê os dados de um aluno, calcula sua média e então executa a estrutura condicional para decidir e exibir se ele foi aprovado ou reprovado, repetindo todo esse processo (ler, calcular e decidir) para cada novo aluno até que a condição de parada do laço seja alcançada.;Lógica de programação (André Luiz Villar Forbellone) [Programming Logic];Não sei. O contexto fornecido não explica o que acontece especificamente ao combinar essas estruturas para avaliar a situação de aprovação ou reprovação de alunos.;5;3.024865;1166;566;1732;0.5;0.0;0.0;0.0
Q056;Como funciona uma estrutura de seleção múltipla (do tipo switch/case) usada dentro de um laço de repetição para contar ocorrências de diferentes categorias, como tipos de vinho lidos até um valor de término?;"Dentro do laço, para cada valor lido, a estrutura de seleção múltipla verifica a qual categoria (caso) aquele valor pertence e incrementa o contador específico dessa categoria, além de um contador geral; o laço se repete até que o valor de término seja lido, momento em que o contador geral é ajustado para descontar essa última leitura antes de calcular o percentual de cada categoria.";Lógica de programação (André Luiz Villar Forbellone) [Programming Logic];"Com base no contexto fornecido, o funcionamento de uma estrutura de seleção múltipla (como o comando `escolha`/`caso`, equivalente ao `switch`/`case`) usada dentro de um laço de repetição para contar ocorrências ocorre da seguinte maneira:

1. **Leitura e limite do laço:** A repetição lê continuamente os dados de entrada (por exemplo, os tipos de vinho: 'T' para tinto, 'B' para branco e 'R' para rosê) até que um valor finalizador seja informado (como 'F' para fim).
2. **Seleção Múltipla:** A sentença de seleção múltipla permite a seleção de uma entre várias sequências de comandos com base na expressão de seleção (que deve ser do tipo caractere, inteiro ou lógico). O bloco de seleção começa com a palavra-chave `escolha` e termina com `fimescolha`.
3. **Direcionamento aos casos:** Conforme o valor lido, a estrutura direciona a execução para o bloco de comandos do `caso` correspondente. Se nenhum dos casos listados atender à escolha, é executado o bloco `outrocaso`, que funciona como um ""curinga"" (ou segmento padrão).
4. **Uso de contadores:** Dentro da repetição, utilizam-se variáveis chamadas contadores para registrar o número de ocorrências de cada evento. Assim, ao cair em um caso específico (por exemplo, 'T'), o programa atualiza o valor do contador correspondente (ex: `CT` para tinto, `CB` para branco, `CR` para rosê) somando 1 a ele (ex: `contador = contador + 1`), além de um contador geral de vinhos.
5. **Resultado:** Quando o valor finalizador ('F') é lido, o laço de repetição é interrompido. Os valores acumulados nos contadores específicos são então usados para especificar a porcentagem de cada tipo sobre o total geral de vinhos.";5;5.739778;1239;1755;2994;1.0;0.7214663708987162;0.9999999999;0.5
Q057;Que tipo de estrutura de repetição é mais adequado quando já se sabe exatamente quantas vezes um trecho do algoritmo deve ser executado, como ao ler as notas de uma turma de tamanho fixo?;Quando o número de repetições é conhecido de antemão, a estrutura mais adequada é a repetição com variável de controle (para), pois ela já estabelece um valor inicial, um valor final e um passo de incremento definidos antes de o laço começar, sem depender da avaliação de uma condição lógica a cada iteração como acontece no enquanto ou no repita.;Fundamentos da programação de computadores (Ana Fernanda Gomes Ascencio et al.) [Fundamentals of Computer Programming];Com base no contexto, a estrutura de repetição mais adequada quando se sabe exatamente o número de vezes que um trecho do algoritmo deve ser executado é a estrutura **PARA** (em algoritmo) ou **FOR** (em Pascal). Elas são projetadas especificamente para situações com um número definido de repetições.;5;3.198942;1064;530;1594;1.0;0.8734363957183632;0.699999999965;1.0
Q058;Em uma matriz unidimensional (vetor), qual é a vantagem operacional de usar essa estrutura em vez de declarar várias variáveis simples separadas para armazenar um conjunto de valores relacionados?;Usando uma matriz unidimensional, é possível armazenar vários valores relacionados sob um único identificador, acessando cada um deles por meio de um índice, em vez de ter que criar e nomear uma variável simples diferente para cada valor. Isso facilita o processamento com laços, pois o índice pode variar automaticamente a cada repetição para acessar sequencialmente todas as posições da estrutura.;Algoritmos Lógica para desenvolvimento de programação de computadores [Algorithms: Logic for Computer Programming Development];"Com base no contexto fornecido, o texto não explica explicitamente qual é a vantagem operacional de usar um vetor em vez de declarar várias variáveis simples separadas. O contexto apenas menciona que existe uma ""vantagem operacional de trabalho"" e sugere um exemplo prático (calcular a média geral de uma classe), além de afirmar que a matriz de uma dimensão é ""a forma mais simples de usar tabelas de valores"" e que ""fica em uma única variável dimensionada com um determinado tamanho"". 

Portanto, não sei a resposta exata para a comparação solicitada com base estritamente no texto fornecido.";6;9.03834;1284;2170;3454;0.8333333333333334;0.0;0.8874999999778125;0.5
Q059;Como as listas em Python podem ser percorridas usando um laço while e o que controla o acesso a cada posição durante essa repetição?;"Para percorrer uma lista com while, cria-se uma variável de índice que começa em zero e é incrementada a cada repetição, enquanto essa variável for menor que o tamanho da lista (obtido com a função len); a cada iteração, o índice atual é usado para acessar o elemento correspondente da lista, avançando posição por posição até chegar ao fim.";Introdução à programação com Python (Nilo Ney Coutinho Menezes) [Introduction to Programming with Python];"Com base no contexto, as listas em Python podem ser percorridas usando um laço `while` através da criação de uma variável de índice (geralmente iniciada em 0). A cada repetição, o elemento da lista é acessado usando essa variável como índice (por exemplo, `e = L[x]` ou `print(L[x]`) e, ao final do bloco, a variável é incrementada (por exemplo, `x += 1`).

O que controla o acesso a cada posição durante essa repetição é a função `len()`, que retorna o número de elementos da lista. A função `len` é utilizada na condição do laço `while` (por exemplo, `while x < len(L):`) para controlar o limite dos índices. Isso garante que o laço seja executado apenas enquanto houver elementos válidos na lista, funcionando corretamente independentemente do tamanho que ela tenha.";6;5.396064;1451;992;2443;1.0;0.8682055056452964;0.6388888888675925;1.0
Q060;Qual é a relação entre a função len e os índices válidos de uma lista em Python?;A função len retorna o número de elementos de uma lista e, como a contagem de índices em Python começa em zero, os índices válidos de uma lista vão de 0 até o valor retornado por len menos 1. Por causa disso, as comparações usadas para percorrer a lista (como em um laço while) geralmente testam se o índice é menor que o len da lista, e não menor ou igual a ele.;Introdução à programação com Python (Nilo Ney Coutinho Menezes) [Introduction to Programming with Python];Com base no contexto, a função `len` retorna a quantidade de elementos presentes na lista. Como os índices em Python começam a ser numerados a partir de 0 (zero), os índices válidos de uma lista (L) variam de 0 até o valor de `len(L) - 1`.;5;2.553126;1360;488;1848;1.0;0.771381409493798;0.99999999995;1.0
Q061;Qual é a diferença fundamental entre um procedimento e uma função como subprogramas?;Ambos desviam a execução do programa principal para realizar uma tarefa específica, mas uma função sempre retorna um valor a quem a chamou, um valor associado ao seu próprio nome, enquanto um procedimento realiza a operação e não retorna nenhum valor ao ponto de chamada.;Fundamentos da programação de computadores (Ana Fernanda Gomes Ascencio et al.) [Fundamentals of Computer Programming];"Com base no contexto, a diferença fundamental entre um procedimento e uma função é:

* **Função:** Tem como característica especial sempre retornar ao programa ""chamador"" um único parâmetro (um determinado conteúdo). Esse conteúdo é retornado automaticamente no próprio nome da função e pode ocorrer em operações de processamento (matemático ou lógico) e de saída.
* **Procedimento (sub-rotina):** Pode ou não retornar um parâmetro para o algoritmo/programa ""chamador"". 

Em resumo, a função obrigatoriamente retorna um valor, enquanto o procedimento tem essa opção de forma facultativa.";6;3.599856;1360;723;2083;1.0;0.8628125258090805;0.5833333333041666;0.0
Q062;No método de módulos de Forbellone, o que distingue um módulo com 'contexto de ação' de um módulo com 'contexto de resultado'?;Um módulo tem contexto de ação quando sua essência é executar um conjunto de ações que resolve parte do problema, sem preocupação em retornar um valor específico. Um módulo tem contexto de resultado quando sua finalidade é calcular e retornar, por meio do comando 'retorne', um único valor que passa a ser associado ao próprio nome do módulo, exigindo compatibilidade entre o tipo desse valor e o tipo da variável que o recebe.;Lógica de programação (André Luiz Villar Forbellone) [Programming Logic];"Com base no contexto fornecido, a distinção entre os dois tipos de módulos é a seguinte:

*   **Contexto de ação:** O módulo se preocupa com um processo em particular, sendo centrado nos processos e atividades realizadas. Nesse caso, o seu conjunto de ações é o que perfaz a sua essência.
*   **Contexto de resultado:** O módulo tem por objetivo calcular ou obter um valor em especial. A sua essência é visar um objetivo único, que é ""retornar"" ao ponto de sua chamada um valor específico, sendo que este valor retornado será associado ao próprio nome que identifica o módulo.";6;2.784666;1347;721;2068;1.0;0.558217290214655;0.99999999995;0.5
Q063;O que é o fator de carga de uma tabela hash e por que ele é usado como critério para redimensionar a tabela?;"O fator de carga mede a proporção entre o número de itens armazenados e o número total de posições no vetor subjacente da tabela hash (por exemplo, 2 itens em 5 posições dá um fator de carga de 2/5). Quando esse valor fica alto, a chance de colisões aumenta e o desempenho piora; por isso, quando ele ultrapassa um certo limiar (uma boa regra prática é 0.7), um vetor maior é criado, normalmente com o dobro do tamanho original, e todos os itens são reinseridos usando a função hash, o que reduz o fator de carga e mantém o tempo médio de execução próximo de O(1).";Entendendo Algoritmos (Aditya Y. Bhargava) [Grokking Algorithms];"Com base no contexto fornecido:

**O que é o fator de carga:** 
O fator de carga de uma tabela hash mede quantos espaços continuam vazios na sua tabela hash. Ele é simples de calcular e envolve contar o número de espaços usados no array que a tabela hash utiliza para armazenamento. Por exemplo, se houver 100 itens para 100 espaços, o fator de carga é 1; se houver 100 itens para apenas 50 espaços, o fator de carga é 2.

**Por que é usado como critério para redimensionar:**
Ele é usado como critério de redimensionamento porque, se o fator de carga começar a crescer, significa que você tem mais itens do que espaços na tabela (um fator maior que 1 indica que é impossível que cada item tenha seu próprio espaço). A regra geral é redimensionar a tabela (criando um novo array com o dobro do tamanho) quando o fator de carga for maior do que 0,7. O objetivo desse redimensionamento é diminuir o fator de carga, o que resulta em menos colisões e, consequentemente, em um melhor desempenho da tabela hash.";4;6.844752;715;1172;1887;1.0;0.9909708663809901;0.9999999999666667;1.0
Q064;No exemplo com as sub-rotinas S2 (parâmetro por valor) e S3 (parâmetro por referência) do livro de Ascencio et al., o que acontece com as variáveis globais X e Y do programa principal após cada chamada?;Depois da chamada de S2, que recebe X e Y por valor, os valores das variáveis globais permanecem inalterados, pois a sub-rotina modificou apenas cópias locais. Depois da chamada de S3, que recebe os mesmos nomes por referência, as alterações feitas dentro da sub-rotina são refletidas diretamente nas variáveis globais do programa principal, porque elas se comportam como variáveis globais dentro da sub-rotina.;Fundamentos da programação de computadores (Ana Fernanda Gomes Ascencio et al.) [Fundamentals of Computer Programming];Com base no contexto fornecido, não sei a resposta. O texto não menciona as sub-rotinas S2 e S3, nem os parâmetros por valor e por referência especificamente relacionados às variáveis X e Y do programa principal.;5;4.254717;1199;648;1847;0.6666666666666666;0.0;0.0;0.0
Q065;No exemplo de Forbellone sobre escopo de variáveis com módulos aninhados, o que acontece quando uma variável K é declarada tanto no início do algoritmo (global) quanto dentro de um módulo interno, com o mesmo nome?;Quando ocorre esse conflito de nomes, o módulo em que a variável foi declarada localmente, assim como os módulos hierarquicamente subordinados a ele, sempre usam a variável local, ignorando a variável global de mesmo nome. Os módulos que não descendem desse módulo continuam a enxergar apenas a variável global original K.;Lógica de programação (André Luiz Villar Forbellone) [Programming Logic];Com base no contexto fornecido, não há informações que expliquem o que acontece especificamente quando uma variável K é declarada tanto no início do algoritmo (global) quanto dentro de um módulo interno com o mesmo nome. Portanto, não sei a resposta.;6;4.727912;1392;852;2244;0.5;0.0;0.0;0.0
Q066;Segundo Ascencio et al., qual é a diferença entre uma variável local e uma variável global em um algoritmo com sub-rotinas, e o que acontece com cada uma delas ao final da execução?;As variáveis locais são declaradas dentro de uma sub-rotina e só podem ser usadas dentro dela, sendo destruídas (perdendo seu conteúdo) assim que a execução da sub-rotina termina. As variáveis globais são declaradas fora de qualquer sub-rotina e podem ser acessadas por qualquer parte do programa, inclusive pelas sub-rotinas, sendo destruídas somente quando o programa inteiro termina.;Fundamentos da programação de computadores (Ana Fernanda Gomes Ascencio et al.) [Fundamentals of Computer Programming];"Segundo o contexto, a diferença entre as variáveis e o que acontece com elas ao final da execução é a seguinte:

*   **Variável global (ou pública):** É declarada no início de um algoritmo, antes de um conjunto de sub-rotinas. Ela passa a ser visível a todas as sub-rotinas hierarquicamente subordinadas à rotina chamadora (ou ao programa principal). Quanto à memória, as variáveis globais permanecem ocupando a memória do computador o tempo todo em que o programa principal está em execução.
*   **Variável local (ou privada):** É declarada em uma sub-rotina e é somente válida dentro dela. As demais sub-rotinas e o trecho principal do programa não podem usar essas variáveis, pois não conseguem ""visualizar"" a sua existência. As variáveis locais ocupam memória do computador apenas enquanto a sub-rotina onde ela foi criada está em execução. Terminada a execução da sub-rotina, os espaços de memória ocupados por elas são liberados e seu conteúdo é perdido.";6;14.218967;1472;1158;2630;0.8666666666666667;0.7845279073736461;0.99999999998;1.0
Q067;O que é recursão e por que toda função recursiva precisa de um caso base?;Recursão é quando uma função chama a si mesma para resolver um problema, geralmente reduzindo-o a uma versão menor do mesmo problema. Toda função recursiva precisa de um caso base, a situação mais simples em que a função para de chamar a si mesma, porque sem ele as chamadas se repetiriam indefinidamente, resultando em um laço infinito que nunca produz um resultado.;Entendendo Algoritmos (Aditya Y. Bhargava) [Grokking Algorithms];"De acordo com o contexto, **recursão é quando uma função chama a si mesma**. 

Toda função recursiva precisa de um caso base porque, devido ao fato de a função chamar a si mesma, é mais fácil escrevê-la erroneamente e acabar em um loop infinito. É necessário informar quando a recursão deve parar. O caso-base é quando a função não chama a si mesma novamente, de forma que o programa não se torne um loop infinito.";6;3.833616;1128;722;1850;1.0;0.9526659361665475;0.8055555555287036;0.5
Q068;O que é a 'pilha de chamadas' e como ela se relaciona com a recursão?;"A pilha de chamadas é a estrutura que o computador usa internamente para acompanhar o estado de cada chamada de função que ainda não terminou; cada nova chamada é empilhada no topo e, quando uma função retorna, a sua parte é removida do topo, devolvendo a execução à função anterior. Em funções recursivas, cada chamada recursiva cria uma nova entrada nessa pilha, então uma recursão muito profunda pode consumir muita memória.";Entendendo Algoritmos (Aditya Y. Bhargava) [Grokking Algorithms];"Com base no contexto fornecido, a **pilha de chamadas** (ou *call stack*) é um conceito importante em programação que funciona de maneira semelhante a uma pilha de notas adesivas. Ela é usada para salvar as funções de chamada que estão em andamento (completadas até a metade). A pilha opera com apenas duas ações: 
* **push** (inserir um item no topo da pilha);
* **pop** (remover e ler o item do topo da pilha). 

Utilizar a pilha é conveniente porque ela faz o acompanhamento dessas funções automaticamente, poupando o programador de ter que gerenciar esse estado.

**A relação com a recursão:**
A pilha de chamadas é indispensável para entender a recursão. A recursão ocorre quando uma função chama a si mesma (tendo um caso-base e um caso recursivo). Como todas as chamadas de função vão para a pilha de chamadas, quando uma função recursiva é executada, cada nova chamada que ela faz a si mesma é empilhada (salva na pilha). Assim, a pilha de chamadas armazena todas essas chamadas recursivas que estão em andamento até que elas possam ser concluídas.";6;3.857503;1191;1149;2340;1.0;0.7806854122679759;0.9999999999666667;1.0
Q069;Como funciona a função fatorial recursiva e qual é o seu caso base?;A função fatorial recursiva retorna 1 quando o argumento é igual a 1 (esse é o caso base) e, em qualquer outro caso, retorna o próprio argumento multiplicado pelo resultado da chamada recursiva com o argumento menos um. Assim, calcular o fatorial de um número é reduzido repetidamente a calcular o fatorial de um número menor, até que o caso base seja alcançado.;Entendendo Algoritmos (Aditya Y. Bhargava) [Grokking Algorithms];"Com base no contexto, a função fatorial recursiva funciona da seguinte maneira:

**Funcionamento:**
A função chama a si mesma, definindo o fatorial de um número `n` como sendo esse número multiplicado pelo fatorial de seu antecessor. Em termos práticos, a função é chamada repetidamente (caso recursivo) com o valor `n - 1`, e cada instância de chamada é empilhada. Quando a recursão para (caso-base), a função começa a retornar os valores, efetuando a multiplicação sucessiva típica do valor retornado com o valor armazenado na pilha, até calcular o fatorial solicitado.

**Caso base:**
O caso base ocorre quando `0 ≤ n ≤ 1`. Neste ponto, a função retorna `1` e não chama a si mesma novamente, evitando que o programa entre em um loop infinito.

Matematicamente, pode ser definida como:
- `fatorial(n) = 1`, se `0 ≤ n ≤ 1` (caso base)
- `fatorial(n) = n × fatorial(n - 1)`, caso contrário (caso recursivo)";6;3.088542;1365;496;1861;0.7058823529411765;0.8224297178656323;0.7222222221981481;1.0
Q070;Ao calcular o fatorial de 3 usando a versão recursiva, o que acontece na pilha de chamadas enquanto a função ainda não retornou nenhum valor?;A pilha de chamadas acumula uma entrada para cada chamada ainda incompleta: primeiro há a chamada com argumento 3 esperando o resultado da chamada com argumento 2, que por sua vez espera o resultado da chamada com argumento 1. Quando essa última chamada atinge o caso base e retorna 1, os valores voltam multiplicando-se em cada nível da pilha até que a chamada original retorne o resultado final, e a pilha se esvazia.;Entendendo Algoritmos (Aditya Y. Bhargava) [Grokking Algorithms];"Com base no contexto fornecido, enquanto a função recursiva ainda não retornou nenhum valor (fase de empilhamento), o que acontece na pilha de chamadas é:

1. **As chamadas são empilhadas:** Cada nova chamada de função é adicionada à pilha, como se fossem caixas empilhadas uma sobre as outras (a segunda caixa é adicionada em cima da primeira).
2. **Funções pausadas:** Quando uma função chama a outra, a chamada da função anterior fica pausada em um estado parcialmente completo.
3. **Valores armazenados na memória:** Todos os valores das variáveis da função que ficou pausada continuam armazenados na memória (na pilha de memória), aguardando a retomada para a continuação do cálculo (como a multiplicação pelo valor de N). 

*(Nota: O contexto não descreve passo a passo a fase de empilhamento exclusiva do número 3, mas explica o mecanismo geral da pilha para funções recursivas antes de começarem a retornar valores).*";6;11.038356;1251;1774;3025;1.0;0.7243333324613833;0.4166666666458333;1.0
Q071;Como funciona a busca simples (busca linear) e qual é o seu tempo de execução em notação Big O?;Na busca simples, o algoritmo percorre a lista item por item, do início ao fim, comparando cada elemento até encontrar o valor procurado ou chegar ao fim da lista. No pior caso, todos os n elementos precisam ser verificados, então o seu tempo de execução é O(n), crescendo linearmente com o tamanho da lista.;Entendendo Algoritmos (Aditya Y. Bhargava) [Grokking Algorithms];"Com base no contexto fornecido, o tempo de execução da busca simples (ou pesquisa simples) em notação Big O é **O(n)**, o que representa um tempo de execução linear. 

O contexto não detalha profundamente o passo a passo de como ela funciona, mas ilustra que a busca simples envolve a verificação dos elementos de forma mais extensa (como ler dez linhas de um caderno por segundo), sendo consideravelmente mais lenta do que a pesquisa binária (que possui tempo de execução O(log n)).";6;8.549022;1255;1510;2765;1.0;0.8727816803950169;0.0;0.0
Q072;Diferentemente da busca binária, a busca simples exige que a lista esteja ordenada para funcionar?;Não. A busca simples funciona em qualquer lista, ordenada ou não, pois apenas percorre os elementos um a um sem depender de nenhuma organização prévia dos dados. É justamente por não exigir ordenação que ela é mais lenta, O(n), do que a busca binária, O(log n), que só pode ser usada em listas ordenadas.;Entendendo Algoritmos (Aditya Y. Bhargava) [Grokking Algorithms];Com base no contexto fornecido, não sei a resposta. O texto menciona a comparação de velocidade e tempo de execução entre a pesquisa binária e a pesquisa simples, mas não especifica se a pesquisa simples exige ou não que a lista esteja ordenada para funcionar.;5;4.976051;1115;765;1880;0.6666666666666666;0.0;0.0;0.0
Q073;Como funciona a busca binária e qual é o seu pré-requisito em relação aos dados?;"A busca binária localiza um elemento em uma lista ordenada comparando o valor procurado com o elemento do meio; se o valor procurado for menor, a busca continua apenas na metade inferior; se for maior, continua na metade superior, repetindo esse processo e descartando metade dos elementos restantes a cada passo. O pré-requisito é que a lista esteja ordenada, já que sem isso não é possível decidir corretamente em qual metade continuar a busca.";Entendendo Algoritmos (Aditya Y. Bhargava) [Grokking Algorithms];"Com base no contexto, a busca (ou pesquisa) binária funciona através da divisão sucessiva da matriz (ou array) em duas partes. Com isso, o volume de dados a ser verificado diminui sempre pela metade a cada etapa, o que a torna, em média, mais rápida que o método sequencial. 

O pré-requisito fundamental em relação aos dados é que eles precisam estar ordenados, pois a pesquisa binária funciona apenas em arrays ordenados.";6;3.982615;1296;724;2020;1.0;0.8348721781729118;0.499999999975;0.5
Q074;Qual é o tempo de execução da busca binária em notação Big O e por que ela é considerada muito mais rápida que a busca simples em listas grandes?;A busca binária tem tempo de execução O(log n), já que o espaço de busca é cortado pela metade a cada comparação. Isso a torna muito mais rápida que a busca simples, O(n), à medida que a lista cresce: buscar em uma lista de 4 bilhões de elementos levaria cerca de 32 comparações com a busca binária, contra até 4 bilhões de comparações com a busca simples.;Entendendo Algoritmos (Aditya Y. Bhargava) [Grokking Algorithms];"Com base no contexto, o tempo de execução da busca binária em notação Big O é **O(log n)** (ou tempo de execução log).

Ela é considerada muito mais rápida que a busca simples em listas grandes porque existe uma grande diferença entre os tempos de execução O(log n) da busca binária e O(n) da busca simples. O contexto ilustra isso explicando que, ao realizar uma busca em uma lista com 4 bilhões de elementos, mesmo que a busca simples tenha uma constante de tempo muito menor (ex: 10 milissegundos) e a busca binária tenha uma constante maior (ex: 1 segundo), a busca binária ainda assim continuará sendo muito mais rápida. Isso ocorre porque, em grandes volumes de dados, a constante não causa diferença alguma no final das contas, e a velocidade é determinada pelo tempo de execução Big O de cada algoritmo.";5;6.788976;1093;1112;2205;1.0;0.9269883275571756;0.5833333333041666;0.0
Q075;Como funciona o algoritmo de ordenação por seleção?;O algoritmo percorre repetidamente os elementos ainda não ordenados procurando o menor valor entre eles e o move para a próxima posição da lista ordenada resultante. Essa busca pelo menor elemento restante é repetida até que todos os elementos tenham sido selecionados, formando a lista final em ordem crescente.;Entendendo Algoritmos (Aditya Y. Bhargava) [Grokking Algorithms];"Com base no contexto fornecido, o texto não explica em detalhes o mecanismo passo a passo de como a ordenação por seleção funciona. 

No entanto, o contexto traz as seguintes informações sobre a ordenação de dados e o algoritmo:
* O tempo de execução da ordenação por seleção é **O(n²)** e ela é considerada bastante lenta.
* Em processos de ordenação (como a ordenação de registros), é necessário estabelecer uma **variável de auxílio à troca** (que pode ser denominada X, do tipo registro).
* A ordenação é feita com base em um campo específico (como o campo NOME), que servirá como chave de classificação. **Quando os dados estiverem fora da ordem, eles devem ser trocados de posição.**";6;9.111413;1151;1692;2843;1.0;0.0;0.0;0.0
Q076;Qual é o tempo de execução da ordenação por seleção e por que ele continua sendo O(n²) mesmo que o número de elementos verificados a cada passagem diminua?;Encontrar o menor elemento em uma lista custa O(n), e essa operação precisa ser repetida n vezes, uma para cada posição da lista final, resultando em O(n × n), ou seja, O(n²). Mesmo que restem menos elementos a verificar a cada repetição, a notação Big O ignora constantes como a fração média de elementos analisados, então o resultado ainda é expresso como O(n²).;Entendendo Algoritmos (Aditya Y. Bhargava) [Grokking Algorithms];"De acordo com o contexto, o tempo de execução da ordenação por seleção é O(n²). 

Ele continua sendo O(n²) mesmo que o número de elementos verificados diminua a cada passagem porque, na média, você verifica uma lista que tem ½ × n elementos. Isso resulta em um tempo de execução de O(n × ½ × n). No entanto, na notação Big O, constantes como ½ são ignoradas, o que faz com que a expressão seja simplificada para O(n × n) ou O(n²).";6;3.897425;1252;655;1907;1.0;0.8814367822161069;0.5888888888692593;1.0
Q077;Como funciona o método de ordenação conhecido como bubble sort?;O bubble sort ordena a lista comparando repetidamente pares de elementos adjacentes e trocando-os sempre que estiverem fora da ordem desejada. Esse processo de comparar e trocar é repetido percorrendo a lista até que nenhuma troca seja mais necessária, ou seja, até que todos os elementos estejam ordenados.;Lógica de programação (André Luiz Villar Forbellone) [Programming Logic];"Com base no contexto fornecido, o método de ordenação conhecido como bubble sort (ou ""ordenação por bolhas"") funciona da seguinte maneira:

1. **Comparação de pares adjacentes:** A estratégia consiste em comparar pares de elementos adjacentes (o elemento atual, como `L[x]`, com o seguinte, `L[x+1]`), o que exige no mínimo dois elementos para funcionar.
2. **Permutação:** Se os elementos estiverem fora de ordem, eles são permutados (trocados).
3. **Repetição:** Esse processo de comparação e troca é repetido até que todos os elementos estejam ordenados.
4. **Otimização do limite:** Após uma passagem completa, não é necessário verificar o último elemento novamente. Por isso, utiliza-se uma variável (como `fim`) para marcar a quantidade de elementos ou a posição do último elemento a ser verificado.
5. **Verificação de ordenação:** Pode-se usar uma variável (como `trocou`) para indicar se alguma troca foi realizada durante a passagem. Se nenhuma troca for feita, isso indica que a lista já está ordenada.";6;2.710417;1234;1214;2448;1.0;0.9411933894124415;0.7499999999625;1.0
Q078;Qual é a diferença de estratégia entre a ordenação por seleção direta e o bubble sort?;"Na seleção direta, o algoritmo procura o menor elemento entre os restantes e o troca diretamente para a posição correta, repetindo o processo para as posições seguintes. No bubble sort, por outro lado, não há busca pelo menor elemento; em vez disso, o algoritmo compara pares de elementos vizinhos e os troca quando estão fora de ordem, fazendo com que os maiores valores se desloquem gradualmente para o fim da lista a cada passagem completa.";Lógica de programação (André Luiz Villar Forbellone) [Programming Logic];"Com base no contexto fornecido, a diferença apresentada entre as estratégias é a seguinte:

*   **Bubble sort** (classificado como método de ""Classificação por troca""): Utiliza a estratégia de ordenação baseada na comparação de pares de elementos adjacentes, permutando-os (trocando-os) quando estiverem fora de ordem, até que todos os elementos estejam ordenados.
*   **Seleção direta** (classificado como método de ""Classificação por seleção""): É mencionada como o método apresentado no Exercício 1.4, mas o contexto não detalha a sua estratégia de funcionamento específica.";6;5.91282;1246;1274;2520;0.8571428571428571;0.914002089696997;0.249999999975;0.0
Q079;Como o quicksort aplica a estratégia de dividir para conquistar para ordenar um vetor?;O quicksort escolhe um elemento do vetor como pivô e particiona o restante em dois subvetores: um com os elementos menores que o pivô e outro com os maiores. Em seguida, aplica recursivamente o mesmo processo a cada subvetor até chegar ao caso base, que são vetores vazios ou com um único elemento, e a combinação final é feita juntando o subvetor menor, o pivô e o subvetor maior, produzindo uma lista ordenada.;Entendendo Algoritmos (Aditya Y. Bhargava) [Grokking Algorithms];"Com base no contexto, o quicksort aplica a estratégia de dividir para conquistar (DC) da seguinte maneira:

1. **Escolha do pivô:** Primeiro, escolhe-se um número do array para servir como pivô.
2. **Particionamento (Divisão):** O array é dividido em subarrays menores com base nesse pivô.
3. **Redução do problema:** Seguindo a estratégia DC, a cada recursão o problema é reduzido para subarrays cada vez menores (por exemplo, subarrays de 0 a 4 elementos).
4. **Recursão (Conquista):** Executa-se o quicksort recursivamente em ambos os subarrays, ordenando-os. 
5. **Combinação:** Por fim, os subarrays ordenados são combinados, resultando em um array final totalmente ordenado. 

Não importa qual pivô seja escolhido, a lógica de aplicar o quicksort recursivamente nos subarrays menores se repete até que todo o array esteja ordenado.";6;5.118892;1066;1024;2090;1.0;0.7897607171272482;0.8333333332916666;1.0
Q080;Por que o quicksort costuma ser mais rápido que o merge sort na prática, mesmo que ambos tenham o mesmo tempo médio de execução de O(n log n)?;Embora ambos tenham tempo médio de execução O(n log n), o quicksort tem uma constante multiplicativa menor que a do merge sort, e essa constante, normalmente ignorada na notação Big O, passa a importar quando dois algoritmos compartilham a mesma ordem de crescimento. Além disso, na prática o quicksort tende a se comportar mais perto do seu caso médio com mais frequência do que do seu pior caso, O(n²), o que o torna mais rápido na maioria das situações do mundo real.;Entendendo Algoritmos (Aditya Y. Bhargava) [Grokking Algorithms];De acordo com o contexto, o quicksort costuma ser mais rápido que o merge sort na prática porque possui uma constante menor. Apesar de ambos terem o mesmo tempo de execução médio de O(n log n), essa constante menor faz com que o quicksort acabe sendo mais rápido. Além disso, o texto menciona que, na prática, o quicksort é mais rápido porque ele funciona mais vezes no caso médio do que no pior caso.;3;3.878458;534;537;1071;1.0;0.8941689539328189;0.49999999995;1.0
Q081;O que a notação Big O representa e por que ela não mede o tempo de execução de um algoritmo em segundos?;A notação Big O expressa como o tempo de execução de um algoritmo cresce à medida que o tamanho da entrada aumenta, e não um tempo medido em segundos, já que a velocidade real depende do hardware usado. Por isso, o Big O foca na taxa de crescimento — por exemplo, O(n) significa que o tempo cresce linearmente com o número de elementos — permitindo comparar algoritmos independentemente da máquina em que são executados.;Entendendo Algoritmos (Aditya Y. Bhargava) [Grokking Algorithms];"Com base no contexto fornecido, a notação Big O representa o tempo de execução de um algoritmo (como O(n), O(n²) ou O(n log n)), indicando como o número de operações cresce em relação ao tamanho da entrada.

Ela não mede o tempo de execução em segundos porque **constantes são ignoradas** na notação Big O. O contexto explica que, caso dois algoritmos tenham tempos de execução Big O diferentes, a constante (seja ela um tempo fixo de 10 milissegundos, 1 segundo, ou um fator como ½) não importará no final das contas para grandes volumes de dados. Assim, a notação foca na taxa de crescimento do algoritmo e não no tempo exato que ele leva na prática, mesmo que, no mundo real, ignorar essas constantes signifique que um algoritmo possa ser ligeiramente mais rápido que outro que compartilha a mesma notação Big O.";6;4.964298;1205;888;2093;1.0;0.9335497979980408;0.249999999975;1.0
Q082;Por que a constante que acompanha o tempo de execução de um algoritmo costuma ser ignorada na notação Big O, mas em alguns casos pode fazer diferença?;A constante costuma ser ignorada porque, quando dois algoritmos têm ordens de crescimento diferentes em notação Big O, como O(n) versus O(log n), essa diferença de crescimento é muito mais decisiva do que qualquer constante, especialmente para entradas grandes. No entanto, quando dois algoritmos compartilham a mesma notação Big O, como o quicksort e o merge sort, ambos O(n log n), a constante passa a fazer diferença prática, e é por isso que o quicksort tende a ser mais rápido que o merge sort no uso cotidiano.;Entendendo Algoritmos (Aditya Y. Bhargava) [Grokking Algorithms];"Com base no contexto fornecido, a constante costuma ser ignorada na notação Big O pelos seguintes motivos:

1. **Quando os tempos de execução são diferentes:** Caso dois algoritmos tenham tempos de execução Big O diferentes, a constante não importará. Por exemplo, a pesquisa binária será muito mais rápida que a pesquisa simples em listas gigantes (como 4 bilhões de elementos), independentemente de a pesquisa simples ter uma constante menor (10 milissegundos) e a binária uma maior (1 segundo). A constante não causou diferença alguma no final das contas.
2. **Regra da notação:** Constantes como ½ são ignoradas na notação Big O por definição. Assim, um tempo de execução de O(n × ½ × n) é simplificado e escrito apenas como O(n²).

Porém, a constante pode fazer diferença nos seguintes casos:

1. **Algoritmos com o mesmo tempo de execução Big O:** Se dois algoritmos têm a mesma notação, aquele com a menor constante será mais rápido na prática. O exemplo citado é o do *quicksort* comparado ao *merge sort*: ambos têm tempo de execução O(n log n), mas como o quicksort tem uma constante menor, ele acaba sendo mais rápido.
2. **Fatores práticos de implementação:** Dois algoritmos podem ter o mesmo tempo Big O (como O(n)), mas se um deles tiver uma instrução que cause um atraso real (como um comando `sleep(1)` que faz o algoritmo aguardar um segundo antes de processar cada item), ele será mais lento na prática, mostrando que a constante (o tempo determinado de espera) impacta diretamente a performance.";6;17.242892;1115;1289;2404;0.9285714285714286;0.8894826905061542;0.8055555555287036;1.0
Q083;O que caracteriza a estrutura de dados pilha e quais são as suas duas operações básicas?;Uma pilha é uma estrutura de dados LIFO (Last In, First Out), em que o último elemento inserido é sempre o primeiro a ser removido. Suas duas operações básicas são push, que insere um elemento no topo da pilha, e pop, que remove e lê o elemento do topo.;Entendendo Algoritmos (Aditya Y. Bhargava) [Grokking Algorithms];"Com base no contexto fornecido, a estrutura de dados pilha é caracterizada por armazenar um número de elementos de dados e permitir acesso apenas ao elemento em uma de suas extremidades: o topo.

As operações básicas de inserção e remoção de elementos (entrada e saída) são realizadas, respectivamente, pelas funções/procedimentos **ADICIONAR (EMPILHAR)** e **RETIRAR (DESEMPILHAR)**.";4;5.519458;888;1156;2044;0.8;0.9470488626015549;0.0;0.0
Q084;De que forma a pilha de chamadas do computador é um exemplo prático de como funciona uma pilha LIFO?;"Toda vez que uma função é chamada, o computador empilha uma nova entrada com o estado dessa chamada no topo da pilha; quando a função termina e retorna, apenas a entrada do topo é removida, devolvendo a execução à função que fez a chamada mais recente. Esse comportamento, em que a última chamada feita é sempre a primeira a terminar e ser removida, corresponde exatamente à lógica LIFO de uma pilha.";Entendendo Algoritmos (Aditya Y. Bhargava) [Grokking Algorithms];"Com base no contexto fornecido, a pilha de chamadas do computador funciona como uma estrutura de pilha (onde o último elemento armazenado é o primeiro a ser retirado) da seguinte forma:

O computador usa uma pilha interna (a pilha de chamada) para salvar as funções que estão em execução, mas ainda não foram concluídas — descritas no texto como um ""monte de caixas"" completadas até a metade. Assim como em uma pilha de notas adesivas, onde se insere um item no topo (push) e se lê/remove apenas o item do topo (pop), a pilha de chamadas empilha as chamadas de funções. 

Na prática, isso significa que a pilha acompanha e gerencia essas funções para você, empilhando as informações na memória de forma que as últimas funções chamadas fiquem no topo. Cada função de chamada ocupa um pouco de memória; se a pilha ficar muito cheia, é um sinal de que o computador está salvando muitas chamadas de funções simultâneas na memória, aguardando serem finalizadas e removidas da pilha.";6;12.518582;1211;1960;3171;1.0;0.7646710193295472;0.8666666666377778;0.5
Q085;O que caracteriza a estrutura de dados fila e quais são as suas duas operações básicas?;Uma fila é uma estrutura de dados FIFO (First In, First Out), em que o primeiro elemento inserido é o primeiro a ser removido, assim como uma fila de pessoas. Suas duas operações básicas são enqueue, que insere um elemento no fim da fila, e dequeue, que remove e lê o elemento da frente dela.;Entendendo Algoritmos (Aditya Y. Bhargava) [Grokking Algorithms];"Com base no contexto fornecido, a estrutura de dados fila é caracterizada da seguinte forma:
* Armazena um elemento após o outro, possuindo início e fim;
* O primeiro elemento armazenado na fila é o primeiro elemento a ser retirado (atendido);
* Após a remoção de um elemento, os elementos subsequentes devem ser reposicionados uma posição à frente, de modo que o próximo assuma a posição do elemento retirado, abrindo uma nova posição para inserção no final da fila.

As suas operações básicas mencionadas no texto são:
1. **Inserção** (ou ""entrar na fila""): que coloca um novo elemento no final da fila.
2. **Remoção** (ou ""sair da fila""): que retira o primeiro elemento da fila para atendimento. 

*(Nota: o contexto também menciona a operação de ""esvaziamento"" em um dos exercícios sobre tipos de dados abstratos para filas).*";6;6.573611;1230;1292;2522;0.9285714285714286;0.9409500115989342;0.9999999999;0.5
Q086;Por que a busca em largura em um grafo usa uma fila, em vez de uma pilha, para guardar os elementos a serem verificados?;"A busca em largura precisa verificar as conexões na mesma ordem em que foram adicionadas à lista de busca, garantindo que as conexões de primeiro grau sejam verificadas antes das de segundo grau, o que é essencial para encontrar o caminho mais curto. Como uma fila é FIFO, ela preserva essa ordem de chegada; uma pilha, sendo LIFO, inverteria a ordem e faria o algoritmo verificar primeiro os elementos adicionados mais recentemente, o que não garantiria encontrar o caminho mais curto.";Entendendo Algoritmos (Aditya Y. Bhargava) [Grokking Algorithms];Com base no contexto fornecido, não sei a resposta. O contexto explica o que é a pesquisa em largura (BFS) e mostra um exemplo de código usando uma fila (`deque`), mas não explica o motivo pelo qual uma fila é usada em vez de uma pilha.;6;2.447159;1140;252;1392;0.75;0.0;0.0;0.0
Q087;O que é uma função hash e como ela permite que uma tabela hash encontre um valor com tempo de execução O(1)?;Uma função hash recebe uma chave (como uma cadeia de caracteres) e retorna consistentemente o mesmo número para a mesma entrada, mapeando essa chave para uma posição em um vetor subjacente. Como a tabela hash usa esse número como índice direto no vetor, ela acessa o valor associado à chave imediatamente, sem precisar percorrer os demais elementos, o que garante tempo de execução O(1) mesmo à medida que o número de itens armazenados aumenta.;Entendendo Algoritmos (Aditya Y. Bhargava) [Grokking Algorithms];"Com base no contexto, uma função hash é uma função que recebe uma string e retorna o número do espaço (slot) no array onde o valor deve ser inserido. 

Ela permite que uma tabela hash encontre um valor com tempo de execução O(1) (tempo constante) da seguinte forma: quando você deseja saber o valor de uma chave, você simplesmente utiliza a função hash novamente, e ela informará o espaço exato onde o valor está localizado. Como o tempo de execução é constante, isso significa que o tempo para retornar o resultado será sempre o mesmo, independentemente de quão grande a tabela hash possa ser (se ela tiver 1 elemento ou 1 bilhão de elementos).";5;4.75169;910;1047;1957;1.0;0.9972695511514011;0.9999999999;1.0
Q088;O que é uma colisão em uma tabela hash e qual é a solução mais simples para resolvê-la?;"Uma colisão ocorre quando a função hash mapeia duas chaves diferentes para a mesma posição do vetor subjacente da tabela, fazendo com que um valor sobrescreva o outro. A solução mais simples é, quando várias chaves caem na mesma posição, iniciar ali uma lista encadeada contendo todos os itens daquela posição; a busca por uma chave específica então percorre essa pequena lista em vez do vetor inteiro, desde que a função hash seja boa o suficiente para manter essas listas curtas.";Entendendo Algoritmos (Aditya Y. Bhargava) [Grokking Algorithms];Não sei. O contexto fornecido não explica exatamente o que é uma colisão em uma tabela hash, nem qual seria a solução mais simples para resolvê-la (ele apenas menciona que colisões são problemas e que devem ser evitadas com um baixo fator de carga e uma boa função hash, e faz uma breve referência a listas encadeadas ficarem longas).;6;8.529971;1122;695;1817;0.8571428571428571;0.0;0.0;0.0
Q089;O que é um registro (estrutura de dados heterogênea) e como ele difere de um vetor ou de uma matriz?;Um registro é um tipo de dado derivado que agrupa, dentro de uma única estrutura, vários campos que podem ser de tipos primitivos diferentes entre si, como cadeia, caractere, inteiro e real ao mesmo tempo. Isso faz dele uma estrutura heterogênea, diferentemente de um vetor ou de uma matriz, que são estruturas homogêneas e só podem armazenar dados de um único tipo em todas as suas posições.;Algoritmos Lógica para desenvolvimento de programação de computadores [Algorithms: Logic for Computer Programming Development];"Baseado no contexto fornecido, um registro é uma reunião de dados sobre um objeto com o objetivo de facilitar sua organização e uso. É uma estrutura de dados heterogênea que possibilita combinar vários dados de tipos e tamanhos diferentes (chamados de campos ou atributos) em uma mesma estrutura. Por exemplo, um registro de estudante pode usar uma cadeia de caracteres para o nome, um inteiro para o número de matrícula e um ponto flutuante para a média de notas.

A diferença entre registros e matrizes (o texto aborda especificamente as matrizes heterogêneas) está na natureza dos dados e na alocação de memória:
* **Natureza dos dados:** Registros são projetados para modelar coleções de dados onde os elementos individuais não são do mesmo tipo ou tamanho.
* **Alocação de memória:** Enquanto todos os elementos de matrizes heterogêneas são referências para objetos de dados que residem em posições espalhadas (geralmente no monte/heap), os elementos de um registro (que têm tamanhos potencialmente diferentes) residem em posições de memória adjacentes.";5;13.856183;1075;1366;2441;0.9333333333333333;0.7480876201974941;0.4499999999775;0.5
Q090;Como um tipo registro é declarado e como um campo específico de uma variável desse tipo é acessado?;"A declaração é feita com o comando tipo, definindo um identificador seguido de registro, listando cada campo com o seu respectivo tipo primitivo e encerrando com fim_registro; em seguida, o comando var associa uma variável a esse tipo derivado. Para acessar ou atribuir um campo específico dessa variável, usa-se a notação variável.campo (por exemplo, ALUNO.NOME ou ALUNO.NOTA1), separando o nome da variável do nome do campo por um ponto.";Algoritmos Lógica para desenvolvimento de programação de computadores [Algorithms: Logic for Computer Programming Development];"Com base no contexto fornecido:

**Como um tipo registro é declarado:**
O tipo derivado registro deve ser declarado pelo comando `tipo` antes do comando `var`. A variável que conterá a estrutura heterogênea de dados deve ser declarada com o tipo de dado registro definido neste comando. A sintaxe apresentada no texto para a declaração de uma variável registro é a seguinte:
`DECLARE nome_da_variável_registro REGISTRO (nome_campo1 TIPO_DO_CAMPO1, nome_campo2 TIPO_DO_CAM...)`

**Como um campo específico é acessado:**
O contexto fornecido não apresenta informações sobre a sintaxe ou a forma de acessar um campo específico de uma variável do tipo registro. Portanto, não sei a resposta para essa parte da pergunta com base no material fornecido.";5;5.186692;1094;1071;2165;1.0;0.0;0.19999999998;0.5
