id;question;ground_truth;source_book;answer;contexts_count;faithfulness;answer_relevancy;context_precision;context_recall;answer_response_time_seconds;answer_input_tokens;answer_output_tokens;answer_total_tokens
Q001;O que significa 'lógica de programação' em palavras simples?;É o uso correto das leis do pensamento e de processos organizados de raciocínio aplicados à criação de programas de computador, com o objetivo de produzir soluções válidas e coerentes que resolvam adequadamente os problemas propostos.;Lógica de programação (André Luiz Villar Forbellone) [Programming Logic];"## O que é ""Lógica de Programação"" em palavras simples?

**Lógica de programação** é, em essência, **a técnica de organizar o pensamento de forma lógica para criar passos que um computador possa seguir e resolver um problema.**

### Explicando de forma simples:

Imagine uma **receita de bolo** 🎂. Você tem:

1. **Ingredientes** (entradas) — o que você fornece
2. **Modo de preparo** (os passos) — a sequência de instruções
3. **O bolo pronto** (saída) — o resultado final

A lógica de programação funciona exatamente assim! Ela é a **sequência organizada de passos** que você cria para que o computador transforme **dados de entrada** em **resultados de saída**.

### Conceitos-chave (do grafo de conhecimento):

| Conceito | Significado |
|---|---|
| **Lógica** | A ciência que estuda as leis e critérios de validade do pensamento — ou seja, a ""correção do pensamento"" |
| **Algoritmo** | O conjunto de regras/passos para resolver um problema — comparável a uma receita culinária |
| **Programa** | O resultado da transformação do algoritmo em algo que o computador executa |
| **Computador** | A máquina que executa o programa — ele só faz o que você manda, passo a passo |

### Uma analogia do grafo:

O grafo de conhecimento traz uma analogia muito didática:

- 🧑‍🍳 O **mestre-cuca** inventa a receita → o **programador** cria o algoritmo
- 📜 A **receita** com ingredientes e modo de preparo → o **algoritmo** com entradas e instruções
- 🍽️ O **prato pronto** servido ao cliente → o **programa** utilizado pelo usuário
- 👤 O **cliente** que consome o prato → o **usuário** que usa o programa

### Em resumo:

> **Lógica de programação** é a habilidade de **pensar de forma organizada e sequencial** para descrever, passo a passo, como resolver um problema — de um jeito que o computador consiga entender e executar. É como escrever uma **receita** que a máquina vai seguir à risca para chegar ao resultado desejado.

A palavra ""lógica"" vem do termo grego *lógos*, que significa ""linguagem/discurso/pensamento/conhecimento"". Ou seja, lógica é, no fundo, a arte de **ordenar o pensamento** — e a lógica de programação aplica essa arte à criação de programas de computador. 🖥️";3;0.3076923076923077;0.9547234472626478;0.99999999995;1.0;8.518955;4745;723;5468
Q002;A lógica existe no nosso dia a dia, fora da programação de computadores?;"Sim. Sempre que pensamos, falamos, escrevemos ou agimos corretamente, estamos colocando 'ordem no pensamento', ou seja, aplicando lógica; ela não se restringe à matemática ou à computação e aparece em situações simples do cotidiano.";Lógica de programação (André Luiz Villar Forbellone) [Programming Logic];"# A Lógica no Dia a Dia: Muito Além da Programação

## Sim, a lógica está presente em nosso cotidiano!

A lógica não é exclusiva da programação de computadores — ela permeia praticamente todas as nossas atividades diárias. Vamos explorar isso com base nas informações recuperadas do grafo de conhecimento e dos textos.

---

## O que é Lógica?

No grafo de conhecimento, a entidade **Lógica** é definida como:

> *""Ciência que estuda as leis e os critérios de validade que regem o pensamento e a demonstração.""*

Ela tem origem no termo grego **/ógos** (λógos), que traz o sentido de *linguagem, discurso, pensamento e conhecimento*. A entidade **Aristóteles** está diretamente relacionada à **Lógica**, sendo considerado o possível descobridor da lógica, definindo-a como uma *ferramenta para obtenção do conhecimento*.

---

## A Lógica no Dia a Dia

O texto recuperado (do livro *Lógica de Programação* de Forbellone) é bastante claro sobre isso:

> *""Sempre que pensamos, a lógica ou a ilógica necessariamente nos acompanham. Quando falamos ou escrevemos, estamos expressando nosso pensamento, logo, precisamos usar a lógica nessas atividades.""*

E ainda:

> *""Quando queremos pensar, falar, escrever ou agir corretamente, precisamos colocar 'ordem no pensamento', isto é, utilizar lógica.""*

O texto também aponta que o uso corriqueiro da palavra ""lógica"" está normalmente relacionado à **coerência e à racionalidade**, e que frequentemente se associa a lógica apenas à **Matemática**, **não se percebendo sua aplicabilidade e sua relação com as demais ciências**.

---

## Exemplos Práticos do Cotidiano

O próprio material traz exemplos claros de lógica fora do contexto da programação:

### 📌 Exemplo A — Ação sequencial:
> - A gaveta está fechada.
> - A caneta está dentro da gaveta.
> - **Lógica:** Precisamos primeiro abrir a gaveta para depois pegar a caneta.

Isso é puro raciocínio lógico: há uma **ordem** que deve ser respeitada para atingir um objetivo.

### 📌 Exemplo B — Raciocínio dedutivo:
> - Anacleto é mais velho que Felisberto.
> - Felisberto é mais velho que Marivaldo.
> - **Lógica:** Portanto, Anacleto é mais velho que Marivaldo.

Aqui, aplicamos uma estrutura lógica de transitividade sem usar nenhum computador.

---

## Lógica × Lógica de Programação

O grafo também distingue claramente essas duas entidades:

| Entidade | Definição |
|---|---|
| **Lógica** | Ciência que estuda as leis do pensamento — presente em toda atividade humana |
| **Lógica de Programação** | Uso da lógica especificamente na programação de computadores |

A **Lógica de Programação** é uma aplicação específica da lógica, que se relaciona com **Algoritmos** (sequências ordenadas de passos para resolver um problema) e com o **Computador** (que executa esses passos). Já a **Lógica**, em si, é muito mais ampla — é a ""arte de pensar"", uma habilidade de domínio do raciocínio que usamos o tempo todo.

---

## Conclusão

**A lógica existe e é indispensável no nosso dia a dia**, muito antes de qualquer computador existir. Toda vez que:
- Organizamos uma sequência de tarefas;
- Tomamos decisões baseadas em premissas;
- Argumentamos de forma coerente;
- Resolvemos problemas práticos (como abrir uma gaveta antes de pegar o que está dentro);

...estamos usando lógica. A programação de computadores apenas **aproveita** essa capacidade natural do raciocínio humano e a formaliza para que uma máquina possa executá-la. Como diz o texto: a lógica é, antes de tudo, colocar **""ordem no pensamento""** — e isso é algo que fazemos constantemente, muito além do mundo da computação.";3;0.4090909090909091;0.7864378521567152;0.9999999999666667;1.0;36.553502;4591;1065;5656
Q003;De um jeito bem direto: o que é um algoritmo?;É uma sequência de passos bem definidos e ordenados que tem por objetivo resolver um determinado problema ou chegar a um resultado esperado, como os passos de uma receita de bolo.;Lógica de programação (André Luiz Villar Forbellone) [Programming Logic];"**Um algoritmo é uma sequência finita, ordenada e bem definida de passos para resolver um problema ou realizar uma tarefa.**

Em computação, isso significa: ele recebe **dados de entrada**, aplica um conjunto de regras formais e produz **dados de saída** — tudo em número finito de passos, sem exigir intuição ou ""insight"" durante a execução.

**Base no grafo e nos textos:**

- A entidade **Algoritmo** é definida no grafo como ""conjunto de regras e operações bem definidas e ordenadas para resolver problemas em número finito de passos"".
- Relações-chave: `Algoritmo --[RELATES_TO]--> Dados de entrada` (ponto de partida) e `Algoritmo --[CAUSES]--> Dados de saída` (transformação da entrada em saída).
- Autores que definem o conceito (relações `-- [DEFINES] -->`):
  - **Saliba (1992)** e **Berg & Figueiró (1998)**: ""sequência ordenada de passos para a realização de uma tarefa"".
  - **Szwarcfiter (1994)**: ""processo sistemático para resolução de um problema"".
  - **Berlinski (2002)**: método finito, com instruções precisas e passos discretos, que não requer esperteza ou intuição.
  - **Cormen et al. (2002)**: ""procedimento computacional bem definido que toma valores como entrada e produz valores como saída"".

**Uma analogia útil** (presente no documento): um algoritmo é como uma **receita culinária** — o bloco de ingredientes equivale aos dados de entrada e o modo de preparo, à sequência de instruções que leva ao prato final (saída).

Resumo em uma frase: *algoritmo é uma receita lógica — passos claros, ordenados e finitos que transformam uma entrada em uma solução.*";3;0.5769230769230769;0.8755805205087706;0.9999999999666667;0.5;7.104809;5001;676;5677
Q004;Quais são as principais formas de representar um algoritmo?;Pode ser representado de forma textual, escrevendo os passos em linguagem coloquial comum ou em pseudocódigo estruturado, ou de forma gráfica, como um fluxograma ou um diagrama de Chapin. Cada técnica tem vantagens e desvantagens quanto à clareza e à facilidade de escrita.;Lógica de programação (André Luiz Villar Forbellone) [Programming Logic];"## Principais Formas de Representar um Algoritmo

Com base nas fontes consultadas, um algoritmo é uma **linha de raciocínio** que pode ser descrito de **diversas maneiras**, agrupadas em duas grandes categorias: **forma gráfica** e **forma textual**. Os autores **Berg & Figueiró** destacam especificamente que um algoritmo pode ser descrito de duas formas principais. A seguir, detalho cada uma delas:

---

### 1. 📝 Forma Textual (Descritiva)

Segundo o texto de **Forbellone**, os algoritmos podem ser representados de forma textual, utilizando **português coloquial** ou **português estruturado** (também chamado de pseudocódigo). No grafo de conhecimento, esta forma está associada à entidade **Linguagem de Projeto de Programa**, definida como uma ""forma textual de descrição de um algoritmo"".

O livro de **Dilermando Junior & Gilberto Nakamiti** também cita essa abordagem como a **representação descritiva através do português estruturado**.

#### Exemplos de representação textual:
- **Português estruturado (pseudocódigo):** descrição passo a passo dos comandos em linguagem natural estruturada.
- **Linguagem de programação real:** como VisuAlg (`algoritmo ""nome_algoritmo""`) ou Pascal (`Program nome_do_programa`), que são formas textuais já próximas do código executável.

---

### 2. 📊 Forma Gráfica (Simbólica)

A representação gráfica é considerada **mais pura e fiel ao raciocínio original**, pois substitui um grande número de palavras por convenções de desenho. No grafo de conhecimento, esta forma está associada à entidade **Diagramas de Blocos**, e a norma **ISO 5807:1985 (E)** define os padrões para sua elaboração.

São identificadas **duas técnicas gráficas** principais:

- **Fluxograma tradicional:** representação gráfica clássica, com símbolos padronizados (retângulos, losangos, setas) que mostram o fluxo de execução do algoritmo.
- **Diagrama de Chapin:** uma variação gráfica mais estruturada, também conhecida como diagrama Nassi-Shneiderman.

---

### 📌 Resumo das Formas de Representação

| Forma | Subtipo | Descrição |
|---|---|---|
| **Textual** | Português estruturado | Descrição narrativa em linguagem natural organizada |
| **Textual** | Linguagem de programação | Código em linguagem específica (Pascal, VisuAlg, etc.) |
| **Gráfica** | Fluxograma tradicional | Diagrama de blocos com símbolos padronizados (Norma ISO 5807:1985) |
| **Gráfica** | Diagrama de Chapin | Representação gráfica estruturada em blocos aninhados |

---

### ⚠️ Observação Importante

Conforme ressalta **Forbellone**, cada técnica possui **vantagens e desvantagens particulares**. As formas gráficas oferecem grande **clareza quanto ao fluxo de execução**, mas exigem o conhecimento prévio das **convenções gráficas** para sua correta interpretação. Já as formas textuais são mais intuitivas à leitura, porém podem ser menos precisas na representação do fluxo lógico.

### Entidades do Grafo que embasam esta resposta:
- **Algoritmo** → [RELATES_TO] → **Diagramas de Blocos** (forma gráfica)
- **Algoritmo** → [RELATES_TO] → **Linguagem de Projeto de Programa** (forma textual)
- **BERG & FIGUEIRÓ** → [DEFINES] → **Algoritmo** (descreve as duas formas)
- **Norma ISO 5807:1985 (E)** → [DEFINES] → **Diagramas de Blocos**
- **Linguagem de Programação** → [RELATES_TO] → **Algoritmo** (representa textualmente)";3;0.32432432432432434;0.9472974103658848;0.9999999999666667;1.0;6.513191;4326;1311;5637
Q005;O que é uma variável dentro de um algoritmo?;É um dado cujo valor pode ser alterado durante a execução do algoritmo, armazenado em uma posição de memória identificada por um nome. É como uma gaveta etiquetada que, ao longo do tempo, pode guardar um objeto diferente dentro de si.;Lógica de programação (André Luiz Villar Forbellone) [Programming Logic];"## O que é uma variável dentro de um algoritmo?

Com base nas informações recuperadas do grafo de conhecimento e dos documentos textuais, posso apresentar uma definição completa de **variável** no contexto de algoritmos.

---

### Definição

Do ponto de vista computacional, uma **variável** é a **representação de uma região de memória** utilizada para **armazenar, acessar e modificar** um determinado valor por um espaço de tempo. Esse tempo de armazenamento está relacionado à duração da execução do programa/algoritmo.

### Características principais

1. **Quantidade de memória reservada e rotulada com um nome:** Dependendo do valor ou da variedade do dado (número, texto, valor lógico), uma quantidade maior ou menor de memória é alocada para guardá-lo. Essa porção de memória reservada previamente e identificada por um nome é o que chamamos de variável.

2. **Tipos primitivos:** As variáveis recebem um tipo de dado primitivo associado. Os tipos mais utilizados são:
   - **NUMÉRICO** — para variáveis que recebem números;
   - **LITERAL** — para variáveis que recebem caracteres/texto;
   - **LÓGICO** — para variáveis que recebem apenas dois valores: verdadeiro ou falso.

3. **Papel no algoritmo:** As variáveis podem assumir dois papéis:
   - **Variáveis de ação:** participam diretamente das operações e cálculos ao longo do programa.
   - **Variáveis de controle:** controlam estruturas de repetição e decisão nos programas.

### Forma de declaração

Em português estruturado, uma variável é declarada com o uso do comando **var** (ou **DECLARE**), seguido do nome escolhido e do tipo primitivo associado:

```
var
<nome da variável> : <tipo primitivo associado à variável>
```

**Exemplo:**
```
DECLARE
  X        NUMÉRICO
  Y, Z     LITERAL
  TESTE    LÓGICO
```

### Comando de atribuição

O comando de atribuição é utilizado para conceder valores ou resultados de operações a variáveis, sendo representado pelo símbolo **←**:

```
x ← 4
x ← x + 2
y ← ""aula""
teste ← falso
```

### Comando de entrada

O comando de entrada (frequentemente representado pela palavra **LEIA**) é utilizado para receber dados digitados pelo usuário e armazená-los em variáveis:

```
LEIA X     → um valor digitado pelo usuário é armazenado na variável X
LEIA Y     → caracteres digitados pelo usuário são armazenados na variável Y
```

---

### Relação com os conceitos do grafo de conhecimento

A definição de variável está diretamente ligada às seguintes entidades e relações identificadas no grafo:

| Entidade/Relação do Grafo | Papel |
|---|---|
| **Algoritmo** → **Dados de entrada** | As variáveis são os recipientes que recebem os dados de entrada fornecidos ao algoritmo para processamento. |
| **Algoritmo** → **Dados de saída** | As variáveis armazenam os valores produzidos (dados de saída) após o processamento. |
| **Programa** → **Computador** | As variáveis existem na memória do computador durante a execução do programa. |
| **Lógica de Programação** → **Programa** | A lógica de programação define como as variáveis são utilizadas para estruturar um programa. |

Em resumo, **uma variável é um espaço nomeado na memória do computador que o algoritmo utiliza para guardar, manipular e recuperar valores durante sua execução**, funcionando tanto como matéria-prima (dados de entrada) quanto como produto (dados de saída) do processamento algorítmico.";3;0.08695652173913043;0.9999996446949256;0.9999999999;0.0;9.045708;4482;996;5478
Q006;Quais regras um identificador (nome de variável) deve seguir?;Ele deve necessariamente começar com um caractere alfabético, pode ser seguido por outras letras ou números e não pode conter caracteres especiais nem espaços em branco.;Lógica de programação (André Luiz Villar Forbellone) [Programming Logic];"## Regras para identificadores (nomes de variáveis)

Com base no material consultado, aqui está o conjunto completo de regras que um identificador deve seguir:

### Regras obrigatórias

1. **Deve começar por uma letra** — o primeiro caractere de um identificador deve ser sempre uma letra (em algumas linguagens, também é aceito o caractere sublinhado `_`).
2. **Caracteres permitidos na sequência** — após o primeiro caractere, pode ser seguido por mais caracteres alfabéticos e/ou numéricos.
3. **Caractere especial permitido** — apenas o **sublinhado (`_`)** é aceito como caractere especial.
4. **Nenhum outro caractere especial** — não são permitidos caracteres como `@`, `$`, `+`, `-`, `%`, `!`, `#`, `*`, entre outros.
5. **Sem espaços em branco** — em nomes compostos, deve-se usar o `_` como separador (ex.: `NOME_USUARIO`, não `NOME USUARIO`).
6. **Proibido usar palavras reservadas** — jamais uma variável pode ter o mesmo nome de um comando ou instrução da linguagem (ex.: `INTEIRO`, `REAL`, `CARACTERE`, `LÓGICO` são inválidos como nomes de variáveis).
7. **Exclusividade no programa** — não pode ser reutilizado um nome já definido para o próprio programa ou para outra variável; um nome torna-se exclusivo no programa em que foi definido.
8. **Maiúsculas e minúsculas** — em muitas linguagens, o compilador não faz distinção entre elas (o identificador `NUM` é igual a `num`).

### Boa prática (recomendação)

> ""Um identificador deve expressar em seu nome o que realmente irá manipular, não deixando dúvida ou ambiguidade.""

Ou seja, prefira `idade` a `i`, e `salarioLiquido` a nomes genéricos — isso facilita a manutenção por outros programadores.

### Exemplos

| Categoria | Exemplos |
|---|---|
| **Não permitidos** | `1ABC`, `EF*GH`, `DT ANIVER`, `NOME USUARIO`, `1X`, `FONE#`, `INTEIRO`, `REAL` |
| **Permitidos** | `X`, `NOME`, `A12`, `SAL1`, `NOME_USUARIO`, `FONE1`, `F1`, `DELTA25` |
| **Aconselháveis** | `nome`, `salarioLiquido`, `variavel1`, `idade` |

---

**Fontes citadas:** As regras acima provêm principalmente da obra **""Algoritmos: Lógica para Desenvolvimento de Programação de Computadores""** — cuja autoria é confirmada no grafo de conhecimento pelas relações *José Augusto N. G. Manzano --[RELATES_TO]--> Algoritmos: Lógica para...* (autor) e *Jayr F. de Oliveira --[RELATES_TO]--> Algoritmos: Lógica para...* (coautor), publicada pela *Editora Erica --[RELATES_TO]-->* (editora da obra). Os detalhes textuais foram complementados por trechos de outras obras didáticas de fundamentos de programação que tratam dos mesmos conceitos de *Raciocínio Lógico --[RELATES_TO]--> Programação de computadores*.";3;0.7083333333333334;0.9710964474862237;0.9999999999666667;1.0;9.325837;2634;1976;4610
Q007;O que é uma constante em um algoritmo?;É um dado cujo valor nunca muda durante a execução do algoritmo, permanecendo o mesmo do início ao fim e também se mantendo igual em diferentes execuções ao longo do tempo.;Lógica de programação (André Luiz Villar Forbellone) [Programming Logic];"# O que é uma Constante em um Algoritmo?

## Definição

De acordo com o material consultado (seção **""3.4 O Uso de Constantes""** do livro *Algoritmos – Lógica para Desenvolvimento de Programação de Computadores*), **constante é tudo que é fixo, estável, inalterável, imutável e de valor fixo**.

Do ponto de vista **computacional** (semelhante ao matemático/científico), constante é:

> Uma **grandeza numérica fixa** utilizada normalmente numa expressão aritmética ou matemática, que define um valor que **não será alterado** na expressão, independentemente das variáveis envolvidas na operação a ser realizada.

## Características principais

1. **Valor inalterável durante toda a execução**: uma constante, apesar de definida inicialmente no programa, **não será modificada em nenhum momento** até o término da execução do algoritmo.

2. **Forma de definição**: na programação de computadores, constante é ""um valor numérico associado a um nome, sem qualquer atributo"" (WEBER, 2004, p. 240), seguindo as mesmas regras de definição de nomes aplicadas às variáveis.

## Exemplos práticos

| Exemplo | Constante | Variáveis |
|---------|-----------|-----------|
| π (pi) ≈ 3,14159265 | 3,14159265 | — |
| `SAÍDA = ENTRADA + 1.23` | 1.23 | SAÍDA e ENTRADA |

## Contexto no grafo de conhecimento

A resposta se conecta às seguintes **entidades e relações** recuperadas do grafo:

- **Algoritmo** [Concept] — definido por autores como **Cormen** (`DEFINE`: procedimento computacional bem definido que toma valores como entrada e produz valores como saída), **Saliba**, **Szwarcfiter**, **Berg & Figueiró** e **Berlinski** (`DEFINE`: sequência ordenada e finita de passos);
- Relação **Algoritmo → [RELATES_TO] → Dados de entrada** e **Algoritmo → [CAUSES] → Dados de saída**: o algoritmo transforma dados de entrada em dados de saída — e é justamente nesse processo de transformação que as **constantes permanecem fixas**, enquanto as variáveis podem mudar;
- **Lógica de Programação** [Concept]: a constante é um conceito fundamental dessa área, junto com variáveis e operadores aritméticos.

**Em síntese**: em um algoritmo, a constante é o valor que permanece imutável do início ao fim da execução — como o `1.23` na expressão `SAÍDA = ENTRADA + 1.23` — servindo de âncora fixa enquanto as variáveis assumem valores diferentes conforme os dados de entrada processados.";3;0.3333333333333333;0.9999996256080715;0.9999999999;1.0;936.808836;4749;1314;6063
Q008;Por que usamos aspas duplas ao escrever uma constante do tipo caractere?;As aspas duplas são usadas para delimitar e distinguir os dados constantes do tipo caractere dos demais tipos primitivos, deixando claro no algoritmo onde aquele texto fixo começa e termina.;Lógica de programação (André Luiz Villar Forbellone) [Programming Logic];"## Por que usamos aspas duplas ao escrever uma constante do tipo cadeia de caracteres?

Antes de tudo, é importante fazer uma **distinção fundamental** que os materiais consultados deixam clara: em linguagens como **C/C++**, existem dois delimitadores diferentes para dois tipos distintos de constantes de texto:

| Delimitador | Tipo | Uso |
|---|---|---|
| **Aspas simples / Apóstrofos** (`' '`) | `char` (caractere único) | Identificar **um único caractere** isoladamente |
| **Aspas duplas** (`"" ""`) | `string` / cadeia de caracteres | Identificar uma **sequência de caracteres** (cadeia) |

---

### A explicação das aspas duplas

Segundo o livro *Fundamentos da Programação de Computadores* (Ascencio et al.), ao apresentar a inicialização de cadeias de caracteres em C:

> *""No primeiro caso, a variável nome recebeu as letras separadamente (inclusive o caractere nulo). Por isso, cada uma das letras estava entre apóstrofos (' ') — esta é a maneira de identificar um caractere isoladamente. No segundo caso, a variável nome foi inicializada com uma palavra, recebendo automaticamente o caractere nulo. Por isso, a palavra Programa estava entre aspas ("" "") — esta é a maneira de identificar uma **cadeia de caracteres**.""*

Ou seja, as **aspas duplas** são usadas para indicar ao compilador que:

1. **Trata-se de uma cadeia (sequência) de caracteres**, e não de um único caractere;
2. **O caractere nulo (`\0`) deve ser adicionado automaticamente** ao final da cadeia, o que é essencial para que as funções de manipulação de strings (da biblioteca `string.h`) saibam onde a cadeia termina — conforme destacado também por Sebesta em *Conceitos de Linguagens de Programação*: *""as cadeias em C usam um caractere especial para indicar o final da cadeia""*.

### Exemplo prático

```c
char letra = 'A';           // aspas simples: UM caractere (tipo char)
char palavra[] = ""Programa""; // aspas duplas: CADEIA de caracteres + '\0' automático
```

Ambas as inicializações abaixo são equivalentes:

```c
char nome[] = {'P','r','o','g','r','a','m','a','\0'};  // caractere por caractere
char nome[] = ""Programa"";                              // aspas duplas (adiciona \0 automaticamente)
```

### Resumo

Usamos **aspas duplas** ao escrever uma constante do tipo cadeia de caracteres (string) porque elas servem para:

1. **Delimitar uma sequência de caracteres** (não apenas um único caractere);
2. **Sinalizar ao compilador** que o caractere terminador `\0` deve ser inserido automaticamente ao final da cadeia;
3. **Diferenciar** uma constante do tipo `char` (um único caractere, delimitado por apóstrofos) de uma constante do tipo `string`/cadeia (delimitada por aspas duplas).

Já o livro *Algoritmos: Lógica para Desenvolvimento de Programação* (Manzano & Oliveira) complementa: *""O tipo de dado caractere é utilizado quando se faz referência a um único caractere delimitado por aspas, já o tipo de dados cadeia é utilizado quando se faz referência a um conjunto de caracteres delimitados por aspas.""*

---

**Fontes consultadas:**
- *Fundamentos da Programação de Computadores* (Ascencio et al.) — Capítulo 9, páginas 290–294
- *Conceitos de Linguagens de Programação* (Sebesta) — página 134
- *Algoritmos: Lógica para Desenvolvimento de Programação* (Manzano & Oliveira) — página 20";3;0.0;0.927875148208702;0.3333333333;1.0;14.079481;15760;1367;17127
Q009;Qual é a diferença entre uma constante e uma variável?;Uma constante mantém sempre o mesmo valor do início ao fim da execução do algoritmo, enquanto uma variável pode ter seu valor alterado a qualquer momento durante essa execução.;Lógica de programação (André Luiz Villar Forbellone) [Programming Logic];"## Diferença entre Constante e Variável

Com base nos documentos recuperados, a diferença fundamental entre constante e variável pode ser resumida da seguinte forma:

### 🔹 Definição Básica

- **Constante**: É um **símbolo que representa um objeto fixo**, ou seja, um valor que não muda durante a execução do programa. Um símbolo constante representa sempre o mesmo objeto.

- **Variável**: É um **símbolo capaz de representar objetos diferentes em momentos diferentes**. Ou seja, o valor associado a uma variável pode mudar ao longo da execução do programa.

> *Essa definição aparece no livro **""Conceitos de Linguagens de Programação""** (Robert W. Sebesta), que diferencia constantes e variáveis justamente pela capacidade — ou não — de representar objetos diferentes em momentos distintos.*

### 🔹 Do Ponto de Vista Computacional

No livro **""Algoritmos — Lógica para Desenvolvimento de Programação de Computadores""**, encontramos uma perspectiva prática:

- Uma **constante** é um **valor fixo** usado em uma expressão aritmética ou matemática. Pode ser definida como um **rótulo de identificação** por meio do comando `const`. Por exemplo:
  ```
  const
  PI = 3.14159265
  ```
  Aqui, `PI` é uma constante: seu valor permanece fixo durante toda a execução do programa.

- Uma **variável** pode ter seu valor modificado durante a execução. Na expressão `SAÍDA = ENTRADA + PI`, por exemplo, `SAÍDA` e `ENTRADA` são variáveis (podem mudar), enquanto `PI` é uma constante (previamente definida e fixa).

### 🔹 Tipos de Constantes (em linguagens como C#)

O Sebesta ainda faz uma distinção entre dois tipos de constantes:

| Tipo | Descrição |
|---|---|
| **`const`** | Valor constante determinado **na declaração** e é o mesmo em **cada uso** do programa. |
| **`readonly`** | Valor constante determinado **apenas quando o objeto é criado**, podendo ser diferente em **execuções distintas** do programa. |

### 🔹 Resumo

| Característica | Constante | Variável |
|---|---|---|
| **Valor** | Fixo e imutável | Pode mudar durante a execução |
| **Símbolo representa** | Sempre o mesmo objeto | Objetos diferentes em momentos diferentes |
| **Definição** | Geralmente via comando `const` | Atribuição e reatribuição ao longo do programa |
| **Objetivo** | Evitar repetição de valores literais e garantir imutabilidade | Armazenar dados que mudam ao longo do processamento |

Em suma, a diferença central está na **mutabilidade**: constantes são fixas, variáveis podem mudar. Além disso, a definição de constantes segue as mesmas regras de nomenclatura aplicadas às variáveis, mas o valor atribuído a uma constante não pode ser alterado após sua definição.";3;0.5925925925925926;0.8197897593428077;0.8333333332916666;1.0;4.627976;2088;798;2886
Q010;Dê um exemplo que ajude a ilustrar a diferença entre uma constante e uma variável.;"No cálculo da área de um círculo, o valor de pi é uma constante, pois é sempre o mesmo número independentemente do cálculo; já o raio é uma variável, porque muda dependendo de qual círculo está sendo considerado.";Lógica de programação (André Luiz Villar Forbellone) [Programming Logic];"## Diferença entre Constante e Variável

Com base nos documentos recuperados, podemos ilustrar a diferença entre **constante** e **variável** com um exemplo clássico e muito didático:

---

### 📌 Definições (conforme os textos)

- **Constante** é um símbolo (ou rótulo) que representa um **valor fixo**, que não muda durante a execução de um programa ou ao longo de um cálculo.
- **Variável** é um símbolo capaz de representar **objetos (valores) diferentes em momentos diferentes**, ou seja, seu valor pode mudar a cada execução ou contexto.

---

### 🔵 Exemplo: Cálculo da Área de uma Circunferência

Para calcular a área de uma circunferência, usamos a fórmula:

> **Área = π · r²**

Nesta fórmula:

| Elemento | Tipo | Motivo |
|----------|------|--------|
| **π (pi)** | **Constante** | Seu valor é sempre **3,14159…**, independentemente de qual seja a circunferência. Vale para todas as ocasiões em que calculamos a área. |
| **r (raio)** | **Variável** | Seu valor **depende da circunferência** que estamos calculando. A cada execução do algoritmo, o raio pode ser diferente. |

Ou seja, não importa se estamos calculando a área de uma moeda ou de um estádio — **π será sempre o mesmo valor (constante)**, enquanto **o raio muda a cada caso (variável)**.

---

### 🔵 Exemplo adicional ( contexto de programação )

Considere a expressão computacional:

> **SAÍDA = ENTRADA + PI**

- **SAÍDA** e **ENTRADA** são **variáveis**: seus valores podem mudar a cada uso da expressão.
- **PI** é uma **constante**, previamente definida (por exemplo, com a instrução `const PI = 3.14159265`), e seu valor permanece fixo durante toda a execução do programa.

---

### 📝 Resumo

> A **constante** permanece com o mesmo valor em todas as situações; a **variável** pode assumir valores diferentes a cada execução ou contexto.

Esses exemplos foram extraídos das seguintes fontes:
- **Lógica de Programação** (André Luiz Villar Forbellone) — exemplo da área da circunferência.
- **Algoritmos: Lógica para desenvolvimento de programação de computadores** — exemplo da expressão `SAÍDA = ENTRADA + PI`.
- **Conceitos de Linguagens de Programação** (Robert W. Sebesta) — definição formal de constante e variável como símbolos.";3;0.6538461538461539;0.7491029890968565;0.9999999999666667;1.0;4.828793;2187;795;2982
Q011;Quais são os tipos de dados primitivos usados na lógica de programação?;São quatro: inteiro (números inteiros positivos, negativos ou zero), real (números com casas decimais), caractere (letras, números e símbolos tratados como texto) e lógico (que admite apenas os valores verdadeiro ou falso).;Lógica de programação (André Luiz Villar Forbellone) [Programming Logic];"# Tipos de Dados Primitivos na Lógica de Programação

Com base nos documentos recuperados, os tipos de dados primitivos são aqueles **não definidos em termos de outros tipos** — segundo Sebesta (*Conceitos de Linguagens de Programação*, p. 236), ""tipos de dados não definidos em termos de outros são chamados de tipos de dados primitivos"", e praticamente todas as linguagens de programação fornecem um conjunto deles. Alguns são meramente reflexos do hardware (como os inteiros), enquanto outros exigem pouco suporte externo para sua implementação.

## Os quatro tipos básicos

### 1. **Tipo Inteiro**
Toda informação numérica pertencente ao conjunto dos **números inteiros relativos** (negativos, nulo, positivos).
> *Exemplos:* 654, -4567, 89, 37000, 0, -1

### 2. **Tipo Real**
Toda informação numérica pertencente ao conjunto dos **números reais** (negativos, nulo, positivos).
> *Exemplos:* 876.90, 1.5, 36548987.9987, 3.141618

*(Observação: os livros de algoritmos usam ponto, não vírgula, para separar a parte inteira da fracionária.)*

### 3. **Tipo Caracter**
Toda informação composta por um **conjunto de caracteres alfanuméricos** (0..9, A..Z, a..z) e/ou **caracteres especiais** (#, /, $, %, *, ?, ~, >, !, @, ...). 
⚠️ *O espaço em branco também é considerado um caractere especial.*

### 4. **Tipo Lógico (Booleano)**
Dados com **valores binários**: sim/não, verdadeiro/falso, 1 e 0 — apenas um dos valores pode ser escolhido. No português estruturado, costuma ser representado como:
- `.V.` ou `.VERDADEIRO.` / `.S.` ou `.SIM.`
- `.F.` ou `.FALSO.` / `.N.` ou `.NÃO.`

Esse tipo é também chamado de **booleano**, em homenagem ao filósofo e matemático inglês **George Boole**, por sua contribuição à lógica matemática e à eletrônica digital. Segundo Sebesta, os tipos booleanos foram introduzidos em **ALGOL 60** e estão presentes na maioria das linguagens de propósito geral projetadas desde 1960.

## Fundamentação no contexto conceitual

No grafo de conhecimento, esses tipos se conectam ao núcleo da disciplina pelas seguintes relações:

- **Algoritmo --[RELATES_TO]--> Lógica de Programação**: o algoritmo é conceito fundamental da lógica de programação, e é ele quem **manipula os dados tipados**;
- **Algoritmo --[RELATES_TO]--> Dados de entrada** e **Algoritmo --[CAUSES]--> Dados de saída**: o algoritmo recebe dados de entrada, transforma-os e produz dados de saída — e esses dados devem ser classificados em um dos tipos primitivos acima;
- **Bloco Ingredientes --[DEFINES]--> Dados**: na analogia didática da receita culinária, o bloco de ingredientes define os dados e suas ""quantidades"" a serem usados — analogamente à **declaração de tipos** no algoritmo;
- **Linguagem de programação --[RELATES_TO]--> Algoritmo**: as linguagens formais representam algoritmos textualmente, e é nelas que os tipos primitivos são materializados (com nota de que alguns refletem diretamente o hardware).

## Resumo

| Tipo | Descrição | Exemplos |
|------|-----------|----------|
| **Inteiro** | Números inteiros relativos (negativos, nulo, positivos) | 654, -4567, 0 |
| **Real** | Números reais (com parte fracionária) | 876.90, 3.141618 |
| **Caracter** | Caracteres alfanuméricos e especiais | ""A"", ""abc"", ""#"", ""$"" |
| **Lógico/Booleano** | Valores binários verdadeiro/falso | .V. / .F. |

Esses tipos primitivos servem de base, ainda, para a construção de **tipos estruturados** (matrizes, registros, cadeias de caracteres, etc.), que os combinam por meio de construtores de tipo.";3;0.38235294117647056;0.9842575082255757;0.0;0.4;22.251146;10309;1820;12129
Q012;O que caracteriza o tipo de dado lógico?;É um tipo de informação biestável, ou seja, só pode assumir um de dois estados possíveis, convencionalmente representados como verdadeiro (V) ou falso (F), como uma porta que só pode estar aberta ou fechada.;Lógica de programação (André Luiz Villar Forbellone) [Programming Logic];"## Características do Tipo de Dado Lógico

Com base no material consultado, o tipo de dado lógico é caracterizado pelos seguintes aspectos:

### Definição central
São **dados com valores binários**, ou seja, apenas **duas possibilidades de valor**, entre as quais somente uma pode ser escolhida:
- **sim** e **não**
- **verdadeiro** e **falso**
- **1** e **0**

### Representação em português estruturado
Neste livro, o tipo lógico é representado pelo **comando lógico**, utilizado em operações de processamento lógico. A forma de representação dos valores é:
- `.V.` ou `.VERDADEIRO.` → verdadeiro
- `.F.` ou `.FALSO.` → falso
- `.S.` ou `.SIM.` → sim
- `.N.` ou `.NÃO.` → não

### Denominação alternativa: tipo booleano
O tipo de dado lógico também é conhecido como **booleano**, em homenagem ao filósofo e matemático inglês **George Boole**, pela sua contribuição à **lógica matemática** e à **eletrônica digital**.

### Uso no contexto algorítmico
Os dados lógicos aparecem em **expressões lógicas compostas por proposições**, onde os operadores lógicos (como *e*, *ou*, *xou* — disjunção exclusiva, *não*) avaliam os valores verdadeiro/falso dessas proposições e produzem um resultado também lógico. Por exemplo, o operador *xou* resulta **verdadeiro** se seus operandos forem diferentes e **falso** se forem iguais.

---

**Fontes utilizadas:**
- 📄 **Contexto vetorial**: seção 3.2.4 ""Lógico"" do livro *Algoritmos — Lógica para Desenvolvimento de Programação de Computadores* (Manzano & Oliveira, 28ª ed.), além do livro *Algoritmos e Programação de Computadores* (Dilermando Junior & Nakamiti).
- 🕸️ **Entidades do grafo** que embasam a contextualização: **Lógica** (modo de raciocínio que rege o pensamento), **Lógica de Programação** (aplicação da lógica para organizar passos e atingir objetivos), **Algoritmo** (relacionado aos **Dados de entrada** e **Dados de saída**, que podem ser desse tipo) e **Raciocínio Lógico** (fundamental para a lógica de programação de computadores — relações `RELATES_TO` no grafo).";3;0.6129032258064516;0.9220712808116175;0.99999999995;0.5;6.275735;4947;1050;5997
Q013;Para que serve o comando 'leia' em um algoritmo?;É o comando de entrada de dados: recebe um valor vindo de fora do algoritmo, como algo digitado pelo usuário, e atribui esse valor à variável indicada entre parênteses.;Lógica de programação (André Luiz Villar Forbellone) [Programming Logic];"## O comando `leia` em um algoritmo

O comando **`leia`** é um **comando de entrada de dados** utilizado em algoritmos para permitir que o programa receba informações do meio externo (por exemplo, do usuário via teclado) e as armazene em variáveis para posterior processamento.

---

### Finalidade

Conforme descrito na obra de **Forbellone & Eberspacher** (recuperada do contexto textual):

> *""Para que o algoritmo possa receber os dados de que necessita, adotamos um comando de entrada de dados denominado **leia**, cuja finalidade é atribuir o dado a ser fornecido à variável identificada.""*

Ou seja, o `leia` **captura um valor fornecido pelo usuário e o atribui a uma variável** dentro do algoritmo.

---

### Sintaxe

A regra sintática do comando é:

```
leia(identificador)
```

**Exemplos:**
```
leia(X);
leia(A, XPTO, NOTA);
```

No primeiro caso, lê um valor e o armazena na variável `X`. No segundo, lê três valores e os armazena nas variáveis `A`, `XPTO` e `NOTA`, respectivamente.

---

### Papel no fluxo do algoritmo

Com base no grafo de conhecimento, o algoritmo segue um fluxo fundamental:

| Etapa | Descrição | Comando correspondente |
|---|---|---|
| **Entrada de dados** | Valores fornecidos ao algoritmo para processamento | `leia` |
| **Processamento** | Transformação dos dados conforme a lógica do problema | comandos de atribuição, condicionais, etc. |
| **Saída de dados** | Valores produzidos pelo algoritmo como resultado | `escreva` |

A entidade **Dados de entrada** está diretamente relacionada à entidade **Algoritmo** pela relação:

> **Algoritmo ──[RELATES_TO]──> Dados de entrada**: ""O algoritmo toma dados de entrada para processamento.""

E também:

> **Dados de entrada ──[RELATES_TO]──> Dados de saída**: ""Dados de entrada são transformados em dados de saída.""

Isso significa que o `leia` é o **ponto inicial** do ciclo do algoritmo: sem entrada de dados, não há material para processar nem resultados a serem exibidos.

---

### Comparação com a linguagem Pascal

Em linguagens de programação como **Pascal**, o equivalente ao `leia` são os comandos `read` e `readln`, que funcionam de forma análoga: leem valores via teclado e os atribuem a variáveis identificadas.

---

### Resumo

O comando **`leia`** serve para:
1. **Receber dados** do meio externo (usuário, arquivo, etc.);
2. **Atribuir esses dados** a variáveis dentro do algoritmo;
3. **Iniciar o ciclo de processamento**, fornecendo os valores de entrada que serão transformados em resultados (dados de saída).";3;0.6944444444444444;0.9086821692131483;0.9999999999666667;1.0;7.167246;4339;818;5157
Q014;De onde vêm os dados que o comando de entrada armazena nas variáveis?;"Vêm de fora do algoritmo, como o teclado ou outro dispositivo de entrada, semelhante aos ingredientes que entram em uma receita; sem essa entrada, o algoritmo não teria nada com que trabalhar.";Lógica de programação (André Luiz Villar Forbellone) [Programming Logic];"## De onde vêm os dados que o comando de entrada armazena nas variáveis?

Com base nas informações recuperadas do grafo de conhecimento e dos textos, a resposta é:

### Origem dos dados: o meio externo

Os dados que o comando de entrada armazena nas variáveis vêm do **meio externo** ao algoritmo. No contexto do livro *Lógica de Programação* (Forbellone & Eberspacher), o trecho textual menciona explicitamente que os dados provêm do:

> *""nientes do meio externo à receita.""*

Isso significa que o algoritmo, por si só, não gera esses dados — eles são **fornecidos de fora**, tipicamente pelo **usuário** ou por algum **dispositivo de entrada** (como o teclado).

### O comando de entrada (`leia`)

O comando de entrada de dados, denominado **`leia`**, tem como finalidade **atribuir o dado a ser fornecido à variável identificada**. Sua regra sintática é:

```
leia(identificador)
```

Exemplos:
- `leia(X);`
- `leia(A, XPTO, NOTA);`

No segundo exemplo, três dados são lidos: o primeiro é atribuído à variável **A**, o segundo à **XPTO** e o terceiro à **NOTA** — ou seja, cada dado fornecido pelo meio externo é armazenado na variável correspondente, na ordem.

### Relações do grafo de conhecimento que embasam a resposta

As seguintes entidades e relações do grafo sustentam esta explicação:

| Entidade/Relação | Papel na resposta |
|---|---|
| **Dados de entrada** [Concept] | Valores fornecidos ao algoritmo para processamento — é exatamente o que o comando `leia` captura. |
| **Algoritmo --[RELATES_TO]--> Dados de entrada** | O algoritmo toma dados de entrada para processamento. |
| **Dados de entrada --[RELATES_TO]--> Dados de saída** | Os dados de entrada são transformados em dados de saída pelo algoritmo. |
| **Bloco ingredientes --[DEFINES]--> Dados** | Na analogia da receita culinária, os ""ingredientes"" representam os dados a serem usados — que equivalem aos dados de entrada provenientes do meio externo. |
| **FORBELLONE & EBERSPACHER --[DEFINES]--> Algoritmo** | Autores cuja obra descreve o comando `leia` e a origem dos dados no meio externo. |

### Outras formas de entrada

Além do comando `leia` tradicional, os textos também mencionam formas alternativas de entrada de dados, como o uso de **recursos gráficos** (por exemplo, a classe `JOptionPane` com o método `ShowInputDialog` em Java), que também captura dados do meio externo por meio de uma caixa de diálogo.

---

**Em resumo:** os dados armazenados pelo comando de entrada nas variáveis **vêm do meio externo** — ou seja, são fornecidos pelo usuário ou por dispositivos de entrada — e o comando `leia` é o mecanismo responsável por capturá-los e atribuí-los às variáveis correspondentes do algoritmo.";3;0.6666666666666666;0.9999996260240166;0.99999999995;1.0;7.093133;7235;1160;8395
Q015;Qual é a função do comando 'escreva' em um algoritmo?;É o comando de saída de dados: exibe o conteúdo de uma variável identificada, mostrando ao usuário o resultado ou a resposta calculada pelo algoritmo.;Lógica de programação (André Luiz Villar Forbellone) [Programming Logic];"## Função do comando `escreva`

O comando **`escreva`** é o comando de **saída de dados** em algoritmos escritos em português estruturado (portugol). Sua função é **exibir/mostrar os dados que o algoritmo processou**, como resposta ao problema resolvido.

### Explicação detalhada

Segundo o material de Forbellone (*Lógica de Programação*):

> ""Para que o algoritmo possa mostrar os dados que calculou, como resposta ao problema que resolveu, adotaremos um comando de saída de dados denominado **escreva**, cuja finalidade é **exibir o conteúdo da variável identificada**.""

A regra sintática do comando é:

```
escreva (identificador | expressão)
```

Ou seja, o `escreva` pode receber tanto uma **variável** (exibindo seu conteúdo) quanto uma **expressão** (exibindo seu resultado).

### Relação com os comandos de entrada

O comando `escreva` é o par complementar do comando **`leia`** (entrada de dados). Conforme o livro de Manzano & Oliveira:

> ""O processo de entrada e de saída de dados é representado em código português estruturado, respectivamente, com os comandos **leia** (entrada) e **escreva** (saída).""

- **`leia`**: atribui o dado fornecido pelo usuário (meio externo) a uma variável → dados de **entrada**
- **`escreva`**: exibe o conteúdo de variáveis ou expressões na tela → dados de **saída**

### Exemplo de uso

```
escreva ""Nome: "", ALUNO.NOME
escreva ""Média: "", ALUNO.PEGAMEDIA
```

Neste trecho (do capítulo sobre modularização do livro da Editora Érica), o trecho é identificado como **""Trecho de saída dos dados""** — mostrando o papel estrutural do `escreva` em apresentar os resultados ao usuário.

### Embasamento no grafo de conhecimento

Esta resposta fundamenta-se nas seguintes entidades e relações:

- **Entidade ""Dados de saída""** [Concept]: valores ou conjuntos de valores produzidos pelo algoritmo — que são exibidos pelo comando `escreva`;
- **Relação**: `Algoritmo --[CAUSES]--> Dados de saída` — o algoritmo transforma dados de entrada em dados de saída, e o `escreva` é o mecanismo que permite exibi-los;
- **Definição de Cormen** (2002): algoritmo como ""procedimento computacional bem definido que toma valores como entrada e **produz valores como saída**"" — o `escreva` é justamente o comando que materializa essa produção de saída em português estruturado;
- **Entidade ""Dados de entrada""** [Concept]: relacionada ao comando `leia`, complemento do `escreva`.

**Em resumo**: o `escreva` é o mecanismo pelo qual um algoritmo **apresenta seus resultados ao usuário**, seja o conteúdo de variáveis, textos ou o resultado de expressões calculadas.";3;0.4074074074074074;0.8104287929675066;0.9999999999666667;1.0;11.655152;4824;1194;6018
Q016;É possível exibir mais de uma informação em um único comando 'escreva'?;"Sim, basta colocar entre parênteses vários identificadores, expressões ou trechos de texto separados por vírgulas, como em escreva(""Você pesa"", W, ""quilos""), permitindo combinar texto fixo com o valor de variáveis.";Lógica de programação (André Luiz Villar Forbellone) [Programming Logic];"## Sim, é possível exibir mais de uma informação em um único comando `escreva`

Com base nos trechos recuperados dos documentos, aqui está a explicação:

### Como funciona

O comando de saída (`escreva` / `write` / `writeln`) aceita uma **lista de expressões** entre parênteses. Isso significa que você pode incluir **vários itens separados por vírgulas** em um único comando, tais como:

- Constantes
- Variáveis
- Expressões aritméticas ou lógicas
- Cadeias de caracteres (textos)

### Exemplo prático

Um exemplo clássico retirado do material é:

```pascal
WRITELN('Conteúdo de Y = ', Y);
```

Neste caso, **um único comando** exibe duas informações:
1. A mensagem de texto `""Conteúdo de Y = ""`
2. O valor armazenado na variável `Y`

### Diferença entre `write`/`escreva` e `writeln`/`escreval`

| Comando | Comportamento |
|---|---|
| `write` / `escreva` | Exibe os dados e **mantém** o cursor na mesma linha |
| `writeln` / `escreval` | Exibe os dados e **move** o cursor para o início da próxima linha |

Por exemplo:
```
escreva(""aula "")
escreva(""fácil"")
```
Gera a saída: `aula fácil` (tudo na mesma linha)

Já:
```
escreval(""aula "")
escreva(""fácil"")
```
Gera a saída em duas linhas:
```
aula
fácil
```

### Resumo

✅ **Sim**, você pode passar múltiplas expressões em um único comando de saída, basta separá-las por vírgulas dentro dos parênteses. Cada item da lista será impresso em sequência, na ordem em que aparece.

**Fontes:** As informações foram extraídas dos materiais de *Fundamentos da Programação de Computadores* (Ana Fernanda Gomes Ascencio et al.) e *Algoritmos e Programação de Computadores* (Dilermando Junior, Gilberto Nakamiti). O grafo de conhecimento não retornou entidades estruturadas para esta consulta, então a resposta foi baseada integralmente na recuperação vetorial.";3;0.6818181818181818;0.8068046209597594;0.9999999999666667;1.0;5.136594;2182;816;2998
Q017;Quais são os operadores aritméticos básicos usados em algoritmos?;São a adição (+), a subtração (-), a multiplicação (*) e a divisão (/), usados para representar as operações matemáticas fundamentais entre constantes ou variáveis numéricas.;Lógica de programação (André Luiz Villar Forbellone) [Programming Logic];"## Operadores Aritméticos Básicos em Algoritmos

Com base nas informações obtidas do grafo de conhecimento e do conteúdo textual, os **operadores aritméticos** são utilizados na elaboração de **expressões aritméticas**, que relacionam variáveis e constantes numéricas para realizar processamentos matemáticos em algoritmos.

### Classificação

Os operadores aritméticos são classificados em **duas categorias**:

1. **Operadores Binários** — utilizados em operações matemáticas entre dois operandos:
   - **Radiciação** (raiz)
   - **Exponenciação** (potência)
   - **Divisão**
   - **Multiplicação**
   - **Adição**
   - **Subtração**

2. **Operadores Unários** — atuam sobre um único operando, invertendo o estado de um valor numérico (de positivo para negativo ou vice-versa).

> 📌 *Fonte: ""Algoritmos – Lógica para Desenvolvimento de Programação de Computadores"", José Augusto N. G. Manzano e Jayr F. de Oliveira, 28ª Edição, Editora Érica (p. 22–23).*

### Operador Especial: `div`

Existe também o operador **`div`**, que é aritmético e de uso exclusivo para **obtenção de quocientes inteiros**. Por essa razão, ele possui **nível de prioridade inferior** a qualquer outro operador aritmético.

### Ordem de Prioridade (Precedência)

Quando houver necessidade de alterar a ordem natural de prioridade de um cálculo, deve-se utilizar **parênteses**. Importante ressaltar que, na abordagem computacional, **não se utilizam chaves ou colchetes** (comuns na matemática) — apenas parênteses.

Em linguagens como **C**, a ordem de prioridade (da mais alta para a mais baixa) é:

| Prioridade | Operadores |
|------------|------------|
| Mais alta | `++` `--` (incremento/decremento) |
| | Sinal negativo |
| | `*` `/` `%` (multiplicação, divisão, módulo) |
| Mais baixa | `+` `-` (adição, subtração) |

> 📌 *Fonte: ""Algoritmos e Programação de Computadores"", Dilermando Junior e Gilberto Nakamiti (p. 120).*

### Operadores de Atribuição Combinados

A linguagem C também oferece operadores de atribuição que combinam operações aritméticas:

| Operador | Significado |
|----------|-------------|
| `+=` | `a = a + b` |
| `-=` | `a = a - b` |
| `*=` | `a = a * b` |
| `/=` | `a = a / b` |
| `%=` | `a = a % b` |

### Base no Grafo de Conhecimento

As seguintes entidades e relações do grafo embasam esta resposta:

- **Algoritmo** → `[RELATES_TO]` → **Lógica de Programação**: os algoritmos utilizam a lógica de programação, que inclui o uso de expressões aritméticas.
- **Algoritmo** → `[RELATES_TO]` → **Problema**: o algoritmo é definido a partir do entendimento lógico de um problema, cuja solução pode envolver cálculos matemáticos.
- **Algoritmo** → `[RELATES_TO]` → **Matemática** e **Computação**: os algoritmos são aplicados e empregados tanto na matemática quanto na computação, o que justifica o uso de operadores aritméticos.

Em resumo, os operadores aritméticos básicos em algoritmos compreendem **adição, subtração, multiplicação, divisão, radiciação, exponenciação**, além do operador **`div`** para divisão inteira e operadores unários para inversão de sinal.";3;0.7575757575757576;0.7735335726804197;0.99999999995;1.0;12.490918;4995;1008;6003
Q018;Como a potenciação e a radiciação são representadas em pseudocódigo, já que os símbolos ^ e √ não são usados?;Em vez disso, usam-se palavras-chave: pot(x,y) representa x elevado a y, e rad(x) representa a raiz quadrada de x.;Lógica de programação (André Luiz Villar Forbellone) [Programming Logic];"## Representação de Potenciação e Radiciação em Pseudocódigo

De acordo com o material recuperado, principalmente do livro **""Lógica de Programação"" de André Luiz Villar Forbellone**, como os símbolos matemáticos convencionais **^** e **√** não são utilizados em pseudocódigo, essas operações são representadas por **palavras-chave**:

### Tabela de Operadores

| Operador | Função | Significado | Exemplos |
|---|---|---|---|
| `pot(x,y)` | Potenciação | *x* elevado a *y* | `pot(2,3)` → 2³ = 8 |
| `rad(x)` | Radiciação | Raiz quadrada de *x* | `rad(9)` → √9 = 3 |

### Explicação

- **`pot(x, y)`** — A potenciação é representada como uma função com dois parâmetros: a base (`x`) e o expoente (`y`). Por exemplo, `pot(2,3)` equivale a 2³ = 8.
- **`rad(x)`** — A radiciação (raiz quadrada) é representada como uma função com um único parâmetro (`x`), retornando a raiz quadrada de *x*. Por exemplo, `rad(9)` equivale a √9 = 3.

### Observações sobre linguagens reais

O material complementar do livro **""Algoritmos e Programação de Computadores""** (Dilermando Junior & Gilberto Nakamiti) também menciona que, em linguagens de programação reais, existem equivalências:

- **VisuAlg:** usa o operador especial `^` → `x^y` significa *x elevado a y*
- **C e Java:** usam a função `pow(x,y)` → *x elevado a y*
- **Raiz quadrada:** representada pela função `sqrt(a)` → raiz quadrada de *a*

> 💡 **Resumo:** Em pseudocódigo, a potenciação é escrita como `pot(base, expoente)` e a radiciação como `rad(valor)`, evitando o uso de símbolos matemáticos não disponíveis em teclados convencionais ou não padronizados na notação algorítmica.";3;0.75;0.7977587101889103;0.49999999995;1.0;5.625795;2232;783;3015
Q019;Para que servem os operadores relacionais?;Servem para comparar dois valores de um mesmo tipo primitivo, sejam constantes, variáveis ou expressões aritméticas, permitindo construir entre eles relações como igualdade ou desigualdade.;Lógica de programação (André Luiz Villar Forbellone) [Programming Logic];"## Operadores Relacionais: Para Que Servem

Com base nos documentos recuperados, os **operadores relacionais** servem para **comparar os valores de dois operandos**, produzindo como resultado um valor **booleano** (verdadeiro ou falso) — exceto em linguagens onde valores booleanos não possuem um tipo específico.

### Principais Características

1. **Comparação de valores**: Um operador relacional é aquele que compara os valores de seus dois operandos em uma expressão relacional (que possui dois operandos e um operador relacional).

2. **Resultado booleano**: O valor de uma expressão relacional é **booleano**, ou seja, a operação determina a **verdade ou falsidade** da comparação realizada.

3. **Sobrecarga para diferentes tipos**: Os operadores relacionais são comumente sobrecarregados para uma variedade de tipos. A operação de comparação pode ser:
   - **Simples** — como para operandos inteiros;
   - **Complexa** — como para operandos do tipo cadeia de caracteres.

4. **Tipos compatíveis**: Os tipos de operandos que podem ser usados com operadores relacionais incluem:
   - Tipos **numéricos**
   - **Cadeias de caracteres** (strings)
   - Tipos de **enumeração**

### Operadores Relacionais Comuns

| Operador | Descrição |
|----------|-----------|
| `=` | Igual a |
| `<>` ou `≠` | Diferente de (não igual) |
| `>` | Maior que |
| `<` | Menor que |
| `>=` ou `≥` | Maior ou igual a |
| `<=` ou `≤` | Menor ou igual a |

### Relação com Operadores Lógicos

As expressões relacionais podem ser combinadas com **conectores lógicos** (operadores lógicos) para formar expressões mais complexas:
- **e** (conjunção)
- **ou** (disjunção)
- **não** (negação)

---

**Fontes consultadas:**
- *Conceitos de Linguagens de Programação* (Robert W. Sebesta), página 205 — define operadores relacionais e seu comportamento.
- *Algoritmos: Lógica para Desenvolvimento de Programação de Computadores* (Manzano & Oliveira), Editora Érica — tabela de operadores relacionais.
- *Algoritmos e Programação de Computadores* (Dilermando Junior & Gilberto Nakamiti), página 152 — operadores relacionais e conectores lógicos.

> **Observação:** O grafo de conhecimento não retornou entidades estruturadas para esta consulta. A resposta foi construída integralmente a partir da recuperação semântica de trechos dos documentos.";3;0.9230769230769231;0.9999996176860511;0.9999999999666667;1.0;4.482511;1857;716;2573
Q020;De que tipo é sempre o resultado de uma comparação feita com um operador relacional?;É sempre um valor lógico, verdadeiro ou falso, dependendo de a relação testada entre os dois valores comparados se verificar ou não.;Lógica de programação (André Luiz Villar Forbellone) [Programming Logic];"O resultado de uma comparação feita com um operador relacional é **sempre do tipo booleano** (verdadeiro ou falso).

Isso está documentado no livro *Conceitos de Linguagens de Programação* de Robert W. Sebesta, que afirma:

> *""O valor de uma expressão relacional é **booleano**, exceto quando valores booleanos não têm um tipo específico incluído na linguagem.""*

### Detalhes complementares

- **Operadores relacionais** incluem: igual a (`=`), diferente de (`≠` ou `<>`), maior que (`>`), menor que (`<`), maior ou igual a (`≥` ou `>=`), menor ou igual a (`≤` ou `<=`).
- A operação de comparação pode ser simples (como para operandos inteiros) ou complexa (como para cadeias de caracteres), mas o **tipo do resultado permanece booleano**.
- Os operandos podem ser de tipos numéricos, cadeias de caracteres ou tipos de enumeração, mas o resultado da comparação é sempre um valor lógico (verdadeiro/falso).

### Em resumo

| Aspecto | Valor |
|---|---|
| **Tipo do resultado** | Booleano (lógico) |
| **Possíveis valores** | Verdadeiro (`true`) ou Falso (`false`) |
| **Exceção** | Apenas em linguagens que não possuem um tipo booleano definido explicitamente |";3;0.6842105263157895;0.8762537261586371;0.99999999995;1.0;5.845716;2018;404;2422
Q021;Quais são os três operadores lógicos básicos e o que cada um faz?;"São o não, que inverte o valor de uma condição (negação); o e, que só resulta verdadeiro quando ambos os operandos são verdadeiros (conjunção); e o ou, que resulta verdadeiro quando pelo menos um dos operandos é verdadeiro (disjunção).";Lógica de programação (André Luiz Villar Forbellone) [Programming Logic];"## Os Três Operadores Lógicos Básicos

Com base na obra *Algoritmos: Lógica para Desenvolvimento de Programação de Computadores* (Manzano & Oliveira), os três operadores lógicos básicos são:

---

### 1. **Conjunção** — `.e.` (AND)

O operador lógico de **conjunção** estabelece uma relação entre duas ou mais proposições (condições) e gera um resultado lógico **verdadeiro apenas quando todas as proposições forem verdadeiras**. Se qualquer uma for falsa, o resultado é falso.

**Tabela-verde:**

| Condição 1 | Condição 2 | Resultado |
|---|---|---|
| Verdadeiro | Verdadeiro | **Verdadeiro** |
| Verdadeiro | Falso | Falso |
| Falso | Verdadeiro | Falso |
| Falso | Falso | Falso |

> *""A lógica de conjunção é a relação lógica entre duas ou mais proposições que geram um resultado lógico verdadeiro quando todas as proposições forem verdadeiras.""*

---

### 2. **Disjunção Inclusiva** — `.ou.` (OR)

O operador lógico de **disjunção inclusiva** avalia duas ou mais proposições e gera um resultado lógico **verdadeiro quando pelo menos uma das proposições for verdadeira**. O resultado só será falso se **todas** as condições forem falsas.

**Tabela-verde:**

| Condição 1 | Condição 2 | Resultado |
|---|---|---|
| Verdadeiro | Verdadeiro | **Verdadeiro** |
| Verdadeiro | Falso | **Verdadeiro** |
| Falso | Verdadeiro | **Verdadeiro** |
| Falso | Falso | Falso |

> *""Será algo verdadeiro para a parte do todo quando for verdadeiro para qualquer parte desse todo.""*

---

### 3. **Negação** — `.não.` (NOT)

O operador lógico de **negação** inverte o valor lógico de uma proposição. Se a condição for verdadeira, o resultado será falso; se a condição for falsa, o resultado será verdadeiro. É um operador **unário** (atua sobre uma única condição).

**Tabela-verde:**

| Condição | Resultado |
|---|---|
| Verdadeiro | Falso |
| Falso | Verdadeiro |

> *""Negação é a rejeição ou a contradição do todo ou de parte desse todo. Se p for verdadeira, não-p é falsa e se p for falsa, não-p é verdadeira.""*

---

### Precedência dos Operadores

O livro também define uma **ordem de precedência** entre os operadores lógicos:

| Operador | Operação | Precedência |
|---|---|---|
| `.não.` | Negação | 1ª (maior prioridade) |
| `.e.` | Conjunção | 2ª |
| `.ou.` | Disjunção inclusiva | 3ª |
| `.xou.` | Disjunção exclusiva | 3ª |

Ou seja, em uma expressão lógica composta, o operador `.não.` é avaliado primeiro, seguido de `.e.`, e por último `.ou.` e `.xou.`.

---

### Observação adicional: Disjunção Exclusiva (`.xou.` / XOR)

Embora não seja um dos três básicos, o livro também descreve o operador de **disjunção exclusiva** (`.xou.`), que resulta **verdadeiro apenas quando as duas condições têm valores lógicos diferentes** (uma verdadeira e outra falsa). Algumas linguagens, como C e Lua, não possuem esse operador nativamente, sendo necessário representá-lo como: `(C1 .e. (.não. C2)) .ou. ((.não. C1) .e. C2)`.

**Fontes:** Os trechos foram extraídos do livro *Algoritmos: Lógica para Desenvolvimento de Programação de Computadores* — José Augusto N. G. Manzano e Jayr F. de Oliveira, Editora Érica, 28ª Edição (seções 4.6.1 a 4.6.5).";3;0.3617021276595745;0.7916522913151605;0.9999999999;0.6666666666666666;8.476995;11909;1250;13159
Q022;Em que situação o operador lógico 'e' entre duas condições resulta verdadeiro?;"Somente quando ambas as condições avaliadas são simultaneamente verdadeiras; se qualquer uma delas for falsa, o resultado do 'e' também será falso.";Lógica de programação (André Luiz Villar Forbellone) [Programming Logic];"## Operador Lógico de Conjunção ("".e."")

O operador lógico **""e""** (conjunção) entre duas condições resulta em **verdadeiro** apenas quando **ambas as condições são verdadeiras**. Em todas as demais combinações, o resultado é **falso**.

### Tabela Verdade do Operador Lógico de Conjunção

| Condição 1 | Condição 2 | Resultado Lógico |
|---|---|---|
| Verdadeiro | Verdadeiro | **Verdadeiro** ✅ |
| Verdadeiro | Falso | Falso ❌ |
| Falso | Verdadeiro | Falso ❌ |
| Falso | Falso | Falso ❌ |

### Explicação

Conforme o texto recuperado da obra **""Algoritmos Lógica para Desenvolvimento de Programação de Computadores""** (Manzano & Oliveira, 28ª Edição, Editora Érica):

> *""Do ponto de vista filosófico, a lógica de conjunção é a relação lógica entre duas ou mais proposições (entende-se, na esfera da programação, o termo proposição como sendo condição) que geram um resultado lógico verdadeiro quando **todas as proposições forem verdadeiras**.""*

### Base no Grafo de Conhecimento

A resposta se apoia nas seguintes entidades e relações do grafo:

- **Raciocínio lógico** → está diretamente relacionado à **Lógica de Programação** (que é entendida como uma técnica de raciocínio lógico), que por sua vez **define** a estrutura de um **Programa**.
- A obra **""Algoritmos Lógica para Desenvolvimento de Programação de Computadores""** → está relacionada à **Programação de computadores**, onde os operadores lógicos são fundamentais para a construção de tomadas de decisão (simples, compostas, sequenciais e encadeadas).

Em resumo: para que `Condição 1 **e** Condição 2` seja **verdadeiro**, é necessário que **todas as condições envolvidas sejam verdadeiras simultaneamente**. Se qualquer uma delas for falsa, o resultado da conjunção será falso.";3;0.6470588235294118;0.7837079100010474;0.5833333333041666;1.0;4.152084;3451;618;4069
Q023;O que o comando de atribuição faz em um algoritmo?;Fornece um valor a uma variável, armazenando nela o resultado de uma expressão ou uma constante, desde que o tipo desse valor seja compatível com o tipo declarado da variável.;Lógica de programação (André Luiz Villar Forbellone) [Programming Logic];"## O Comando de Atribuição em um Algoritmo

O comando de atribuição pode ser definido, de modo geral, como **uma ação a ser executada** que atribui um valor a um identificador (uma variável). Sua forma geral é:

```
identificador = expressão
```

**Significado:** o resultado da expressão (que pode ser um valor constante, o valor de outra variável, ou o resultado de um cálculo) será **armazenado** no identificador especificado do lado esquerdo do sinal de igualdade.

### Características Fundamentais

1. **O identificador (lado esquerdo):** deve ser o nome de uma variável, ou seja, um local de memória onde será guardado um determinado valor. Não pode ser um número ou constante.

2. **A expressão (lado direito):** pode ser uma constante, o valor de outra variável, ou o resultado de uma expressão aritmética/lógica.

3. **Fim do comando:** a linha de comando geralmente termina com um ponto-e-vírgula (`;`).

### ⚠️ Atenção: Não é igualdade matemática!

Um ponto muito importante destacado no texto: **o sinal de igualdade no comando de atribuição não representa uma igualdade algébrica**. Considere o exemplo:

```
A = A + 1;
```

Na álgebra, essa igualdade não faz sentido, pois não existe valor para `A` tal que `A + 1 = A`. Porém, como comando de atribuição, seu significado é:

1. **Execute** a expressão do lado direito: some 1 ao conteúdo atual da variável `A`;
2. **Armazene** o resultado de volta na variável `A`.

Ou seja, o comando de atribuição é uma **ação sequencial**: primeiro avalia-se a expressão da direita e, em seguida, o resultado é guardado na variável da esquerda.

### Exemplo Prático

```
PI = 3.1416
```

Isso significa que à variável `PI` foi **atribuído** o valor `3.1416`. O identificador `PI` passa a guardar esse valor para uso posterior no algoritmo.

---

### Baseado no Grafo de Conhecimento

Esta resposta se fundamenta nas seguintes entidades e relações do grafo:

- **Algoritmo** — definido por autores como FORBELLONE & EBERSPACHER como ""um conjunto de regras formais para a obtenção de um resultado"" e por SALIBA e BERG & FIGUEIRÓ como ""sequência ordenada de passos"".
- **Dados de entrada → Dados de saída** — relação que mostra que dados de entrada são transformados em dados de saída, processo no qual o comando de atribuição desempenha papel central ao armazenar resultados intermediários e finais.
- **Lógica de Programação** — entendida como uma técnica de raciocínio lógico (relação IS_A com Raciocínio lógico), que define a estrutura de um programa e estabelece os passos executados pelo computador.
- **Programa** — resultado da transformação lógica do problema pelo programador, executado pelo computador.";3;0.6571428571428571;0.8176106666409461;0.9999999999666667;0.0;4.834236;4442;797;5239
Q024;O que deve existir do lado esquerdo do símbolo de atribuição?;Deve haver apenas um único identificador, ou seja, o nome de uma variável, pois é ali que será armazenado o valor calculado no lado direito da expressão.;Lógica de programação (André Luiz Villar Forbellone) [Programming Logic];"## O que deve existir do lado esquerdo do símbolo de atribuição

Do lado esquerdo do símbolo de atribuição deve existir **uma variável** (ou seja, o **destino/alvo** que receberá o valor atribuído). A atribuição é o mecanismo pelo qual o usuário pode mudar dinamicamente as vinculações de valores a variáveis, conforme descrito no livro *Conceitos de Linguagens de Programação* de Robert W. Sebesta.

### Pontos-chave:

1. **Variável como destino**: Em linguagens como **Fortran** e **Ada**, uma atribuição pode aparecer apenas como uma sentença autônoma, e o **destino é restrito a uma única variável**. Ou seja, no lado esquerdo do operador de atribuição deve haver uma variável que receberá o valor do lado direito.

2. **Variações entre linguagens**:
   - Em **ALGOL 60** e **Ada**, o operador de atribuição é `:=`.
   - Em **VisuAlg**, o símbolo de atribuição é uma seta (←).
   - Na maioria das linguagens modernas (como C, Python, Java), utiliza-se o sinal de igualdade `=`.
   
3. **Alvos condicionais (exceção)**: Em algumas linguagens como **Perl**, é possível ter alvos condicionais no lado esquerdo da atribuição. Por exemplo:
   ```
   ($flag ? $count1 : $count2) = 0;
   ```
   Nesse caso, dependendo do valor de `$flag`, a atribuição ocorre em `$count1` ou `$count2`. Isso é equivalente a uma estrutura condicional `if-else`.

### Resumo

| Elemento | Descrição |
|---|---|
| **Lado esquerdo** | Deve conter uma **variável** (o destino/alvo que receberá o valor) |
| **Símbolo de atribuição** | `=`, `:=`, ou `←` dependendo da linguagem |
| **Lado direito** | Pode ser uma expressão, constante ou valor a ser atribuído |

Em essência, o lado esquerdo do símbolo de atribuição deve sempre representar um **local de armazenamento** — normalmente uma **variável** — que será capaz de receber e armazenar o valor resultante da expressão do lado direito.

**Fontes utilizadas:**
- *Conceitos de Linguagens de Programação* (Robert W. Sebesta), páginas 208–209
- *Algoritmos e Programação de Computadores* (Dilermando Junior, Gilberto Nakamiti), página 101";3;0.0;0.9999999999999997;0.0;0.0;6.949929;8598;836;9434
Q025;O que caracteriza a estrutura sequencial de um algoritmo?;É quando o conjunto de ações do algoritmo é executado uma após a outra, em ordem linear de cima para baixo, seguindo exatamente a mesma ordem em que as ações foram escritas.;Lógica de programação (André Luiz Villar Forbellone) [Programming Logic];"## Estrutura Sequencial de um Algoritmo

A **estrutura sequencial** é caracterizada pela execução dos comandos de um algoritmo **um após o outro**, seguindo a ordem em que foram construídos, **sem desvios** de caminho. Em outras palavras, os comandos são executados linearmente, do início ao fim, sem possibilidades de saltar ou repetir trechos do código.

### Características principais

Com base nas fontes recuperadas, podemos destacar os seguintes elementos:

1. **Execução linear e ordenada**: Os comandos que compõem o algoritmo ou programa são executados sequencialmente, na ordem em que foram escritos. Conforme o texto recuperado, *""os comandos que não possibilitam os desvios caracterizam-se como de estrutura sequencial""*.

2. **Tipos de comandos envolvidos**: A estrutura sequencial é composta basicamente por três tipos de comandos:
   - **Comandos de atribuição** — executam operações aritméticas e atribuem valores a variáveis;
   - **Comandos de entrada de dados** — recebem os valores fornecidos ao algoritmo para processamento;
   - **Comandos de saída de dados** — produzem os resultados após o processamento.

3. **Etapas de trabalho do computador**: A estrutura sequencial reflete as três etapas fundamentais de funcionamento de um computador, conforme descrito no material:
   - **Entrada** → **Processamento** → **Saída**
   
   Isso está alinhado com as relações do grafo de conhecimento, onde *Algoritmo --[RELATES_TO]--> Dados de entrada* (o algoritmo toma dados de entrada para processamento) e *Dados de entrada --[RELATES_TO]--> Dados de saída* (dados de entrada são transformados em dados de saída).

4. **Ausência de desvios ou repetições**: Ao contrário das estruturas de decisão (que criam caminhos diferentes conforme condições) e das estruturas de repetição (que repetem trechos do algoritmo), a estrutura sequencial **não possui desvios** — cada comando é executado uma única vez, na ordem estabelecida.

5. **Representação gráfica e textual**: A estrutura sequencial pode ser representada de duas formas:
   - **Graficamente**, por meio de **diagramas de blocos**, seguindo a norma **ISO 5807:1985(E)**, com símbolos terminais indicando *início* e *fim*;
   - **Textualmente**, por meio de uma **linguagem de programação** ou **linguagem de projeto de programa** (português estruturado).

### Analogia didática

O grafo de conhecimento também traz a analogia da **receita culinária**, onde o algoritmo é comparado a uma receita dividida em dois blocos:
- **Bloco ingredientes** → corresponde aos **dados de entrada** (valores e quantidades a serem usados);
- **Bloco modo de preparo** → corresponde ao **programa de ações** com a **sequência de atividades** (processamento e saída).

Na estrutura sequencial, o ""modo de preparo"" é seguido passo a passo, do primeiro ao último, sem pular etapas.

### Resumo

| Aspecto | Descrição |
|---|---|
| **Ordem de execução** | Linear, do início ao fim |
| **Desvios?** | Não — sem desvios condicionais |
| **Repetições?** | Não — cada comando executa uma única vez |
| **Comandos típicos** | Atribuição, entrada e saída de dados |
| **Etapas do computador** | Entrada → Processamento → Saída |
| **Formas de representação** | Diagrama de blocos (ISO 5807) ou português estruturado |

Em essência, a estrutura sequencial é a forma mais simples e fundamental de organização de um algoritmo, onde cada instrução é executada na ordem em que aparece, sem desvios ou repetições.";3;0.5862068965517241;0.8816673241682382;0.9999999999666667;1.0;5.496929;4536;1039;5575
Q026;Como as ações costumam ser separadas dentro da estrutura sequencial de um algoritmo?;"Por convenção, cada ação é separada da seguinte por um ponto e vírgula (;), sinalizando que, uma vez alcançada, o próximo comando da sequência deve ser executado.";Lógica de programação (André Luiz Villar Forbellone) [Programming Logic];"## Separação de Ações na Estrutura Sequencial de um Algoritmo

Dentro da **estrutura sequencial** de um algoritmo, as ações são executadas em uma **sequência linear de cima para baixo e da esquerda para a direita**, ou seja, na mesma ordem em que foram escritas. Para separar uma ação da outra, convenciona-se o uso do **ponto-e-vírgula (`;`)**.

### Detalhes importantes

Conforme o texto recuperado da obra de **Forbellone & Eberspacher** (autores que definem algoritmo como *um conjunto de regras formais para a obtenção de um resultado*), o ponto-e-vírgula tem dois objetivos centrais:

1. **Separar uma ação da outra** — delimitando onde termina uma instrução e onde começa a próxima.
2. **Auxiliar a organização sequencial das ações** — pois, ao encontrar um `;`, deve-se executar o próximo comando da sequência.

### Modelo Geral de um Algoritmo

O **Algoritmo 3.1** apresentado na obra ilustra o modelo básico:

```
início                    // identificação do início do bloco correspondente ao algoritmo
    // declaração de variáveis
    // corpo do algoritmo
    ação 1;
    ação 2;
    ação 3;
    ...
    ação n;
fim.                      // fim do algoritmo
```

### Fundamentação no Grafo de Conhecimento

A resposta se apoia nas seguintes entidades e relações do grafo:

- **Algoritmo** (*Concept*): definido por **Forbellone & Eberspacher** como um *conjunto de regras formais para a obtenção de um resultado*.
- **Saliba** e **Berg & Figueiró**: definem algoritmo como uma *sequência ordenada de passos* — reforçando a natureza sequencial.
- **Lógica de Programação** (*Concept*): entendida como uma técnica de **raciocínio lógico**, que estabelece os passos executados pelo computador.
- **Programa** (*Concept*): resultado da transformação lógica do problema pelo programador, executado na forma de passos pelo **computador**.
- A relação **Algoritmo → Programa** (*CAUSES*): o algoritmo é transformado em programa pelo programador, seguindo as estruturas básicas de controle — **sequenciação, seleção e repetição**.

Em resumo, o **ponto-e-vírgula (`;`)** é a convenção utilizada para separar as ações dentro da estrutura sequencial, garantindo que o fluxo de execução ocorra de forma ordenada e previsível.";3;0.15;0.9542384683104354;0.0;0.0;4.859625;4741;716;5457
Q027;Qual é a ordem de prioridade entre parênteses, operadores aritméticos, operadores relacionais e operadores lógicos em uma expressão?;Primeiro resolvem-se os parênteses mais internos, depois os operadores aritméticos, em seguida os operadores relacionais e, por fim, os operadores lógicos.;Lógica de programação (André Luiz Villar Forbellone) [Programming Logic];"## Ordem de Prioridade entre Operadores em uma Expressão

De acordo com os documentos recuperados, a ordem de prioridade (precedência) entre parênteses, operadores aritméticos, operadores relacionais e operadores lógicos é a seguinte:

| Prioridade | Operador |
|:---:|:---|
| **1ª** | **Parênteses** (do mais interno ao mais externo) |
| **2ª** | **Operadores aritméticos** (`*`, `/` e depois `+`, `-`) |
| **3ª** | **Operadores relacionais** (`>`, `<`, `>=`, `<=`, `=`, `≠`) |
| **4ª** | **Operadores lógicos** (`não`, `e`, `ou`) |

### Detalhamento da precedência

1. **Parênteses** têm a **maior prioridade**. Quando há vários níveis de parênteses aninhados, a avaliação ocorre **do mais interno para o mais externo**.

2. **Operadores aritméticos** vêm em seguida, com sub-prioridade interna:
   - 1ª: multiplicação (`*`) e divisão (`/`)
   - 2ª: adição (`+`) e subtração (`-`)

3. **Operadores relacionais** (`>`, `<`, `>=`, `<=`, `=`, `≠`) são avaliados depois das operações aritméticas.

4. **Operadores lógicos** têm a **menor prioridade**, com sub-prioridade interna:
   - 1ª: `não` (negação)
   - 2ª: `e` (conjunção)
   - 3ª: `ou` (disjunção)

---

### Exemplo prático

Considere a expressão: `A = 1 e (B + C ≠ 0 ou K ≤ 2)`

- Primeiro, avalia-se o que está **dentro dos parênteses**: `B + C ≠ 0 ou K ≤ 2`
- Dentro dos parênteses, as **operações aritméticas** (`B + C`) são resolvidas primeiro.
- Em seguida, os **operadores relacionais** (`≠ 0` e `≤ 2`).
- Por fim, o **operador lógico** `ou`.
- O resultado de dentro dos parênteses é então combinado com `A = 1` pelo operador lógico `e`.

---

### Fontes

Essas informações foram extraídas de três obras recuperadas:

- **Algoritmos e Programação de Computadores** (Dilermando Junior, Gilberto Nakamiti) — apresenta a tabela detalhada de prioridade com subdivisões internas (p. 158).
- **Lógica de Programação** (André Luiz Villar Forbellone) — apresenta a Tabela de Precedência entre todos os operadores na ordem: parênteses → aritméticos → relacionais → lógicos (p. 24).
- **Algoritmos: Lógica para Desenvolvimento de Programação de Computadores** (Manzano & Oliveira) — reforça o uso de parênteses para alterar a ordem de avaliação (p. 63).

> ⚠️ **Observação:** Conforme destacado por Forbellone, essa convenção de precedência não é comum a todas as linguagens de programação, mas foi adotada por ser considerada a mais didática.";3;0.48;0.9186540718090282;0.9999999999;1.0;5.84112;2240;903;3143
Q028;Entre os operadores lógicos não, e e ou, qual tem a maior prioridade na resolução de uma expressão?;"O operador não tem a maior prioridade, seguido pelo e e, por último, pelo ou; essa é a ordem em que são resolvidos quando aparecem juntos em uma mesma expressão lógica.";Lógica de programação (André Luiz Villar Forbellone) [Programming Logic];"## Resposta

Entre os operadores lógicos **não**, **e** e **ou**, o que possui a **maior prioridade** na resolução de uma expressão é o operador **não** (negação).

### Tabela de Precedência dos Operadores Lógicos

| Operador | Operação | Precedência |
|----------|----------------|-------------|
| **.não.** | Negação | **1ª (maior)** |
| **.e.** | Conjunção | 2ª |
| **.ou.** | Disjunção inclusiva | 3ª |

Isso significa que, ao avaliar uma expressão lógica, a ordem de execução segue a seguinte hierarquia:

1. **não** — maior nível de prioridade (avaliado primeiro)
2. **e** — nível médio de prioridade
3. **ou** — baixo nível de prioridade (avaliado por último)

### Exemplo prático

Na expressão lógica:

> `(A = B) .e. .não. (A > 5)`

Primeiro resolve-se `.não. (A > 5)` e, somente depois de obter esse resultado, avalia-se o restante com o operador `.e.`.

Já na expressão:

> `(A = 1) .xou. (A >= 4) .e. (A <= 9)`

Resolve-se primeiro a parte com `.e.` `(A >= 4) .e. (A <= 9)` e depois a parte com `.xou.`, que tem a mesma precedência (baixa) do `.ou.`.

### Observação importante

A fonte também alerta que essa ordem de precedência é a **ordem hierárquica geral**, mas pode **variar em algumas linguagens de programação formais**. Portanto, é importante verificar a precedência específica da linguagem utilizada para evitar efeitos colaterais indesejáveis.

---

**Fonte:** Documento *""Algoritmos — Lógica para desenvolvimento de programação de computadores""*, seção 4.6.5 — Precedência de Uso dos Operadores Lógicos (página 63).";3;0.9375;0.8785253594911304;0.99999999995;1.0;4.209433;2223;594;2817
Q029;Quais são os tipos de dados numéricos usados em Python e qual é a diferença entre eles?;"Python trabalha com números inteiros (int), que não têm parte decimal, e números de ponto flutuante (float), que têm parte decimal; mesmo um valor como 1.0, com zero na casa decimal, já é considerado de ponto flutuante.";Introdução à programação com Python (Nilo Ney Coutinho Menezes) [Introduction to Programming with Python];"## Tipos de Dados Numéricos em Python

Com base nas informações recuperadas do grafo de conhecimento e dos textos consultados, Python suporta **três tipos principais de dados numéricos**: **inteiros (`int`)**, **ponto flutuante (`float`)** e **complexos (`complex`)**. Abaixo estão as diferenças entre eles:

---

### 1. 🔢 Inteiros (`int`)
- Representam números **sem parte fracionária** (ex.: `1`, `-5`, `1000`).
- Python utiliza um sistema de **precisão ilimitada** para inteiros, o que significa que você pode representar números **muito grandes** sem problemas de armazenamento.
- É possível calcular valores como `2 ** 1000000` (um número com mais de 301.030 dígitos) diretamente, sem perda de representação.
- **Vantagem principal:** não há limite prático para o tamanho dos números inteiros representáveis.

> 📌 *Fonte: ""Introdução à Programação com Python"" — Nilo Ney Coutinho Menezes, p. 4.*

---

### 2. 💧 Ponto Flutuante (`float`)
- Representam números **com parte fracionária/decimal** (ex.: `3.14`, `-0.001`, `1.0`).
- A representação é feita utilizando uma **mantissa** e um **expoente** (formato: `sinal × mantissa × base^expoente`), seguindo o padrão **IEEE 754**.
- Ao contrário dos inteiros, os números de ponto flutuante **têm limite de precisão e faixa**, ou seja, existe um número máximo de dígitos (tanto na mantissa quanto no expoente) que limita quais números podem ser representados.
- **Precisão** refere-se à exatidão da parte fracionária (número de bits), enquanto **faixa** combina a faixa de frações e expoentes.
- Há também o tipo `double` (precisão dupla), que ocupa o dobro de armazenamento e fornece ao menos o dobro de bits de fração em comparação com `float`.

> 📌 *Fonte: ""Conceitos de Linguagens de Programação"" — Robert W. Sebesta, p. 128–129.*

---

### 3. 🧮 Complexos (`complex`)
- Representam **números complexos**, ou seja, números compostos por uma **parte real** e uma **parte imaginária**.
- São representados como **pares ordenados de valores de ponto flutuante**.
- Em Python, a parte imaginária de um literal complexo é especificada com o sufixo `j` ou `J`, por exemplo:
  ```python
  z = 7 + 3j
  ```
- Python inclui operações aritméticas para valores complexos de forma nativa.
- O tipo complexo também é suportado por outras linguagens como **Fortran**.

> 📌 *Fonte: ""Conceitos de Linguagens de Programação"" — Robert W. Sebesta, p. 129.*

---

### 📊 Resumo Comparativo

| Característica | `int` (Inteiro) | `float` (Ponto Flutuante) | `complex` (Complexo) |
|---|---|---|---|
| **Exemplo** | `42`, `-7` | `3.14`, `-0.001` | `7 + 3j` |
| **Parte fracionária** | ❌ Não | ✅ Sim | ✅ (parte real e imaginária) |
| **Precisão** | Ilimitada | Limitada (IEEE 754) | Baseada em floats |
| **Limite de tamanho** | Sem limite prático | Sim, há limites de faixa | Sim, herda os do float |
| **Uso típico** | Contagem, índices | Cálculos científicos, medidas | Matemática complexa, engenharia |

### ⚠️ Observação sobre o tipo `Decimal`
Algumas linguagens (como C# e COBOL) possuem um tipo **Decimal** que armazena um número fixo de dígitos decimais com ponto decimal em posição fixa. Esse tipo é vantajoso para **aplicações de negócios**, pois consegue armazenar precisamente valores decimais dentro de uma faixa restrita — algo que o `float` não consegue fazer perfeitamente devido à representação binária. Em Python, o módulo `decimal` oferece essa funcionalidade.

> 📌 *Fonte: ""Conceitos de Linguagens de Programação"" — Robert W. Sebesta, p. 129.*

---

Em resumo, a principal diferença entre os tipos numéricos em Python está na **natureza dos números** que cada um representa (inteiros vs. decimais vs. complexos) e na **precisão** oferecida: inteiros têm precisão ilimitada, floats têm precisão limitada pelo padrão IEEE 754, e complexos combinam dois floats para representar números complexos.";3;0.3;0.9310421468495056;0.5833333333041666;1.0;6.947181;2396;1255;3651
Q030;Como Python representa os valores lógicos (booleanos)?;Ele usa o tipo lógico, também chamado de booleano, escrevendo True para representar verdadeiro e False para representar falso, sempre com a primeira letra maiúscula.;Introdução à programação com Python (Nilo Ney Coutinho Menezes) [Introduction to Programming with Python];"## Representação de Valores Lógicos (Booleanos) em Python

Com base no livro **""Introdução à Programação com Python""** de Nilo Ney Coutinho Menezes, aqui está como Python representa os valores lógicos:

### 📌 Valores Booleanos

Em Python, os valores lógicos (booleanos) são representados por duas palavras-chave:

- **`True`** → representa **verdadeiro**
- **`False`** → representa **falso**

⚠️ **Atenção importante:** As letras **T** e **F** devem ser escritas com **letras maiúsculas**. Escrever `true` ou `false` (minúsculas) gera erro, pois Python diferencia maiúsculas de minúsculas.

### 📝 Exemplo de uso

```python
resultado = True
aprovado = False
```

### 🔗 Operadores Relacionais

Os valores booleanos podem ser produzidos por comparações usando operadores relacionais:

| Operador Python | Operação | Símbolo matemático |
|---|---|---|
| `==` | Igualdade | `=` |
| `>` | Maior que | `>` |
| `<` | Menor que | `<` |
| `!=` | Diferente | `≠` |
| `>=` | Maior ou igual | `≥` |

### 🔗 Operadores Lógicos

Python também oferece operadores lógicos para combinar valores booleanos:

| Operador Python | Operação | Tipo |
|---|---|---|
| `not` | Não (negação) | Unário (1 operando) |
| `and` | E (conjunção) | Binário (2 operandos) |
| `or` | Ou (disjunção) | Binário (2 operandos) |

### 📋 Exemplos de operações lógicas

```python
>>> not True
False
>>> True or False
True
>>> False or False
False
```

### 🔄 Ordem de avaliação em expressões lógicas

Quando há mais de um operador lógico em uma expressão, a ordem de avaliação é:

1. **`not`** (não) — avaliado primeiro
2. **`and`** (e) — avaliado em seguida
3. **`or`** (ou) — avaliado por último

---

**Fonte:** Conteúdo recuperado do livro *""Introdução à Programação com Python: Algoritmos e Lógica de Programação para Iniciantes""* (Nilo Ney Coutinho Menezes), capítulo 3 — *Variáveis e Entrada de Dados*, seção 3.3 *Variáveis do tipo Lógico*.";3;0.72;0.8642271989733317;0.9999999999666667;1.0;4.16025;2270;714;2984
Q031;Como funciona a estrutura condicional simples (se-então) e quando o comando associado a ela é de fato executado?;"Na estrutura condicional simples, um comando (ou bloco de comandos) só é executado quando a condição testada é verdadeira; se a condição for falsa, a estrutura termina sem executar nada. Quando mais de um comando depende da condição, esse conjunto deve ser delimitado por marcadores de início/fim de bloco (como início/fim), o que não é necessário quando há apenas um comando.";Lógica de programação (André Luiz Villar Forbellone) [Programming Logic];"## Estrutura Condicional Simples (SE-ENTÃO)

A **estrutura condicional simples** é uma das formas mais fundamentais de controle de fluxo em algoritmos e programação. Com base nos documentos recuperados, aqui está uma explicação detalhada:

---

### 📌 Sintaxe Geral

A estrutura básica é a seguinte:

```
SE condição
ENTÃO comando
```

Ou, em linguagens como **PASCAL**:

```pascal
if <condição> then
     comando;
```

---

### 🔑 Quando o comando é executado?

O comando associado à estrutura condicional simples **só será executado se a condição for verdadeira**. Uma **condição** é uma comparação (expressão lógica) que possui apenas **dois valores possíveis**:

- **Verdadeiro** → o comando é executado.
- **Falso** → o comando **não** é executado, e o controle passa para o **próximo comando após o fim da estrutura condicional**.

---

### 📋 Execução de múltiplos comandos

Quando há necessidade de executar **dois ou mais comandos** sob a mesma condição, é preciso delimitar o bloco com as palavras-chave **INÍCIO** e **FIM** (ou `begin` e `end` em PASCAL):

```
SE condição
ENTÃO INÍCIO
     comando1
     comando2
     comando3
FIM
```

Nesse caso, os comandos 1, 2 e 3 **só serão executados se a condição for verdadeira**. As palavras INÍCIO e FIM são necessárias **apenas quando dois ou mais comandos** forem executados.

---

### 💡 Exemplo prático (em PASCAL)

```pascal
if x > 0 then
     writeln('x é positivo');
```

Se `x` for maior que zero, a mensagem será impressa. Caso contrário, o programa simplesmente segue para o próximo comando.

Exemplo com múltiplos comandos e conectores lógicos:

```pascal
if (x > 0) and (y > 0) then begin
     writeln('x é positivo');
     writeln('y é positivo');
end;
```

---

### ⚙️ Observações importantes

| Aspecto | Detalhe |
|---|---|
| **Condição** | É uma expressão lógica (verdadeiro/falso). |
| **Parênteses** | Não são obrigatórios, mas usados quando a condição envolve conectores lógicos (ex: `and`, `or`). |
| **Ponto-e-vírgula** | A linha do comando condicional simples **não possui ponto-e-vírgula** (em PASCAL, o `;` vai após o comando, não após o `then`). |
| **Condição falsa** | O comando é simplesmente **ignorado** e o fluxo continua para a próxima instrução. |

---

### Resumo

> A estrutura condicional simples avalia uma **condição** (expressão lógica). Se essa condição for **verdadeira**, o(s) comando(s) associado(s) ao `ENTÃO`/`then` é(são) executado(s). Se for **falsa**, o programa **pula** esses comandos e segue para a próxima instrução. É importante usar delimitadores de bloco (`INÍCIO/FIM` ou `begin/end`) quando há mais de um comando a ser executado.

**Fontes consultadas:**
- *Fundamentos da Programação de Computadores* (Ana Fernanda Gomes Ascencio et al.), Capítulo 4 – Estrutura Condicional.
- *Algoritmos e Programação de Computadores* (Dilermando Junior, Gilberto Nakamiti), Capítulo 6 – Estrutura condicional simples e composta.";3;0.5;0.7512435597476196;0.9999999999666667;1.0;5.767213;2266;993;3259
Q032;Qual é a diferença entre a estrutura condicional simples e a composta?;"Na estrutura simples há apenas um desvio (então), que executa uma ação somente quando a condição é verdadeira, não fazendo nada se ela for falsa. Na estrutura composta há dois desvios, então e senão: se a condição for verdadeira, o bloco do então é executado; se for falsa, o bloco do senão é executado, garantindo que alguma ação seja sempre tomada.";Fundamentos da programação de computadores (Ana Fernanda Gomes Ascencio et al.) [Fundamentals of Computer Programming];"## Diferença entre Estrutura Condicional Simples e Composta

Com base no documento **""Algoritmos e Programação de Computadores""** (Dilermando Junior & Gilberto Nakamiti), a diferença fundamental entre as duas estruturas é a seguinte:

---

### 🔹 Estrutura Condicional **Simples**

A estrutura condicional simples avalia uma condição lógica e, **se for verdadeira**, executa um comando (ou bloco de comandos). **Se for falsa, nada é executado** — o programa simplesmente segue para o próximo comando.

**Formato geral:**
```
if (condição)
     comando1;
```

**Exemplo:**
```c
if (x >= 0)
    printf(""x e positivo"");
```

> Neste caso, se `x` for maior ou igual a zero, a mensagem é impressa. Caso contrário, o programa ignora o comando e continua.

---

### 🔹 Estrutura Condicional **Composta**

A estrutura condicional composta também avalia uma condição lógica, mas oferece **dois caminhos distintos**: um para quando a condição é **verdadeira** e outro para quando é **falsa**. A palavra-chave adicional é o **`else`** (""senão"").

**Formato geral:**
```
if (condição)
     comando1;
else
     comando2;
```

**Análise do comportamento:**
- A **condição** é uma expressão lógica;
- Se for **verdadeira** → executa `comando1`;
- Se for **falsa** → executa `comando2`;
- Somente após executar **um dos dois comandos**, o controle passa para o próximo comando após a estrutura condicional.

**Exemplo:**
```c
if (x >= 0 && y >= 0)
{
    printf(""x e zero ou positivo"");
    printf(""y e zero ou positivo"");
}
```

---

### 📌 Resumo da Diferença

| Característica | Condicional **Simples** | Condicional **Composta** |
|---|---|---|
| **Palavra-chave** | `if` | `if` + `else` |
| **Ação se verdadeiro** | Executa o comando | Executa `comando1` |
| **Ação se falso** | **Nada é executado** | Executa `comando2` |
| **Número de caminhos** | 1 (apenas se verdadeiro) | 2 (verdadeiro **ou** falso) |

### 🧠 Analogia do próprio material

O livro traz um exemplo didático:

> *""Se chover, eu vou à escola de ônibus, senão vou caminhando.""*

Esta frase representa uma **condicional composta**, pois define um comportamento tanto para o ""sim"" (chover → ônibus) quanto para o ""não"" (não chover → caminhando). Já uma **condicional simples** seria apenas: *""Se chover, eu vou de ônibus""* — sem especificar o que fazer caso não chova.

---

**Fonte:** Documento *""Algoritmos e Programação de Computadores""* (Dilermando Junior, Gilberto Nakamiti), capítulo **""Estrutura condicional simples e composta""**, páginas 146 e 158.";3;0.375;0.9044197737823182;0.3333333333;0.0;5.723259;2095;840;2935
Q033;Em uma seleção composta, o que acontece se o resultado da condição for falso?;Quando o resultado da condição avaliada é falso, o algoritmo desvia para o bloco associado à cláusula senão, executando a sequência de comandos (ou a ação única) prevista para esse caso, em vez do bloco associado ao então, que só é executado quando a condição é verdadeira.;Lógica de programação (André Luiz Villar Forbellone) [Programming Logic];"## Resultado de uma condição falsa em uma seleção composta

Com base nos documentos recuperados, quando o resultado da condição em uma seleção composta é **falso**, a execução é desviada para a **cláusula `else`** (ou bloco correspondente à condição falsa).

### Estrutura geral

A estrutura básica de uma seleção composta é:

```
if B then S1 else S2
```

- **Se a condição `B` for verdadeira** → executa `S1` (cláusula `then`)
- **Se a condição `B` for falsa** → executa `S2` (cláusula `else`)

### Fundamentação lógica (Axiomática de Hoare)

Segundo o livro **Conceitos de Linguagens de Programação** (Robert W. Sebesta), a regra de inferência para seleção com cláusula `else` é:

```
{B and P} S1 {Q}
{(not B) and P} S2 {Q}
─────────────────────────
{P} if B then S1 else S2 {Q}
```

Essa regra indica que **as sentenças de seleção devem ser provadas tanto se a expressão booleana de controle for verdadeira quanto se for falsa**. A parte correspondente à condição falsa é representada por **`(not B) and P`**, que antecede `S2` — a ação executada no bloco `else`.

### Exemplo prático

```
if x > 0 then
    y = y – 1
else
    y = y + 1
```

- Se `x > 0` for **verdadeiro** → `y = y - 1`
- Se `x > 0` for **falso** → `y = y + 1`

### Em estruturas de tomada de decisão sequencial

O livro **Algoritmos — Lógica para Desenvolvimento de Programação de Computadores** (Manzano & Oliveira) ilustra a estrutura de tomada de decisão sequencial com ações separadas para **""Condição verdadeira""** e **""Condição falsa""**. Quando uma condição é avaliada como falsa, o fluxo é desviado para a **ação correspondente à condição falsa**, e em seguida o programa segue para a próxima verificação (se houver) ou encerra a estrutura de seleção.

### Em seleções encadeadas heterogêneas

Conforme o livro **Lógica de Programação** (Forbellone), quando múltiplas seleções são encadeadas e a condição de um nível é falsa, o fluxo pode ser desviado para uma nova seleção interna no bloco `else`, criando uma estrutura encadeada onde cada condição falsa abre caminho para a próxima verificação.

### Resumo

| Condição | O que acontece |
|---|---|
| **Verdadeira** | Executa o bloco `then` (S1) |
| **Falsa** | Executa o bloco `else` (S2) ou desvia para a próxima estrutura de seleção, se encadeada |

Em suma, **quando o resultado da condição é falso em uma seleção composta, o fluxo de execução é desviado para o bloco `else`**, que contém as instruções alternativas a serem executadas nesse caso.";3;0.9166666666666666;0.7703000818787032;0.99999999995;1.0;6.1136;1948;1079;3027
Q034;O que caracteriza uma estrutura condicional encadeada (senão-se) e por que ela é chamada de heterogênea quando não há um padrão de construção identificável?;Uma estrutura encadeada surge quando várias seleções são agrupadas em sequência, geralmente porque uma ação só deve ocorrer se um amplo conjunto de possibilidades ou combinações de condições for satisfeito, testando uma nova condição dentro da cláusula senão da anterior. Quando essas seleções encadeadas não seguem um padrão lógico de construção identificável, a estrutura é chamada de estrutura encadeada heterogênea.;Lógica de programação (André Luiz Villar Forbellone) [Programming Logic];"# Estrutura Condicional Encadeada: Caracterização e a Classificação Heterogênea

> **Nota metodológica:** A consulta ao grafo de conhecimento (`retrieve_graph_context`) não retornou entidades ou relações relevantes para este tópico. A resposta abaixo baseia-se integralmente nos trechos textuais recuperados por similaridade semântica, principalmente do livro *Lógica de Programação* (Forbellone), capítulo sobre estruturas de seleção.

## 1. O que caracteriza uma estrutura condicional encadeada

Uma **estrutura de seleção encadeada** é aquela em que uma estrutura de seleção é inserida dentro de outra — seja no bloco **então**, seja no bloco **senão** de uma seleção anterior. Segundo o material recuperado:

> ""Podemos construir uma estrutura de seleção de diversas formas, sendo que, ao encadearmos várias seleções, as diferentes possibilidades de construção tendem a um número elevado.""

Ou seja, a característica essencial é o **aninhamento** (encadeamento) de testes condicionais, permitindo avaliar múltiplas condições em sequência hierárquica. Quando encadeada, a estrutura **pode ser homogênea ou heterogênea** — essa é a classificação fundamental do material.

## 2. O padrão ""senão-se"" (se-senão-se)

Vale destacar uma nuance importante da pergunta: a estrutura típica **se-senão-se** descrita no material é, na verdade, classificada como **homogênea**, pois segue um padrão rígido e identificável:

> ""Essa construção segue um padrão: **após cada senão existe outro comando se**, e depois do então existe uma ação qualquer (que não seja outra seleção), compondo uma estrutura típica que denominamos **se-senão-se**. Por constituir um encadeamento homogêneo, pode ser simplificado, e para tal utilizaremos uma nova estrutura, a seleção de múltipla escolha.""

Nesse padrão, os testes **terminam depois de encontrada a primeira condição verdadeira** — se o valor de X for igual a V2, por exemplo, apenas dois testes são executados antes do comando correspondente ser disparado. Como segue um padrão, pode ser simplificada em estruturas de múltipla escolha (como `switch`/`case` em C/C++ ou `escolha`/`caso` em VisuAlg, conforme o material de Ascencio e de Nakamiti).

O material cita ainda outro padrão homogêneo, o **""se então se""**, em que ""após cada então existe outro se, não existem senões"" — equivalente a um `se` com condições ligadas por **e** (conjunção lógica).

## 3. Por que a estrutura é chamada de **heterogênea**

A definição explícita do material é:

> ""**Quando não conseguimos identificar um padrão lógico de construção em uma estrutura de seleção encadeada, dizemos que ela é uma estrutura de seleção encadeada heterogênea.**""

A razão dessa nomenclatura está na etimologia e na lógica da classificação:

- **""Heterogênea""** significa *de naturezas diferentes, sem uniformidade*. No caso, cada nível do encadeamento combina elementos de forma diferente: um bloco **então** pode conter outra seleção completa, um bloco **senão** pode conter comandos simples, outro **senão** pode conter um novo encadeamento — sem que a posição de `se`, `então`, `senão` e dos comandos obedeça a qualquer regularidade.
- Como as possibilidades de encadeamento ""tendem a um número elevado"", quando o programador mistura livremente seleções dentro de seleções (dentro de ambos os blocos), o resultado é uma construção **única e particular ao problema**, sem forma generalizável — daí a impossibilidade de simplificação em estruturas como a múltipla escolha, ao contrário do que ocorre com as homogêneas.

## Resumo comparativo

| Característica | Homogênea (ex.: se-senão-se) | Heterogênea |
|---|---|---|
| Padrão lógico | Identificável e rígido | Não identificável |
| Posição dos elementos | Regular (após cada `senão` vem um `se`; após `então`, uma ação) | Arbitrária, mista |
| Simplificação | Possível → múltipla escolha | Não há simplificação geral; caso a caso |
| Frequência | ""Muito comum"" (por isso se criou a múltipla escolha) | Construção particular de cada problema |

**Fontes textuais embasadoras:** Forbellone, *Lógica de Programação*, pp. 37, 40, 42 e 67 (chunks 83, 87, 88, 91, 151); Ascencio, *Fundamentos da Programação de Computadores*, pp. 41-45 (estruturas condicionais compostas e `switch/case`); Nakamiti, *Algoritmos e Programação de Computadores*, p. 167+ (condicionais aninhadas e seleção de casos).";3;0.12;0.8644291032636918;0.49999999995;0.5;49.019973;21748;2391;24139
Q035;Como um algoritmo pode usar comandos condicionais aninhados (um se dentro de outro) para refinar uma decisão já tomada, como na classificação da nota de aprovação de um aluno em faixas?;"Um comando condicional aninhado é um se colocado dentro do bloco verdadeiro (ou falso) de outro se, permitindo que uma segunda decisão seja avaliada somente depois de a primeira condição já ter sido confirmada. No exemplo da média de um aluno, verifica-se primeiro se o aluno foi aprovado (média maior ou igual a 5); só então, dentro desse bloco, novos comandos verificam a faixa exata da média para escrever se a aprovação foi com louvor, mérito ou distinção, e cada se aninhado precisa de seu próprio marcador de fechamento correspondente.";Algoritmos e Programação de Computadores (Dilermando Junior, Gilberto Nakamiti) [Algorithms and Computer Programming];"## Fundamentação conceitual (grafo de conhecimento)

Segundo o grafo, o **Algoritmo** é definido por autores como **Berg & Figueiró (1998)** e **Saliba (1992)** como uma *sequência ordenada de passos para realizar uma tarefa*, e — na relação `Algoritmo --[RELATES_TO]--> Dados de entrada` e `Algoritmo --[CAUSES]--> Dados de saída` — ele **toma dados de entrada e os transforma em dados de saída**. A escolha de *quais* passos executar em cada caso é justamente o papel da **Lógica de Programação** (`Algoritmo --[RELATES_TO]--> Lógica de Programação`), que por sua vez aplica o **Raciocínio Lógico**. Os **Diagramas de Blocos** (`Diagramas de Blocos --[RELATES_TO]--> Algoritmo`) são a forma gráfica de representar esses desvios.

## Como o aninhamento refina a decisão

O material textual do livro *Algoritmos e Programação de Computadores* (Dilermando Junior & Nakamiti) confirma explicitamente que um comando condicional ""pode conter **um comando condicional dentro de outro comando condicional**"" (p. 149), dedicando um capítulo inteiro às ""estruturas condicionais **aninhadas**"" (p. 167).

A ideia central do refinamento é:

1. **Decisão externa (grossa):** o primeiro `SE` estabelece uma classificação ampla — por exemplo, ""o aluno foi aprovado ou não?"".
2. **Decisão interna (fina):** dentro de cada ramo, um novo `SE` é avaliado **apenas se aquele ramo foi alcançado**, subdividindo-o em faixas mais estreitas.
3. **Vantagem:** as condições internas ficam mais simples, pois já ""herdam"" o contexto do ramo externo (se já sei que a média é < 7, dentro do ramo só preciso testar se ela é ≥ 5).

## Exemplo prático: nota em faixas

Os dois livros da base oferecem exatamente esse cenário. O *Forbellone* (p. 116) classifica: **aprovado (média ≥ 7), em recuperação (7 > média ≥ 5), reprovado (média < 5)**. A *Ascencio* (p. 61) estende a faixas de conceito (A a E). Um algoritmo com aninhamento:

```
SE media >= 7 ENTÃO
    // Decisão já tomada: aluno aprovado. Refina a faixa:
    SE media >= 9 ENTÃO
        ESCREVA ""Aprovado com distinção""
    SENÃO
        ESCREVA ""Aprovado""
    FIM_SE
SENÃO
    // Decisão já tomada: aluno não aprovado. Refina a faixa:
    SE media >= 5 ENTÃO
        ESCREVA ""Em recuperação""
    SENÃO
        ESCREVA ""Reprovado""
    FIM_SE
FIM_SE
```

| Faixa | Classificação | Como foi alcançada |
|---|---|---|
| média ≥ 9 | Aprovado com distinção | SE externo (≥7) + SE interno (≥9) |
| 7 ≤ média < 9 | Aprovado | SE externo + SENÃO interno |
| 5 ≤ média < 7 | Em recuperação | SENÃO externo + SE interno |
| média < 5 | Reprovado | SENÃO externo + SENÃO interno |

Note que o `SE media >= 5` **só é avaliado quando a primeira decisão (media ≥ 7) já falhou** — por isso ele ""refina"" a decisão anterior em vez de repeti-la, sem precisar escrever `media < 7 E media >= 5`.

## Ressalva importante

O próprio livro adverte (p. 167): *""a combinação de vários desvios causados pelas condições em programação pode não produzir o resultado esperado. É necessário estar atento às especificidades do problema""* — ou seja, é preciso cuidado com o emparelhamento correto de cada `SE` com seu `SENÃO` correspondente e com os limites das faixas.

**Embasamento:** entidades do grafo — *Algoritmo*, *Dados de entrada*, *Dados de saída*, *Lógica de Programação*, *Raciocínio Lógico*, *Diagramas de Blocos* e as definições de *Berg*, *Figueiró*, *Saliba* e *FORBELLONE & EBERSPACHER, 2000*; trechos textuais — Forbellone (p. 116), Ascencio (p. 61), Dilermando Junior & Nakamiti (p. 149 e 167).";3;0.0;0.7219296232253173;0.9999999999;0.6666666666666666;18.138945;10831;3245;14076
Q036;Como a estrutura de repetição com pré-teste (enquanto) controla quantas vezes um trecho do algoritmo será executado?;A estrutura enquanto verifica a condição antes de cada execução do bloco de comandos, repetindo-o somente enquanto essa condição permanecer verdadeira. Por causa disso, se a condição já for falsa na primeira verificação, o bloco pode não ser executado nenhuma vez, o que é a principal característica desse tipo de repetição.;Lógica de programação (André Luiz Villar Forbellone) [Programming Logic];"# Como a estrutura de repetição com pré-teste (""enquanto"") controla o número de execuções

## Princípio fundamental: avaliação da condição antes do corpo do laço

A estrutura **ENQUANTO** (com teste no início, chamada de pré-teste) controla a repetição por meio da **análise de uma condição que é verificada ANTES de cada execução do trecho do algoritmo**. Conforme a literatura consultada (Ascencio & Campos, *Fundamentos da Programação de Computadores*, cap. 5; Forbellone & Eberspächer, *Lógica de Programação*):

> ""Essa estrutura baseia-se na análise de uma condição. A repetição será feita **enquanto a condição se mostrar verdadeira**."" (Ascencio, seção 5.1.2)

> ""Para realizar a repetição com teste no início, utilizamos a estrutura **enquanto**, que permite que um bloco ou uma ação primitiva seja repetida enquanto uma determinada \<condição\> for verdadeira."" (Forbellone, p. 47)

### Formato geral

```
enquanto <condição> faça
    C1;
    C2;
    ...
    Cn;
fimenquanto;
```

## Mecanismo de controle passo a passo

O controle do número de execuções funciona da seguinte forma:

1. **A condição é avaliada primeiro** — antes de qualquer comando do corpo ser executado;
2. **Se a condição for verdadeira (V)** → os comandos internos são executados uma vez, e o fluxo **retorna ao início** para reavaliar a condição;
3. **Se a condição for falsa (F)** → o laço é **interrompido imediatamente** e a execução segue para o comando após o `fimenquanto`;
4. O ciclo ""avalia → executa → volta"" se repete até a condição se tornar falsa.

## Consequências importantes desse mecanismo

### 1. Condição falsa logo na primeira verificação = zero execuções
Como o teste ocorre no início, **""existe a possibilidade da repetição não ser executada quando a condição assumir o valor falso logo na primeira verificação""** (Ascencio, seção 5.2.2 sobre a estrutura WHILE). Isso é a principal diferença em relação à estrutura REPITA (pós-teste), que executa os comandos **pelo menos uma vez**.

### 2. Necessidade de ""preparar"" a condição antes do laço
Como o teste vem primeiro, é preciso **inicializar a(s) variável(eis) da condição antes da estrutura** — caso contrário, a primeira avaliação pode já ser falsa e o bloco nunca executar.

### 3. Necessidade de um mecanismo interno que leve à condição de parada
Dentro do corpo do laço deve existir um comando que **modifique as variáveis da condição** (ex.: contador sendo incrementado/decrementado, leitura de um novo dado), para que, em algum momento, a condição se torne falsa. Sem isso, ocorreria o **laço infinito**.

## Exemplo concreto do funcionamento (baseado no livro da Ascencio)

```
X ← 1                       // inicialização (prepara a condição)
Y ← 10
enquanto Y > X faça          // condição testada ANTES de cada execução
    escreval(""Valor de Y = "", Y)
    Y ← Y - 2               // decremento que levará à parada
fimenquanto
```

**Simulação do controle:**

| Avaliação da condição (Y > X) | Valor de Y | Resultado | Execuções acumuladas |
|:---:|:---:|:---|:---:|
| 10 > 1 → V | 10→8 | Executa o bloco | 1 |
| 8 > 1 → V | 8→6 | Executa o bloco | 2 |
| 6 > 1 → V | 6→4 | Executa o bloco | 3 |
| 4 > 1 → V | 4→2 | Executa o bloco | 4 |
| 2 > 1 → V | 2→0 | Executa o bloco | 5 |
| **0 > 1 → F** | 0 | **Interrompe a repetição** | — |

O teste condicional avaliou Y valendo 10, 8, 6, 4, 2 e 0 — os comandos internos foram executados **cinco vezes**, e o valor 0 (que torna a condição falsa) foi o que **interrompeu o laço**.

## Síntese

A estrutura ""enquanto"" **não controla a repetição por contagem direta** (como o PARA), mas sim **por condição**: o número de execuções é, implicitamente, ""quantas vezes a condição continuar verdadeira"". Ela é ideal quando **não se sabe de antemão quantas repetições serão necessárias** — ""embora também possa ser utilizada quando se conhece esse número"" (Ascencio, seção 5.1.2). O controle, portanto, reside em três pontos: **(1)** inicialização prévia da(s) variável(eis) de controle, **(2)** avaliação da condição no início de cada iteração e **(3)** modificação das variáveis dentro do corpo, garantindo que a condição eventualmente se torne falsa.

---
**Fontes consultadas:** *Fundamentos da Programação de Computadores* (Ascencio & Campos), seções 5.1.2 e 5.2.2, e *Lógica de Programação* (Forbellone & Eberspächer), p. 47. *(Nota: o grafo de conhecimento não retornou entidades estruturadas para esta consulta; a resposta foi elaborada integralmente a partir dos trechos textuais recuperados.)*";3;0.2;0.9188724804000952;0.9999999999666667;0.5;50.135233;11916;2419;14335
Q037;Em uma estrutura enquanto, o que é preciso fazer para controlar o número de repetições, já que essa estrutura não oferece esse recurso por si só?;Como a estrutura enquanto, sozinha, não sabe quantas vezes já repetiu, é necessário criar um contador: uma variável com um valor inicial definido, que é incrementada a cada repetição, e usar essa variável na condição de parada do laço, por exemplo repetindo enquanto o contador for menor que o número desejado de execuções.;Lógica de programação (André Luiz Villar Forbellone) [Programming Logic];"Com base na pesquisa realizada no contexto vetricular (o grafo de conhecimento não retornou entidades relevantes para esta consulta), posso responder com fundamento nos trechos dos livros da biblioteca, especialmente do livro **""Algoritmos: Lógica para Desenvolvimento de Programação de Computadores""** (Manzano e Oliveira) e do **""Fundamentos da Programação de Computadores""** (Ascencio).

## Resposta

Como a estrutura **ENQUANTO** ""baseia-se na análise de uma condição, sendo a repetição feita enquanto a condição se mostrar verdadeira"" (Ascencio, p. 97, seção 5.1.2), ela não possui um mecanismo automático de controle de repetições — ao contrário da estrutura **PARA**, que inicializa, testa e incrementa a variável de controle automaticamente a cada iteração (Dilermando Junior, p. 207).

Portanto, para controlar o número de repetições na estrutura ENQUANTO, o **programador deve fazer manualmente três coisas** (conforme o passo a passo do livro da Manzano e Oliveira, p. 80):

1. **Criar e inicializar uma variável de controle (contador)** antes do laço, com um valor inicial — por exemplo: *""Criar uma variável de controle para servir como contador com valor inicial 1""*;

2. **Incluir essa variável na condição** de parada do ENQUANTO — por exemplo: *""Enquanto o valor da variável contador for menor ou igual a 5, executar os comandos; caso contrário, desviar a execução para o fim""*;

3. **Incrementar (ou decrementar) a variável de controle dentro do corpo do laço** — por exemplo: *""Acrescentar o valor 1 ao valor existente da variável de controle""*, antes de retornar ao teste da condição.

## Ilustração

```
CONT ← 1                     // 1) inicialização manual do contador
enquanto (CONT <= 5) faça    // 2) variável presente na condição
    início
        // ... comandos a repetir ...
        CONT ← CONT + 1      // 3) incremento manual dentro do laço
    fim
fim_enquanto
```

## Por que isso é essencial

Se o programador **esquecer de incrementar a variável de controle** dentro do laço (ou de alterar qualquer variável que compõe a condição), a condição permanecerá sempre verdadeira e o programa ficará preso em um **laço infinito**. Na estrutura PARA esse problema não existe, pois o incremento ocorre automaticamente ""após cada repetição da sequência de comandos"" (Dilermando Junior, p. 207) — recurso que a estrutura ENQUANTO, por si só, não oferece.";3;0.03571428571428571;0.7445235368792673;0.0;0.0;30.394945;53354;2797;56151
Q038;Como funciona a estrutura de repetição para (com variável de controle) e o que a diferencia das outras estruturas de repetição?;A estrutura para repete um bloco de comandos um número predeterminado de vezes, usando uma variável de controle que recebe um valor inicial, é comparada a um valor final e é incrementada por um passo definido a cada execução. Diferentemente do enquanto e do repita, ela não depende de uma condição lógica avaliada a cada passagem, mas sim de limites fixos estabelecidos antes de o laço começar.;Lógica de programação (André Luiz Villar Forbellone) [Programming Logic];"# A estrutura de repetição `para` (com variável de controle)

## Como funciona

A estrutura `para` é um **laço controlado por contador**. Seu formato geral (conforme o livro *Fundamentos da Programação de Computadores*, Ascencio & Campos, p. 83-84) é:

```
PARA I ← valor_inicial ATÉ valor_final [PASSO n] FAÇA
   INÍCIO
      comando1
      comando2
      ...
   FIM
FIMPARA
```

A análise de seus componentes (segundo *Algoritmos e Programação de Computadores*, Dilermando Junior & Nakamiti, p. 201) é a seguinte:

- **`para`, `de`, `até`, `passo`, `faça` e `fimpara`**: palavras-chave do comando;
- **Variável de controle**: deve ser do tipo **inteiro**. Ela controla quantas vezes a sequência de comandos será repetida;
- **Valor inicial**: atribuído à variável de controle **apenas uma vez, antes de iniciar a primeira repetição**;
- **Valor limite**: valor de parada — a repetição ocorre até que a variável de controle atinja esse valor;
- **Incremento (passo)**: **opcional**. É o valor acrescentado à variável de controle após cada repetição. Quando ausente, assume-se o incremento padrão (1).

### Fluxo de execução

1. A variável de controle recebe o valor inicial (uma única vez);
2. Verifica-se se o valor da variável atingiu o limite;
3. Se ainda não atingiu, executa-se a sequência de comandos;
4. Incrementa-se a variável de controle pelo passo especificado;
5. Retorna-se ao passo 2, até a variável convergir para o valor-limite.

**Ponto crítico**: a variável de controle deve **convergir para o valor-limite** a cada repetição. Se a variação não convergir (por exemplo, passo negativo ou que a afasta do limite), o processo se repetirá infinitamente — o que os autores classificam como *""um erro grave de programação""* (Nakamiti, p. 203).

## O que a diferencia das outras estruturas

Os três comandos iterativos básicos são **`enquanto`, `para` e `repita`**. As diferenças centrais são:

| Característica | `para` | `enquanto` | `repita...até` |
|---|---|---|---|
| **Quando o teste ocorre** | No início, comparando a variável com o limite | No início, avaliando a condição | **No final** do bloco |
| **Número de repetições** | **Conhecido/fixo** (definido de antemão) | Depende de uma condição | Depende de uma condição |
| **Mínimo de execuções** | Pode ser zero | Pode ser zero | **Executa ao menos uma vez** |
| **Gestão da condição/contador** | Automática: inicialização, incremento e teste são feitos **pela própria estrutura** | Manual: o programador deve inicializar e incrementar a variável antes/depois do laço | Manual |

Em resumo:

1. **`para` é usada quando se sabe o número de vezes** que o trecho deve ser repetido (Ascencio, p. 83). As demais são usadas quando o número de repetições está **atrelado a uma condição**, não a uma contagem.

2. **`enquanto` (teste no início)**: verifica a condição *antes* de cada execução — ""se é permitido executar o trecho"" (Forbellone, p. 47-48). Se a condição for falsa logo no início, o bloco pode **nunca executar**.

3. **`repita...até` (teste no fim)**: como a condição de parada está **no final**, os comandos são ""repetidos pelo menos uma vez"" (Ascencio, p. 87-88). A repetição continua **até** a condição se tornar verdadeira (lógica invertida em relação ao `enquanto`).

4. **Compactação**: no `para`, a variável de controle pode ainda servir duplamente — como controle da repetição e como **variável de ação** no cálculo (ex.: fatorial, onde `CONT` controla o laço e alimenta a operação — Manzano & Oliveira, p. 123).

## Fundamentação no grafo de conhecimento

O grafo embasa esta resposta pelas seguintes entidades e relações:

- **Raciocínio Lógico** —[RELATES_TO]→ **Programação de computadores**: as estruturas de repetição são justamente a materialização do raciocínio lógico (""sequência coerente, regular e necessária de acontecimentos"") na prática da programação;
- **Técnica de Pensar** —[RELATES_TO]→ **Programação de computadores**: saber *escolher* entre `para`, `enquanto` e `repita` conforme a aplicação é parte do desenvolvimento da técnica de pensar em algoritmos;
- **Solução de Problemas** —[RELATES_TO]→ **Técnica de Pensar**: problemas de contagem e controle (repetir N vezes) requerem essa performance do pensar;
- **Jayr F. de Oliveira** e **José Augusto N. G. Manzano** —[RELATES_TO]→ **Algoritmos: Lógica para Desenvolvimento de Programação de Computadores** (publicado pela **Editora Erica**): autores da obra didática que fundamenta o material consultado.

A referência teórica complementar vem de **Robert W. Sebesta** (*Conceitos de Linguagens de Programação*, p. 342), que formaliza o `para` como **laço controlado por contador**, cujos ""parâmetros do laço"" (início, fim e tamanho do passo) são justamente os elementos que o distinguem dos **laços controlados logicamente** (`enquanto`/`repita`).";3;0.2542372881355932;0.9003196853808427;0.8333333332916666;0.5;27.542661;16919;3268;20187
Q039;O que diferencia a estrutura repita...até das outras estruturas de repetição quanto ao momento em que a condição é testada?;Na estrutura repita, o bloco de comandos é executado primeiro e a condição só é avaliada depois, ao final de cada repetição, continuando o laço até que essa condição se torne verdadeira. Por causa disso, o bloco de comandos é sempre executado pelo menos uma vez, mesmo que a condição já fosse verdadeira antes da primeira execução, o que não acontece na estrutura enquanto.;Lógica de programação (André Luiz Villar Forbellone) [Programming Logic];"## Diferença fundamental: o momento do teste da condição

A principal distinção da estrutura **repita...até** está em ser uma estrutura de repetição com **teste no final (pós-teste)**, enquanto as demais estruturas testam a condição **no início (pré-teste)**.

### Repita...até → condição testada no FINAL

Conforme o material da Ascencio et al. (*Fundamentos da Programação de Computadores*, p. 88), a estrutura tem o formato:

```
REPITA
    comandos
ATÉ condição
```

O texto é explícito quanto ao diferencial: **os comandos ""são repetidos pelo menos uma vez, já que a condição de parada se encontra no final""**. Ou seja:

- O bloco de comandos é executado **primeiro**;
- Somente **depois** da execução é que a condição é avaliada;
- A repetição continua enquanto a condição for **falsa**, encerrando-se quando ela se torna **verdadeira** (""Repita os comandos até a condição se tornar verdadeira"").

**Consequência prática:** o laço repita...até garante a execução do bloco ao menos uma vez, mesmo que a condição já seja verdadeira desde o início.

### Estruturas de controle no INÍCIO

Em contraste, o livro de Forbellone (*Lógica de Programação*, p. 48) descreve a estrutura **enquanto** como a ""repetição com **teste no início**"", na qual o bloco só é executado **enquanto** a condição for verdadeira:

```
enquanto <condição> faça
    C1;
    C2;
    ...
fimenquanto;
```

Aqui a condição é avaliada **antes** da primeira execução — se ela já for falsa no início, **o bloco não é executado nenhuma vez**.

### Perspectiva das linguagens de programação

O livro de Sebesta (*Conceitos de Linguagens de Programação*, p. 238) corrobora essa classificação ao distinguir os **laços lógicos com pré-teste e pós-teste**, ilustrando com `while (expressão) {...}` (pré-teste) versus `do {...} while (expressão);` (pós-teste) — sendo o `do...while` a versão correspondente ao repita...até.

### Síntese comparativa

| Estrutura | Momento do teste | Execução mínima do bloco | Critério de parada |
|---|---|---|---|
| **repita...até** | **No final (pós-teste)** | **Sim, sempre 1 vez** | Para quando a condição se torna **verdadeira** |
| enquanto...faça | No início (pré-teste) | 0 vezes, se condição falsa | Para quando a condição se torna **falsa** |
| para...faça | No início (pré-teste com contador) | 0 vezes, se intervalo vazio | Contador esgota o intervalo |

---

**Base da resposta:** a consulta ao grafo de conhecimento não retornou entidades específicas sobre as estruturas de repetição (apenas metadados bibliográficos das obras, como as relações *José Augusto N. G. Manzano/Jayr F. de Oliveira → RELATES_TO → ""Algoritmos: Lógica para Desenvolvimento...""*), de modo que a resposta foi embasada nos trechos textuais recuperados via busca semântica dos livros de **Ascencio et al.** (p. 88), **Forbellone** (p. 48) e **Sebesta** (p. 238).";3;0.5185185185185185;0.8175653281855398;0.5833333333041666;1.0;15.874324;5544;1932;7476
Q040;Quando uma estrutura enquanto é substituída por uma estrutura repita para resolver o mesmo problema, o que precisa mudar na condição usada?;Ao substituir um enquanto por um repita mantendo a mesma lógica, a condição usada no repita deve ser a negação da condição que era usada no enquanto, já que o enquanto continua repetindo enquanto a condição é verdadeira e o repita continua repetindo até que a condição se torne verdadeira (ou seja, ele para quando a condição original seria falsa).;Lógica de programação (André Luiz Villar Forbellone) [Programming Logic];"# Resposta

**A condição precisa ser invertida (negada logicamente).**

## Justificativa

Os documentos recuperados explicam claramente essa diferença fundamental entre as duas estruturas:

### 1. Como funciona o `enquanto` (pré-teste)
Conforme o livro *Lógica de Programação* (Forbellone, p. 48), a estrutura **enquanto** é uma repetição com **teste no início**:

> ""repetição com teste no início, utilizamos a estrutura enquanto, que permite que um bloco ou uma ação primitiva seja repetida **enquanto uma determinada `<condição>` for verdadeira**.""

Ou seja: repete-se **enquanto a condição é verdadeira** e para quando ela se torna falsa.

### 2. Como funciona o `repita...até` (pós-teste)
Conforme os livros *Algoritmos e Programação de Computadores* (Dilermando & Nakamiti, p. 204-205) e *Algoritmos — Lógica para Desenvolvimento de Programação* (Manzano & Oliveira, p. 86):

> ""Repita um conjunto de comandos **até que uma condição se torne verdadeira**. Enquanto for falsa repita os comandos.""

> ""No comando repita-até o conjunto de comandos é repetido **enquanto a condição for falsa**. **O comando repita-até possui a condição contrária ao do comando enquanto.**""

## Conclusão

Para resolver o **mesmo problema**, a condição usada no `repita...até` deve ser a **negação lógica** da condição usada no `enquanto`:

| Estrutura | Condição original | Comportamento |
|---|---|---|
| `enquanto X faça ...` | X verdadeira → continua repetindo | Para quando X = falso |
| `repita ... até Y` | Y falsa → continua repetindo | Para quando Y = verdadeiro |

Portanto, se no `enquanto` a condição era `X`, no `repita` deve-se usar `não X` (ou uma expressão logicamente equivalente à negação de X). Por exemplo: `enquanto contador <= 10` corresponde a `repita ... até contador > 10`.

**Observação adicional importante:** além da negação da condição, deve-se lembrar que o `enquanto` testa **antes** da primeira execução (o bloco pode não executar nenhuma vez), enquanto o `repita...até` testa **depois** (o bloco executa **pelo menos uma vez**) — essa característica também precisa ser considerada na conversão para garantir resultados equivalentes.

*Nota: a consulta ao grafo de conhecimento não retornou entidades/relações estruturadas para este tema; a resposta foi embasada nos trechos textuais recuperados por similaridade semântica.*";3;0.32;0.7309960403834813;0.8333333332916666;0.3333333333333333;16.588948;7923;1828;9751
Q041;Em uma estrutura de repetição, o que é um contador e para que ele serve dentro do laço?;Um contador é uma variável inicializada com um valor de partida (normalmente zero) que é incrementada por uma quantia fixa, normalmente 1, a cada repetição do laço. Ele serve para contar quantas vezes o bloco de comandos já foi executado, permitindo, por exemplo, controlar quando a repetição deve parar.;Lógica de programação (André Luiz Villar Forbellone) [Programming Logic];"## O que é um contador

Um **contador** é uma variável numérica que recebe um **valor inicial** (normalmente zero) **antes** do início do laço e que é **incrementada a cada repetição** do bloco de comandos. Como define o material de Lógica de Programação (Forbellone, p. 49):

> *""devemos estabelecer um modo de contagem, o que pode ser feito com a ajuda de um contador, representado por uma variável com um dado valor inicial, o qual é incrementado a cada repetição. Incrementar é o mesmo que somar um valor constante (normalmente 1).""*

## Para que ele serve dentro do laço

O contador cumpre basicamente **três funções**:

1. **Controlar a repetição** – Algumas estruturas (como o `enquanto`/`while`) não possuem controle interno de iterações. O contador é quem ""conta"" quantas vezes o laço já foi executado, permitindo que a condição de parada seja verificada (ex.: *""quantidade de médias calculadas fosse menor ou igual a 50""*).
2. **Contar ocorrências de um evento** – Ele pode registrar quantas vezes uma determinada condição foi satisfeita dentro do laço.
3. **Informar o resultado final** – Ao término da repetição, o valor acumulado no contador é utilizado para exibir ou processar a contagem obtida.

## Exemplo prático (Ascencio, *Fundamentos da Programação*, Cap. 5 – Estrutura de Repetição)

O livro apresenta um algoritmo que conta quantos números digitados são maiores que 5:

```
CONT ← 0                          // 1) inicialização (fora do laço)
PARA I ← 1 ATÉ 5 FAÇA
INÍCIO
    ESCREVA ""Digite um número: ""
    LEIA NUM
    SE (NUM > 5) ENTÃO
        CONT ← CONT + 1           // 2) incrementação (dentro do laço)
FIM
ESCREVA ""Quantidade de números maiores que 5 = "", CONT   // 3) uso do valor final
```

Na simulação do próprio exemplo, `CONT` só é alterado quando o número digitado é maior que 5 (ex.: 12 e 8 incrementam o contador; 5 e 3 não), terminando com o valor 3.

## Resumo das três operações essenciais do contador

| Etapa | Onde ocorre | Operação |
|---|---|---|
| Inicialização | Antes do laço | `CONT ← 0` |
| Incrementação | Dentro do laço | `CONT ← CONT + 1` |
| Utilização | Depois do laço | `ESCREVA CONT` |

---

**Fontes consultadas:** o grafo de conhecimento não retornou entidades estruturadas para esta consulta; a resposta foi embasada nos trechos textuais recuperados por similaridade semântica de dois livros da base: *Fundamentos da Programação de Computadores* (Ascencio et al., p. 97/Cap. 5) e *Lógica de Programação* (Forbellone, pp. 49 e 58). Os conceitos-chave identificados nos trechos foram: **contador** (variável com valor inicial), **incremento** (soma de valor constante, geralmente 1), **inicialização** (antes do laço) e **laço/estrutura de repetição** (contexto de uso).";3;0.4146341463414634;0.8725745543505615;0.9999999999666667;1.0;10.682416;2133;1362;3495
Q042;Qual é a diferença entre um contador e um acumulador usados dentro de estruturas de repetição?;Um contador sempre soma um valor constante (normalmente 1) a cada repetição, servindo para contar quantas vezes o laço foi executado. Um acumulador, por outro lado, soma um valor que pode variar (como uma nota lida do usuário) a cada repetição, acumulando um total desses valores diferentes ao longo das iterações, que depois é usado, por exemplo, para calcular uma média.;Lógica de programação (André Luiz Villar Forbellone) [Programming Logic];"## Diferença entre Contador e Acumulador em Estruturas de Repetição

Com base nos documentos recuperados, ambos são instruções comumente usadas dentro de estruturas de repetição, mas têm propósitos e comportamentos distintos:

---

### 📊 Contador

Um **contador** é uma variável que é **incrementada (ou decrementada) de um valor constante** a cada iteração da repetição. Normalmente, o incremento é de **1 em 1**, mas pode ser qualquer valor fixo (ex.: 2, 5, 10, etc.).

- **Finalidade:** Contar o número de execuções (iterações) de um trecho de código.
- **Inicialização:** Geralmente inicializado com um valor inicial (0 ou 1, por exemplo).
- **Incremento/decremento:** É sempre de um **valor constante** e previsível.

**Exemplo (em Pascal):**
```pascal
X := 0;
WHILE X <> 5 DO
BEGIN
  WRITELN('Valor de X = ', X);
  X := X + 1;   // contador incrementado em 1 unidade
END;
```

> O ponteiro dos segundos de um relógio é um legítimo contador: sempre incrementa 1 a cada instante de tempo equivalente a 1 segundo.

---

### 📈 Acumulador

Um **acumulador** é uma variável usada quando **a realização de um cálculo precisa de valores obtidos a cada iteração**, ou seja, o cálculo só estará concluído ao final da repetição. Diferente do contador, o valor somado (ou multiplicado) ao acumulador **varia a cada iteração** — não é constante.

- **Finalidade:** Acumular resultados parciais para produzir um resultado final ao término da repetição.
- **Inicialização:** Deve ser inicializado com um **valor neutro** para a operação:
  - Se for **adição** → inicializa com **0**
  - Se for **multiplicação** → inicializa com **1**
- **Incremento:** O valor adicionado é **variável** (depende de entrada do usuário, cálculo, etc.).

**Exemplo (em Java):**
```java
SOMA = 0;   // inicialização com valor neutro para adição
for (I = 1; I <= 5; I++) {
    System.out.print(""Digite um número: "");
    NUM = dado.nextInt();
    SOMA = SOMA + NUM;   // acumulando valores variáveis
}
System.out.println(""Soma = "" + SOMA);
```

---

### 📋 Resumo Comparativo

| Característica        | **Contador**                         | **Acumulador**                                    |
|-----------------------|--------------------------------------|---------------------------------------------------|
| **Objetivo**          | Contar iterações                     | Acumular valores para um cálculo final             |
| **Incremento**        | Valor **constante** (ex.: +1, +2)     | Valor **variável** (depende da iteração)           |
| **Inicialização**     | Valor inicial qualquer (0, 1, etc.)  | Valor **neutro** da operação (0 p/ soma, 1 p/ multiplicação) |
| **Resultado parcial** | Indica quantas vezes repetiu          | Indica o resultado parcial do cálculo              |

---

### Fontes
- **Livro:** *Fundamentos da Programação de Computadores* (Ana Fernanda Gomes Ascencio et al.) — Capítulo 5, Estrutura de Repetição, seções sobre acumuladores e contadores.
- **Livro:** *Lógica de Programação* (André Luiz Villar Forbellone) — definição de contador e o processo de contagem.";3;0.4375;0.7673108911425808;0.5833333333041666;1.0;8.420182;10411;1038;11449
Q043;Por que um acumulador precisa ser inicializado com zero antes de entrar no laço de repetição?;"O acumulador precisa começar em zero porque, a cada repetição, ele receberá a soma do seu próprio valor anterior mais um valor recém-lido ou calculado; se não fosse inicializado, a primeira soma partiria de um valor indefinido ou de lixo de memória, invalidando o resultado acumulado final ao término do laço.";Fundamentos da programação de computadores (Ana Fernanda Gomes Ascencio et al.) [Fundamentals of Computer Programming];"## Por que inicializar o acumulador com zero?

Antes de tudo, uma observação sobre as fontes: o **grafo de conhecimento não retornou entidades ou relações estruturadas** para esta consulta, portanto a resposta abaixo se baseia integralmente no **contexto textual recuperado** (chunks `chunk_1156`, `chunk_1181` e `chunk_1197`, páginas 85, 95 e 101 do livro *Fundamentos da Programação de Computadores*, de Ana Fernanda Gomes Ascencio et al.).

### 1. O acumulador lê o próprio valor a cada iteração

A definição do livro é clara: *""os acumuladores devem ser usados quando a realização de um cálculo precisa de valores obtidos a cada iteração, ou seja, o cálculo só estará concluído com a conclusão da repetição""* (chunk_1197, p. 101).

Ou seja, o acumulador funciona com a operação **`SOMA ← SOMA + NUM`**, que usa o valor *atual* de `SOMA` para calcular o novo. Se a variável não for inicializada antes do laço:

- Na primeira iteração, `SOMA` ainda conterá **""lixo"" de memória""** (valor indefinido), e o resultado da soma seria errado ou imprevisível;
- Todos os cálculos seguintes herdariam esse erro, pois cada iteração parte do valor anterior.

### 2. Zero é o elemento neutro da adição

O texto explica o motivo da escolha do valor inicial: *""É por isso que um acumulador deve ser inicializado com um **valor neutro para a operação** em que será utilizado. Por exemplo, se for usado em uma adição, deve ser inicializado com zero; se for usado em uma multiplicação, deve ser inicializado com 1""* (chunks `chunk_1156` e `chunk_1197).

Zero é o elemento neutro da soma: `0 + NUM = NUM`. Assim, a primeira execução do comando dentro do laço começa a acumulação **do valor exato do primeiro dado lido**, sem distorcer o resultado. Analogamente, `1` é o elemento neutro da multiplicação — por isso acumuladores multiplicativos iniciam com 1.

### 3. A simulação do livro confirma o comportamento

O exemplo (chunk_1156, p. 85) mostra a execução passo a passo:

```
SOMA ← 0                  // inicialização antes do laço
PARA I ← 1 ATÉ 5 FAÇA
   LEIA NUM
   SOMA ← SOMA + NUM
```

Traçando a memória: `SOMA` começa em **0** → lê 5 → `SOMA = 5` → lê 3 → `SOMA = 8` → lê 0 → `SOMA = 8` → lê 10 → `SOMA = 18` → lê 2 → `SOMA = 20`.

Sem a inicialização com zero, a primeira linha dessa simulação não existiria e a primeira soma partiria de um valor qualquer, corrompendo todo o resultado final (20).

### Resumo

| Aspecto | Explicação |
|---|---|
| **Segurança da memória** | Evita que ""lixo"" de memória seja somado ao resultado |
| **Correção semântica** | Zero é o elemento neutro da adição — não altera o primeiro valor acumulado |
| **Generalização** | O valor inicial deve ser sempre o **elemento neutro da operação**: 0 para soma, 1 para produto |
| **Posição no código** | Sempre **antes** do laço (fora dele), executando apenas uma vez — se estivesse dentro, zeraria a acumulação a cada iteração |";3;0.6585365853658537;0.8717194505526652;0.9999999999666667;0.5;11.737798;2113;1426;3539
Q044;O que é um vetor (variável composta unidimensional) e como um elemento específico dentro dele é acessado?;Um vetor é um conjunto de variáveis do mesmo tipo que compartilham o mesmo nome (identificador) e são armazenadas sequencialmente na memória, formando uma estrutura com apenas uma dimensão. Para acessar um elemento específico, usa-se o nome do vetor seguido de um índice entre colchetes, indicando a posição desejada dentro dos limites definidos na declaração.;Algoritmos e Programação de Computadores (Dilermando Junior, Gilberto Nakamiti) [Algorithms and Computer Programming];"## O que é um Vetor

> **Nota metodológica:** a consulta ao grafo de conhecimento não retornou entidades/relações relevantes para este tema, portanto a resposta a seguir é embasada integralmente nos trechos textuais recuperados da base vetorial, extraídos dos livros *""Algoritmos e Programação de Computadores""* (Dilermando Junior e Gilberto Nakamiti) e *""Lógica de Programação""* (André Luiz Villar Forbellone).

### Definição

O vetor, também chamado de **Variável Composta Homogênea Unidimensional (VCHU)**, é uma **estrutura de dados composta por *n* variáveis do mesmo tipo de dado primitivo** (por isso ""homogênea""), **identificada por um único nome** e que possui **somente uma dimensão** (representada em linha ou em coluna).

Em termos de memória, o vetor corresponde a **posições de memória identificadas por um único nome, individualizadas por índices, cujo conteúdo é de um mesmo tipo de dado**.

**Analogia usada nos livros:** imagine um **armário horizontal com um conjunto finito de gavetas** (ex.: 10 gavetas). O armário é a *estrutura*, e as gavetas são os *elementos* dessa estrutura. Como as gavetas são uma divisão direta do armário, elas formam uma estrutura **unidimensional**. (No livro de Forbellone, a analogia equivalente é um **edifício com um número finito de andares**, onde cada andar é uma partição direta do prédio.)

### Como acessar um elemento específico

Para acessar um determinado elemento de um vetor, são necessárias **duas informações**:

1. **O nome do vetor** (identificador) — pois podem existir vários vetores declarados no algoritmo/programa, assim como, para acessar o conteúdo de uma gaveta, é preciso saber primeiro qual é o armário;
2. **O índice** — que especifica a posição (elemento) do vetor que se deseja acessar.

#### Formas possíveis do índice

Em linguagem algorítmica, o apontador (indexador) do componente de um vetor pode ser:

- **a)** Uma variável simples;
- **b)** Uma constante numérica;
- **c)** Uma operação aritmética cujo resultado seja um número inteiro sem sinal.

Em todos os casos, o valor deve ser do **tipo numérico inteiro sem sinal**. Esse apontador é denominado **Índice do Vetor**.

#### Exemplo prático (VisuAlg)

Declaração de um vetor com 12 elementos reais para vendas mensais:

```
Var
   Vet_Vendas_Anual : VETOR [1..12] de REAL
   IndVet : Byte
```

Atribuindo um valor de R$ 200,00 referente ao mês de outubro (posição 10):

```
Vet_Vendas_Anual[10] := 200,00
```

Aqui, `Vet_Vendas_Anual` é o **nome** e `[10]` é o **índice** que aponta para a décima posição do vetor.

### Alerta importante

Os livros destacam explicitamente: **não confundir o índice (que aponta para uma posição do vetor) com o conteúdo armazenado nessa posição**. Por exemplo, se o índice `IndVet` contém o valor **8**, ao acessar o vetor, ele estará apontando para o **oitavo elemento** — o conteúdo daquela posição é outra coisa, podendo ser processado (inserido, alterado, mostrado ou apagado).";3;0.30952380952380953;0.858418058829376;0.9999999999666667;0.5;10.116954;4967;1421;6388
Q045;Qual é a diferença entre o índice de um vetor e o elemento armazenado naquela posição?;O índice é apenas a posição dentro do vetor (equivalente ao número do andar de um prédio), enquanto o elemento é o dado de fato armazenado naquela posição. Os dois não devem ser confundidos: o índice serve apenas para localizar onde o valor está armazenado, e é por meio do índice que se manipula o conteúdo guardado naquela posição específica.;Lógica de programação (André Luiz Villar Forbellone) [Programming Logic];"## Diferença entre índice e elemento

A busca no grafo de conhecimento não retornou entidades relevantes para esta consulta, mas a busca textual recuperou trechos de dois manuais didáticos que abordam exatamente essa distinção. Com base nesse conteúdo, eis a explicação:

### 📌 O que é o **índice**

O índice (também chamado de *apontador* ou *indexador* do vetor) é o **número que identifica a posição** dentro do vetor — não o dado em si. Conforme o livro *Algoritmos e Programação de Computadores* (Dilermando & Nakamiti), o índice pode ser:

- **a)** uma variável simples;
- **b)** uma constante numérica;
- **c)** uma operação aritmética cujo resultado seja um inteiro sem sinal.

Ou seja, o índice funciona como um ""endereço"": aponta *para onde* olhar dentro do vetor.

### 📦 O que é o **elemento** (conteúdo)

O elemento é o **valor efetivamente armazenado** naquela posição — é o que pode ser processado (inserido, alterado, mostrado ou apagado). É a informação real com que o programa trabalha.

### 🗄️ Analogia do armário (presente no material)

Os autores usam uma metáfora que ajuda muito:

- O **vetor** é como um **armário**;
- Cada **posição** é como uma **gaveta**;
- O **índice** é o número da gaveta (aponta qual gaveta abrir);
- O **conteúdo/elemento** é o que está **dentro da gaveta**.

O próprio texto alerta explicitamente: *""Não confundir o índice que aponta para uma posição do vetor, com o conteúdo de uma posição do vetor.""*

### 🔢 Exemplo prático

Se uma variável `INDVET` vale **8**, o índice 8 **aponta** para a oitava posição do vetor `Vet_Medias`. O valor armazenado nessa oitava posição — por exemplo, uma nota 7,5 — é o **elemento**. Alterar `INDVET` muda *para onde* você está apontando; alterar `Vet_Medias[8]` muda *o dado armazenado* ali.

### ⚠️ Detalhe importante sobre a numeração

Conforme o livro *Fundamentos da Programação de Computadores* (Ascencio et al.), em linguagens como **Java, C e C++** os índices começam em **0 (zero)** e vão até **tamanho do vetor − 1**. Ou seja, o ""primeiro elemento"" fica na posição de índice 0 — o que reforça a distinção: a *posição lógica* (1º, 2º...) e o *índice* (0, 1, 2...) são coisas diferentes, e ambas são distintas do *conteúdo* armazenado.

### Resumindo

| Conceito | O que é | Papel |
|---|---|---|
| **Índice** | Número que identifica a posição | Aponta/localiza |
| **Elemento** | Valor armazenado na posição | Dado a ser processado |

**Fontes utilizadas:** trechos das obras *Algoritmos e Programação de Computadores* (Dilermando Junior & Gilberto Nakamiti, pp. 231 e 233) e *Fundamentos da Programação de Computadores* (Ascencio et al., p. 145), recuperados por busca semântica. O grafo de conhecimento não retornou entidades/relações aplicáveis a esta consulta.";3;0.48717948717948717;0.8281853774779142;0.9999999999666667;1.0;9.371991;1852;1542;3394
Q046;Como o número total de elementos de um vetor é calculado a partir dos limites inicial e final definidos em sua declaração?;O número de elementos de um vetor é dado pela diferença entre o limite final (LF) e o limite inicial (LI), somando 1 ao resultado (LF - LI + 1). As posições do vetor são identificadas a partir do limite inicial, com incrementos unitários, até o limite final.;Lógica de programação (André Luiz Villar Forbellone) [Programming Logic];"## Cálculo do Total de Elementos de um Vetor

De acordo com os materiais recuperados, o número total de elementos de um vetor é calculado pela fórmula:

$$\text{Total de elementos} = (\text{Limite Final} - \text{Limite Inicial}) + 1$$

### Explicação

Como descrito no livro *Algoritmos e Programação de Computadores* (Dilermando Junior & Gilberto Nakamiti), na seção sobre **sintaxe da definição de vetor**, o limite inferior de um vetor não precisa necessariamente ser 1 — ele pode ter estrita relação com o contexto da estrutura de dados. Por isso, a contagem de elementos sempre inclui **ambos os extremos** da faixa declarada, o que justifica o ""+1"" na fórmula.

### Exemplos práticos citados no material

1. **Vetor `[1..12]`** (armazenar quantidade vendida durante um ano, em VisuAlg):
   ```
   Vet_QtdVendProd : Vetor [1..12] de Real
   ```
   Total de elementos = (12 − 1) + 1 = **12 elementos**

2. **Vetor `[7..12]`** (vendas de julho a dezembro):
   Total de elementos = (12 − 7) + 1 = **6 elementos** — correspondendo exatamente aos 6 meses de julho a dezembro.

### Observação sobre acesso aos elementos

O livro *Conceitos de Linguagens de Programação* (Robert W. Sebesta) complementa mostrando que o limite inferior arbitrário também influencia a **função de acesso** ao vetor:

```
endereço(list[k]) = endereço(list[limite_inferior]) + ((k − limite_inferior) × tamanho_do_elemento)
```

Isso confirma que o deslocamento de memória é calculado em relação ao limite inferior declarado, reforçando a importância dos limites na definição do vetor.

### Sobre as fontes utilizadas

- **Contexto vetorial**: os trechos do livro de Dilermando Junior & Nakamiti (pág. 240) e de Sebesta (págs. 148–150) forneceram a base direta da resposta.
- **Grafo de conhecimento**: a consulta não retornou entidades relevantes sobre vetores/limites — as entidades recuperadas (Cozinheiro, Receita Culinária, Algoritmo, etc.) tratam apenas da analogia receita-algoritmo, sem relação direta com a pergunta. A resposta, portanto, foi embasada integralmente nos trechos textuais recuperados.";3;0.3157894736842105;0.7384550375199623;0.9999999999;0.5;21.388144;12134;1549;13683
Q047;O que é uma matriz (estrutura composta multidimensional) e o que a diferencia de um vetor comum?;Enquanto um vetor precisa de apenas um índice para localizar um elemento, uma matriz é uma estrutura composta homogênea que precisa de mais de um índice para endereçamento, e por isso é chamada de multidimensional. Em uma matriz bidimensional, por exemplo, o primeiro índice indica a linha e o segundo indica a coluna do elemento desejado.;Lógica de programação (André Luiz Villar Forbellone) [Programming Logic];"# Matriz (Variável Composta Multidimensional) vs. Vetor

> **Nota metodológica:** a consulta ao grafo de conhecimento (`retrieve_graph_context`) não retornou entidades/relações estruturadas para este tema, portanto a resposta abaixo foi embasada integralmente nos trechos textuais recuperados da base vetorial, provenientes de três obras de referência em algoritmos.

## O que é uma matriz

De acordo com o livro *Algoritmos e Programação de Computadores* (Nakamiti/Dilermando, p. 274):

> Uma **Variável Composta Homogênea Multidimensional (VCHM)**, ou simplesmente **matriz**, corresponde a posições de memória identificadas por **um único nome**, individualizadas por **índices**, e cujo conteúdo é de **um mesmo tipo de dado**.

Para visualizar o conceito, os autores propõem uma analogia com um **edifício residencial**: o edifício é a estrutura de dados, e os apartamentos são seus elementos. Se o prédio tem 12 andares (além do térreo) e cada andar tem 4 apartamentos, há 48 apartamentos no total. Andares × apartamentos formam uma **estrutura bidimensional** (linha e coluna) — cada apartamento só é localizado ao se combinar as duas informações.

## O que a diferencia de um vetor comum

| Aspecto | Vetor | Matriz |
|---|---|---|
| **Dimensão** | **Unidimensional** — organizado em linha *ou* coluna | **Duas ou mais dimensões** (multidimensional) |
| **Índices para acesso** | Um único índice | **Mais de um índice** — ex.: `TABELA[2,3]` refere-se ao elemento da linha 2, coluna 3 |
| **Laços de repetição p/ manipulação** | Um único laço (`enquanto`, `para` ou `repita`) | **Número de laços igual ao número de dimensões**: 2 dimensões → 2 laços; 3 dimensões → 3 laços |
| **Tipo de estrutura** | Variável composta **homogênea** | Também variável composta **homogênea** (igual ao vetor) |

Os pontos centrais da diferenciação, conforme os textos recuperados:

1. **Dimensionalidade** — é a diferença fundamental. O livro *Algoritmos e Programação de Computadores* (p. 267) afirma: *""ao contrário do vetor que é unidimensional (em linha ou coluna), as matrizes podem ter duas ou mais dimensões, portanto, são multidimensionais.""* Já o vetor, segundo Ascencio (*Fundamentos da Programação de Computadores*, Cap. 6), é ""conjunto de variáveis de mesmo tipo, que possuem o mesmo identificador (nome) e são alocadas sequencialmente na memória"", distinguidas apenas por um índice.

2. **Endereçamento por múltiplos índices** — em matrizes bidimensionais, os elementos são manipulados individualizadamente por meio de **dois índices**: o primeiro indica a linha e o segundo, a coluna (Forbellone, *Algoritmos: Lógica para Desenvolvimento*, Cap. 8).

3. **Controle de repetição** — para percorrer todos os elementos, o vetor exige um único laço; a matriz exige laços aninhados na quantidade de suas dimensões.

4. **Analogia didática** — Forbellone (*Lógica de Programação*, p. 69) compara o vetor a um edifício dividido apenas em andares (uma dimensão: a ""altura""); a matriz 2D seria o mesmo edifício, mas considerando andar **e** apartamento por andar.

## Observação importante: a matriz é uma generalização do vetor

Vale destacar o que aponta o texto de Forbellone (Cap. 8): *""Pode-se considerar que uma matriz com mais de uma dimensão é também um vetor""*, ou seja, tudo o que vale para matrizes unidimensionais (vetores) continua válido para as multidimensionais. A diferença é, portanto, de **grau de dimensionalidade**, e não de natureza: ambos são **variáveis compostas homogêneas** — posições de memória sob um mesmo nome, com conteúdo de um mesmo tipo de dado, individualizadas por índices.

**Fontes textuais utilizadas (base vetorial):**
- `chunk_6181` e `chunk_6195` — *Algoritmos e Programação de Computadores* (Dilermando Junior & Gilberto Nakamiti), p. 267 e 274
- `chunk_5289` — *Algoritmos: Lógica para Desenvolvimento de Programação de Computadores* (Forbellone), p. 154
- `chunk_155` — *Lógica de Programação* (André Luiz Villar Forbellone), p. 69
- `chunk_1290` — *Fundamentos da Programação de Computadores* (Ascencio), p. 140";3;0.38095238095238093;0.827821960233651;0.9999999999666667;1.0;19.861387;4729;2109;6838
Q048;Como uma matriz bidimensional é declarada e como se calcula o número total de elementos que ela pode armazenar?;Uma matriz é declarada informando o nome da variável seguido das dimensões entre colchetes, indicando o tamanho de cada dimensão (por exemplo, quantas linhas e quantas colunas) e o tipo de dado armazenado. O número total de elementos é obtido multiplicando o tamanho de cada dimensão, ou seja, o número de linhas pelo número de colunas.;Fundamentos da programação de computadores (Ana Fernanda Gomes Ascencio et al.) [Fundamentals of Computer Programming];"# Declaração de matriz bidimensional e cálculo do total de elementos

**Observação sobre as fontes:** a consulta ao grafo de conhecimento (`retrieve_graph_context`) não retornou entidades ou relações estruturadas para este tema, de modo que a resposta abaixo foi embasada nos trechos textuais recuperados por similaridade semântica (`retrieve_vector_context`), com citação dos documentos e páginas correspondentes.

## 1. O que é uma matriz bidimensional

Uma matriz bidimensional é uma **variável composta homogênea multidimensional**: um único nome que identifica várias posições de memória, individualizadas por **dois índices** (um para a linha e outro para a coluna), e cujo conteúdo é de um mesmo tipo de dado (*Algoritmos e Programação de Computadores*, Dilermando/Gilberto, p. 274). Uma analogia clássica é um edifício: 12 andares × 4 apartamentos por andar = estrutura de duas dimensões (linha e coluna).

## 2. Como declarar (sintaxe nas principais linguagens)

**Pseudo-algoritmo** (*Fundamentos da Programação*, Ascencio, p. 183):
```
DECLARE nome[dimensão1, dimensão2] tipo
```
Exemplo do próprio livro: `DECLARE X[3,5] NUMÉRICO` — cria uma matriz X com 3 linhas e 5 colunas.

**Pascal** (Ascencio, p. 190):
```
VAR nome_da_variável: ARRAY[inicio1..fim1, inicio2..fim2] OF tipo_dos_dados;
```
Em Pascal as dimensões são definidas por **intervalos** de índices (ex.: `1..8, 1..5`).

**C/C++** (Ascencio, p. 196):
```
tipo_dos_dados nome_variável[dimensão1][dimensão2];
```
Cada dimensão usa um par de colchetes separado; os índices começam sempre em **0** e vão até o tamanho da dimensão menos um.

**Java** (Ascencio, pp. 202–203) — declaração e dimensionamento podem ser feitos em duas linhas ou de forma condensada:
```java
float X[][];        // declaração
X = new float[2][6];  // dimensionamento
// ou de forma condensada:
float X[][] = new float[2][6];
```
Em Java, os pares de colchetes podem aparecer todos antes do nome, todos depois, ou divididos entre antes e depois.

## 3. Como calcular o número total de elementos

O total de posições é obtido pelo **produto das quantidades de elementos de cada dimensão**:

$$\text{Total} = \text{nº de linhas} \times \text{nº de colunas}$$

**Exemplos:**
- `TABELA[1..8, 1..5]` → matriz de 8 × 5 = **40 elementos** podem ser armazenados (*Algoritmos: Lógica para Desenvolvimento de Programação*, Manzano/Oliveira, p. 154);
- `DECLARE X[3,5]` → 3 × 5 = **15 elementos** (Ascencio, p. 183);
- `new float[2][6]` → 2 × 6 = **12 elementos** reais (Ascencio, p. 202);
- Analogia do edifício: 12 andares × 4 apartamentos = **48 posições** (Dilermando/Gilberto, p. 274).

A mesma lógica se estende a matrizes multidimensionais: multiplica-se a quantidade de elementos de todas as dimensões (ex.: `int[2][4][3]` → 2 × 4 × 3 = 24 elementos).

## Resumo

| Aspecto | Resposta |
|---|---|
| Declaração | Indica-se o **tipo**, o **nome** e as **duas dimensões** (linha e coluna) na sintaxe específica da linguagem |
| Total de elementos | **Linhas × Colunas** (produto das dimensões) |
| Observação | Em C/C++ e Java os índices começam em 0; em Pascal e pseudo-código podem começar em 1 (por intervalos) |";3;0.25;0.9368194458173842;0.8333333332916666;1.0;23.393425;76326;2053;78379
Q049;Como duas cadeias de caracteres podem ser concatenadas (unidas) em um algoritmo e o que essa operação produz como resultado?;A concatenação junta o conteúdo de duas cadeias de caracteres, formando uma terceira cadeia que contém os caracteres da primeira seguidos pelos da segunda. Essa operação geralmente é feita por meio de uma função específica (como CONCAT) ou pelo próprio sinal de adição, que muitas linguagens aceitam como atalho para concatenar cadeias.;Fundamentos da programação de computadores (Ana Fernanda Gomes Ascencio et al.) [Fundamentals of Computer Programming];"## Concatenação de Cadeias de Caracteres

A concatenação é a operação que consiste em **juntar duas ou mais cadeias de caracteres (strings)** em uma **nova string maior**, formada pela união do conteúdo das strings originais na ordem em que são combinadas.

---

### Como realizar a concatenação

A concatenação pode ser feita de diferentes formas, dependendo da linguagem de programação:

1. **Usando o operador de adição (`+`)** — É a forma mais comum e direta. O conteúdo das variáveis string é ""somado"" (concatenado):
   - `""AB"" + ""C""` resulta em `""ABC""`
   - `str1 = str2 + str3 + ... + strN` → `str1` recebe a concatenação de `str2`, `str3`, ... `strN`

2. **Usando o método `concat`** (ex.: em Java):
   - `str1 = str2.concat(str3)` → o método `concat` junta a cadeia `str2` com `str3` e atribui o resultado a `str1`.

3. **Caso especial — Repetição com o operador de multiplicação (`*`)** (ex.: em Python):
   - `""A"" * 3` resulta em `""AAA""` (a string é repetida/reproduzida múltiplas vezes).

---

### O que a operação produz como resultado

A concatenação **produz uma nova string** que é a combinação (junção) das strings de entrada, mantendo a ordem em que foram concatenadas. Por exemplo:

| Operação | Resultado |
|---|---|
| `""AB"" + ""C""` | `""ABC""` |
| `""Olá"" + "" "" + ""Mundo""` | `""Olá Mundo""` |
| `""A"" * 3` | `""AAA""` |

---

### Detalhes importantes

- A concatenação **não altera** as strings originais; ela **gera uma nova string** como resultado.
- É uma operação muito utilizada na **composição de mensagens enviadas à tela**, onde strings servem como modelos nos quais podemos inserir outras strings.
- Em Pascal, as cadeias de caracteres são representadas pelo tipo de dado **STRING**, delimitadas por apóstrofos. Se um apóstrofo fizer parte da string, ele deve aparecer duplicado.

---

**Fontes:** As informações acima foram extraídas dos documentos *""Introdução à Programação com Python — Algoritmos e Lógica de Programação para Iniciantes""* (Nilo Ney Coutinho Menezes) e *""Fundamentos da Programação de Computadores — Algoritmos, PASCAL, C/C++ e JAVA""* (Ana Fernanda Gomes Ascencio et al.). O grafo de conhecimento não retornou entidades estruturadas para esta consulta, mas os trechos textuais recuperados forneceram a base completa da resposta.";3;0.5555555555555556;0.7112338274576032;0.9999999999666667;1.0;5.052651;2251;761;3012
Q050;Como se descobre o número de caracteres (comprimento) armazenados em uma cadeia de caracteres e como é possível determinar se uma cadeia aparece dentro de outra?;Para obter o comprimento de uma cadeia, usa-se uma função (como LENGTH) que retorna o número de caracteres nela armazenados. Para verificar se uma cadeia aparece dentro de outra, existe uma função (como POS) que retorna a posição inicial em que a primeira cadeia é encontrada dentro da segunda, retornando zero se ela não for encontrada.;Fundamentos da programação de computadores (Ana Fernanda Gomes Ascencio et al.) [Fundamentals of Computer Programming];"## Descobrindo o número de caracteres (comprimento) de uma cadeia

De acordo com o material encontrado — o livro **""Fundamentos da Programação de Computadores""** (de Ana Fernanda Gomes Ascencio et al.) — a forma de descobrir o comprimento de uma cadeia de caracteres varia conforme a linguagem de programação:

### Em Pascal
```pascal
tamanho := LENGTH(cadeia);
```
A função **`LENGTH`** retorna para a variável `tamanho` o número de caracteres da cadeia. Essa variável pode ser do tipo `Integer` ou `Real`.

### Em Java
```java
tamanho = cadeia.length();
```
O método **`length()`** retorna para a variável `tamanho` o número de caracteres da cadeia. O exemplo pode ser encontrado no arquivo: `\EXEMPLOS\CAP9\JAVA\EXEMP4.java`.

### Em C/C++
Em C, usa-se a função `strlen()` para obter o comprimento de uma string:
```c
tamanho = strlen(cadeia);
```

---

## Verificando se uma cadeia aparece dentro de outra

### Em Java
```java
posi = cadeia1.indexOf(cadeia2);
```
O método **`indexOf`** retorna a **posição** a partir da qual `cadeia2` aparece pela primeira vez em `cadeia1`. A comparação começa da posição zero de `cadeia1` até encontrar a primeira ocorrência. **Se `cadeia2` não existir em `cadeia1`, o retorno será `-1`**.

Também existe uma versão com parâmetro de posição inicial:
```java
posi = cadeia1.indexOf(cadeia2, posição);
```
Nesse caso, a busca pela primeira ocorrência de `cadeia2` em `cadeia1` começa a partir da posição especificada.

### Em C/C++
```c
posi = strchr(str1, ch);
```
A função **`strchr`** é utilizada para verificar a posição de um caractere dentro de uma cadeia de caracteres.

### Em Pascal
Em Pascal, a verificação de uma subcadeia dentro de outra pode ser feita com a função `POS`:
```pascal
posi := POS(cadeia2, cadeia1);
```
Retorna a posição onde `cadeia2` é encontrada em `cadeia1`, ou `0` se não for encontrada.

---

### Resumo das principais funções/métodos

| Linguagem | Comprimento da cadeia | Buscar subcadeia |
|---|---|---|
| **Pascal** | `LENGTH(cadeia)` | `POS(subcadeia, cadeia)` |
| **Java** | `cadeia.length()` | `cadeia1.indexOf(cadeia2)` |
| **C/C++** | `strlen(cadeia)` | `strchr(str1, ch)` |

> **Fonte base:** Trechos recuperados do livro *""Fundamentos da programação de computadores — Algoritmos, Pascal, C/C++ (padrão ANSI) e Java""*, de Ana Fernanda Gomes Ascencio et al., capítulo 9 (Manipulação de cadeias de caracteres).";3;0.7222222222222222;0.6084097476365868;0.9999999999666667;0.5;4.962847;2254;851;3105
Q051;Como funciona a combinação de operadores lógicos (e, ou, não) com operadores relacionais em uma expressão lógica composta?;"Em uma expressão lógica composta, cada operador relacional (como maior que, menor que ou igual a) primeiro produz um resultado verdadeiro ou falso a partir da comparação entre dois valores; esses resultados parciais são então combinados por operadores lógicos, em que o e só resulta verdadeiro se ambas as condições forem verdadeiras, o ou resulta verdadeiro se pelo menos uma for verdadeira, e o não inverte o valor lógico de uma condição.";Lógica de programação (André Luiz Villar Forbellone) [Programming Logic];"## Combinação de Operadores Lógicos e Relacionais em Expressões Lógicas Compostas

Com base nos documentos recuperados, vou explicar de forma detalhada como essa combinação funciona.

---

### 1. Operadores Relacionais

Os **operadores relacionais** comparam valores entre dois operandos e produzem um resultado booleano (verdadeiro ou falso). São eles:

| Operador | Descrição |
|----------|-----------|
| `=`      | Igual a |
| `≠`      | Diferente de (não igual) |
| `>`      | Maior que |
| `≥`      | Maior ou igual a |
| `<`      | Menor que |
| `≤`      | Menor ou igual a |

Cada comparação isolada (ex.: `x = 0`, `alfa = V`) é chamada de **expressão relacional**.

---

### 2. Operadores Lógicos (Conectores)

Os operadores lógicos, também chamados de **conectores**, ligam as expressões relacionais entre si, formando as **expressões lógicas compostas**:

| Conector | Função |
|---------|--------|
| **e**   | Conjunção — o resultado é verdadeiro apenas se **todas** as condições forem verdadeiras |
| **ou**  | Disjunção — o resultado é verdadeiro se **pelo menos uma** das condições for verdadeira |
| **não** | Negação — inverte o valor lógico de uma condição (verdadeiro → falso e vice-versa) |

---

### 3. Como Funciona a Combinação

O documento explica com um exemplo prático:

> *""Observando a expressão lógica: `alfa = V e beta = F e (x = 0 ou y = 0)`""*

Nesta expressão composta:

- **`alfa = V`**, **`beta = F`**, **`x = 0`**, **`y = 0`** → são **expressões relacionais** (cada uma compara dois valores usando um operador relacional).
- **`e`** e **`ou`** → são os **conectores lógicos** que ligam as expressões relacionais entre si, formando a expressão lógica composta.
- **`V`** e **`F`** → são **constantes lógicas** (verdadeiro e falso).
- **`alfa`** e **`beta`** → são **variáveis lógicas**.

#### Avaliação passo a passo do exemplo:

1. Primeiro, cada expressão relacional é avaliada individualmente, gerando um valor booleano.
2. Depois, os conectores lógicos combinam esses resultados:
   - `(x = 0 ou y = 0)` é avaliado primeiro (por estar entre parênteses) → resulta em **verdadeiro** se `x` ou `y` for zero.
   - Em seguida, `alfa = V e beta = F e (resultado do parênteses)` é avaliado com o operador **`e`** (conjunção) → só será verdadeiro se **todas** as três condições forem verdadeiras.

---

### 4. Tabela Verdade do Operador ""e"" (Conjunção)

Conforme o documento, a tabela verdade do operador de conjunção é:

| Condição 1 | Condição 2 | Resultado Lógico |
|------------|------------|-----------------|
| Verdadeiro | Verdadeiro | **Verdadeiro** |
| Verdadeiro | Falso       | Falso           |
| Falso       | Verdadeiro | Falso           |
| Falso       | Falso       | Falso           |

Ou seja, o **`e`** só retorna verdadeiro quando **ambas** as condições são verdadeiras.

---

### 5. Precedência de Uso dos Operadores Lógicos

O documento também aborda a **precedência** dos operadores:

> *""Os operadores lógicos (`.e.`, `.ou.` e `.xou.`) possibilitam o uso de mais de uma condição para a tomada de uma única decisão. Já o operador lógico `.não.` tem por finalidade a negação do estado lógico de uma determinada condição.""*

Isso significa que, em uma expressão composta:

1. Primeiro são avaliadas as **expressões relacionais** (comparações com `=`, `>`, `<`, etc.).
2. Em seguida, aplica-se o operador **`não`** (negação), que tem a maior precedência entre os conectores.
3. Depois, o operador **`e`** (conjunção).
4. Por fim, o operador **`ou`** (disjunção).
5. Parênteses podem ser usados para alterar essa ordem natural de avaliação.

---

### 6. Caso Especial: Conjunção Exclusiva (XOR)

O documento ainda destaca que:

> *""A expressão lógica `(C1) .xou. (C2)` pode ser matematicamente representada por `(C1 .e. (.não. C2)) .ou. ((.não. C1) .e. C2)`.""*

Isso demonstra como os operadores básicos (**e**, **ou**, **não**) podem ser combinados para expressar operadores lógicos mais complexos, sendo essencial em linguagens de programação que não possuem o operador XOR nativamente (como C e Lua).

---

### Resumo

| Elemento | Papel na Expressão Composta |
|----------|-----------------------------|
| **Operadores relacionais** (`=`, `≠`, `>`, `≥`, `<`, `≤`) | Comparam valores e geram resultados booleanos |
| **Operadores lógicos** (`e`, `ou`, `não`) | Combinam os resultados das expressões relacionais |
| **Parênteses** | Definem a ordem de avaliação |
| **Constantes/variáveis lógicas** | Operandos comparados nas expressões relacionais |

A combinação funciona de forma **hierárquica**: as expressões relacionais são resolvidas primeiro (gerando valores booleanos), e então os conectores lógicos combinam esses resultados conforme suas regras de tabela verdade e precedência, produzindo um único resultado lógico final que determina o fluxo de execução do programa.

**Fontes de base:** Documentos ""Algoritmos e Programação de Computadores"" (Dilermando Junior & Gilberto Nakamiti, p. 151-152), ""Algoritmos - Lógica para Desenvolvimento de Programação de Computadores"" (Manzano & Oliveira, p. 51 e 62), e ""Conceitos de Linguagens de Programação"" (Robert W. Sebesta, p. 204).";3;0.2558139534883721;0.9203555830073258;0.5833333333041666;1.0;9.43829;5328;1693;7021
Q052;O que o operador módulo (resto da divisão) faz e como ele pode ser usado para verificar se um número é par ou ímpar?;O operador módulo (mod) retorna o resto da divisão inteira entre dois números, por exemplo 9 mod 4 resulta em 1. Para verificar se um número é par ou ímpar, basta calcular o resto da sua divisão por 2: se o resto for igual a zero o número é par, e se for igual a 1 o número é ímpar.;Lógica de programação (André Luiz Villar Forbellone) [Programming Logic];"## O Operador Módulo (Resto da Divisão)

Com base no material consultado (livros de **Lógica de Programação** e **Algoritmos**), aqui está uma explicação completa:

---

### O que é o operador módulo?

O operador **módulo** (`mod`) é um operador aritmético responsável por **gerar o resto da divisão** entre dois valores inteiros positivos (divisibilidade). Ele é amplamente utilizado na construção de algoritmos.

> A expressão genérica do cálculo é:
> **Resto = Dividendo - Divisor × (Dividendo div Divisor)**

Algumas linguagens de programação possuem um operador exclusivo para essa operação (o `mod`), enquanto em outras é necessário usar a expressão aritmética acima.

### Exemplos de uso:

| Operação | Resultado |
|---|---|
| `9 mod 4` | **1** (pois 9 ÷ 4 = 2 com resto 1) |
| `27 mod 5` | **2** (pois 27 ÷ 5 = 5 com resto 2) |
| `10 mod 2` | **0** (pois 10 ÷ 2 = 5 com resto 0) |

---

### Como usar o módulo para verificar par ou ímpar?

A lógica é simples:

- Se um número é **divisível por 2** (resto da divisão por 2 é **zero**), então o número é **par**.
- Se o resto da divisão por 2 for **diferente de zero** (ou seja, igual a 1), o número é **ímpar**.

Ou seja:
- **`N mod 2 = 0`** → o número **N é par**
- **`N mod 2 ≠ 0`** → o número **N é ímpar**

### Exemplo prático (Algoritmo)

O material consultado traz o exemplo do **Algoritmo 3.11 — Média aritmética de um conjunto de números pares**, onde a verificação é feita assim:

```
se (N > 0) e ((N mod 2) = 0)   // resto da divisão é igual a zero?
então                          // o número é par (divisível por 2) e maior que 0
    ACM ← ACM + N;             // acumula o número par
    CON ← CON + 1;             // conta os números pares
```

Nesse algoritmo, a condição `(N mod 2) = 0` é usada para **filtrar apenas os números pares** digitados pelo usuário, acumulando-os e calculando sua média.

---

### Resumo

| Conceito | Descrição |
|---|---|
| **Operador `mod`** | Retorna o resto da divisão inteira |
| **`N mod 2 = 0`** | N é **par** (divisível por 2) |
| **`N mod 2 ≠ 0`** | N é **ímpar** (não divisível por 2) |

O operador módulo é uma ferramenta fundamental em lógica de programação, não apenas para verificar paridade, mas também em cálculos de dígitos verificadores, ciclos, agrupamentos e diversas outras aplicações algorítmicas.";3;0.5882352941176471;0.842017016506189;0.9999999999666667;1.0;5.296953;2169;881;3050
Q053;Por que é necessário usar laços de repetição aninhados (um dentro do outro) para simular algo como uma contagem regressiva de minutos e segundos?;Como há duas grandezas que mudam de forma dependente (os segundos completam um ciclo inteiro antes de cada mudança de minuto), é preciso um laço externo para controlar os minutos e um laço interno para controlar os segundos, de modo que o laço mais interno complete todas as suas iterações (por exemplo, 60 valores de segundos) a cada única iteração do laço externo.;Lógica de programação (André Luiz Villar Forbellone) [Programming Logic];"## Por que laços de repetição aninhados são necessários para simular uma contagem regressiva de minutos e segundos?

A resposta está intimamente ligada à **natureza hierárquica do tempo** e à forma como as estruturas de repetição funcionam. Vamos detalhar isso com base no **Algoritmo 3.17 – Contagem Regressiva** apresentado no livro *Lógica de Programação* de André Luiz Villar Forbellone (p. 57–58).

---

### O problema

Você precisa simular uma contagem regressiva de 10 minutos, ou seja, mostrar:

```
10:00 → 9:59 → 9:58 → ... → 9:00 → 8:59 → ... → 0:00
```

Observe que **para cada minuto**, os segundos percorrem de 59 até 00. Ou seja, há **duas contagens que andam em ritmos diferentes**:

| Unidade | Comportamento |
|---------|--------------|
| **Minutos** | Decrementa 1 unidade a cada rodada completa de segundos |
| **Segundos** | Decrementa 1 unidade a cada iteração, de 59 até 0, e depois ""reinicia"" |

---

### A solução: laços aninhados

O algoritmo do livro resolve isso da seguinte forma:

```
escreva (""10:00"");
para MIN de 9 até 0 passo -1 faça        // laço EXTERNO (minutos)
    para SEG de 59 até 0 passo -1 faça    // laço INTERNO (segundos)
        escreva (MIN, ':', SEG);
    fimpara;
fimpara;
```

A lógica é:

1. **Laço externo (MIN):** Controla os **minutos**, decrementando de 9 até 0.
2. **Laço interno (SEG):** Para **cada valor de MIN**, os segundos completam **um ciclo inteiro de 60 iterações** (de 59 até 0).
3. Somente após o laço interno terminar todas as 60 iterações é que o laço externo decrementa o próximo minuto e o laço interno recomeça do 59.

---

### Por que **um único laço** não funciona?

Com apenas **um** laço de repetição, você só consegue controlar **uma variável** que muda de forma linear. Não há como, em uma única estrutura `para`, alternar o comportamento de ""decrementar segundos a cada passo"" e ""decrementar minutos a cada 60 passos"" simultaneamente.

Você até poderia simular isso com um único laço usando uma variável de total de segundos (de 600 até 0) e então **converter** para minutos e segundos com divisão e módulo — mas isso é uma abordagem matemática alternativa, não uma estrutura natural de repetição. O livro opta pela abordagem mais intuitiva e didática: **um laço para cada unidade de tempo**.

---

### Resumo

> A necessidade de laços aninhados surge porque **minutos e segundos têm escalas diferentes e uma relação de dependência**: cada minuto ""contém"" 60 segundos. O laço externo representa a unidade maior (minutos) e o laço interno representa a unidade menor (segundos), que se repete por completo a cada iteração do laço externo. Essa estrutura reflete fielmente a hierarquia do tempo e é a forma mais natural de modelar o problema.

**Fonte:** *Lógica de Programação* (André Luiz Villar Forbellone), p. 57–58 — Algoritmo 3.17: Contagem regressiva.";3;0.5483870967741935;0.8838942408161956;0.9999999999666667;1.0;10.663871;2377;966;3343
Q054;Ao aninhar dois laços para percorrer uma matriz bidimensional, quantas vezes no total o laço mais interno é executado e do que isso depende?;O laço mais interno é executado uma vez para cada iteração do laço externo, então o número total de execuções do laço interno é o produto do número de iterações do laço externo pelo número de iterações do laço interno em cada passagem, o que corresponde a percorrer todas as colunas para cada linha da matriz.;Lógica de programação (André Luiz Villar Forbellone) [Programming Logic];"## Laços Aninhados em Matrizes Bidimensionais

Ao aninhar dois laços para percorrer uma matriz bidimensional, **o laço mais interno é executado um número total de vezes igual ao produto do número de linhas pelo número de colunas da matriz**, ou seja:

> **Total de execuções = número de linhas × número de colunas**

### Do que isso depende?

Depende de **dois fatores**:

1. **Número de linhas** — determina quantas vezes o laço **externo** itera.
2. **Número de colunas** — determina quantas vezes o laço **interno** executa **a cada iteração** do laço externo.

### Exemplo concreto do material

O livro *Fundamentos da Programação de Computadores* (Ascencio) apresenta uma matriz **x** com **3 linhas** e **4 colunas**, percorrida da seguinte forma:

```text
1. PARA i ← 1 ATÉ 3 FAÇA          // laço externo: 3 iterações (uma por linha)
2.   PARA j ← 1 ATÉ 4 FAÇA        // laço interno: 4 iterações por linha
3.     ESCREVA x[i,j]
```

Neste caso:
- O laço **externo** executa **3 vezes** (uma vez para cada linha).
- O laço **interno** executa **4 vezes a cada iteração** do laço externo.
- Total: **3 × 4 = 12 execuções** do laço interno — exatamente o número de elementos da matriz.

Outro exemplo do mesmo livro usa uma matriz **5 × 4**, resultando em **5 × 4 = 20** execuções do laço interno.

### Generalizando

| Dimensão da matriz | Laço externo | Laço interno (por iteração) | Total de execuções do laço interno |
|---|---|---|---|
| 3 × 4 | 3 | 4 | 12 |
| 5 × 4 | 5 | 4 | 20 |
| m × n | m | n | m × n |

### Observação

O livro de Sebesta (*Conceitos de Linguagens de Programação*) também ilustra esse padrão com as variáveis `numRows` e `numCols` em Java:

```java
for (row = 0; row < numRows; row++)
    for (col = 0; col < numCols; col++) {
        sum += mat[row][col];
    }
```

Aqui fica explícito que o total de execuções do laço interno depende de `numRows × numCols`, ou seja, das dimensões da matriz. Note ainda que, se houver um `break` condicional (como no exemplo de Sebesta), o laço interno pode ser **interrompido antes** de completar todas as iterações previstas, reduzindo o total de execuções.

---

**Resumo:** O laço interno executa **m × n** vezes, onde **m** é o número de linhas e **n** é o número de colunas. Isso equivale ao número total de elementos da matriz, assumindo que não haja interrupções prematuras (como `break` ou `continue`).";3;0.041666666666666664;0.7636312110747853;0.5833333333041666;1.0;7.003063;5217;1190;6407
Q055;O que acontece quando uma estrutura de seleção (se-então-senão) é combinada com uma estrutura de repetição, como ao decidir a situação de aprovação/reprovação de vários alunos dentro do mesmo laço?;A cada iteração do laço, o algoritmo lê os dados de um aluno, calcula sua média e então executa a estrutura condicional para decidir e exibir se ele foi aprovado ou reprovado, repetindo todo esse processo (ler, calcular e decidir) para cada novo aluno até que a condição de parada do laço seja alcançada.;Lógica de programação (André Luiz Villar Forbellone) [Programming Logic];"## Combinação de Estrutura de Seleção com Estrutura de Repetição

Quando combinamos uma **estrutura de seleção** (`se-então-senão`) com uma **estrutura de repetição** (como `enquanto`, `repita` ou `para`), obtemos um padrão muito poderoso: **a mesma decisão lógica é aplicada iterativamente a múltiplos elementos** — no caso, a vários alunos dentro de um mesmo laço.

---

### O que acontece, na prática

A estrutura de repetição **percorre** cada aluno (por exemplo, incrementando um `Contador_Alunos`), e a estrutura de seleção **avalia** a média final de cada um, decidindo o resultado:

```
Enquanto (Contador_Alunos <= Total_Alunos) faca
   Se MediaFinal >= 7.0 entao
      Escreval(Nome_Aluno, "" Você está APROVADO(A)."")
   senao
      Se MediaFinal >= 5.0 entao
         Escreval(Nome_Aluno, "" Você está EM EXAME."")
      senao
         Escreval(Nome_Aluno, "" Você está REPROVADO(A)."")
      FimSe
   FimSe
   Contador_Alunos := Contador_Alunos + 1
FimEnquanto
```

*(Trecho recuperado do livro **""Algoritmos e Programação de Computadores""** — Dilermando Junior & Gilberto Nakamiti, p. 225 e 239.)*

---

### Detalhamento do comportamento

| Aspecto | O que ocorre |
|---|---|
| **Repetição** | O laço `enquanto` executa o bloco de código para **cada aluno**, controlado por um contador (`Contador_Alunos`) que é incrementado a cada iteração. |
| **Seleção aninhada** | Dentro do laço, há uma **seleção encadeada** (homogênea): o primeiro `Se` verifica se a média ≥ 7.0 (aprovado); o `senão` interno verifica se a média ≥ 5.0 (exame); caso contrário, o aluno está reprovado. |
| **Resultado por aluno** | A cada iteração, **apenas um dos três caminhos** é executado, imprimindo o nome do aluno com sua respectiva situação. |
| **Critério de parada** | O laço termina quando `Contador_Alunos` ultrapassa o total de alunos, ou seja, todos foram processados. |

---

### Conceitos-chave identificados

De acordo com o material recuperado do livro **""Lógica de Programação""** (André Luiz Villar Forbellone, p. 66):

1. **Seleções encadeadas** podem ser *homogêneas* (várias `Se` aninhadas no `senão`) ou *heterogêneas* (mistura de `Se` e `Escolha`). No exemplo dos alunos, trata-se de uma seleção encadeada **homogênea**.

2. **Laços de repetição** podem ser construídos de três formas:
   - **`enquanto`** (teste no início) — o laço pode **não executar nenhuma vez** se a condição já for falsa.
   - **`repita`** (teste no final) — o laço é executado **pelo menos uma vez**.
   - **`para`** (variável de controle) — exige um número **determinado** de iterações.

3. **Aninhamento de estruturas**: é perfeitamente válido (e comum) aninhar seleções dentro de repetições. A seleção decide **o quê** fazer para cada elemento, e a repetição decide **para quantos** elementos fazer.

---

### Resumo

> Ao combinar seleção com repetição, a decisão de aprovação/exame/reprovação é **reutilizada** para cada aluno dentro do mesmo laço, evitando a repetição manual de código para cada estudante. A **repetição** controla *quem* é avaliado (iteração sobre os alunos), e a **seleção encadeada** determina *qual resultado* cada um recebe com base em sua média final.";3;0.25;0.6878845989105257;0.8333333332916666;1.0;7.504415;1961;1208;3169
Q056;Como funciona uma estrutura de seleção múltipla (do tipo switch/case) usada dentro de um laço de repetição para contar ocorrências de diferentes categorias, como tipos de vinho lidos até um valor de término?;"Dentro do laço, para cada valor lido, a estrutura de seleção múltipla verifica a qual categoria (caso) aquele valor pertence e incrementa o contador específico dessa categoria, além de um contador geral; o laço se repete até que o valor de término seja lido, momento em que o contador geral é ajustado para descontar essa última leitura antes de calcular o percentual de cada categoria.";Lógica de programação (André Luiz Villar Forbellone) [Programming Logic];"## Estrutura de Seleção Múltipla (Switch/Case) dentro de um Laço de Repetição para Contagem de Categorias

Com base no conteúdo recuperado do livro **""Lógica de Programação""** de André Luiz Villar Forbellone (Capítulo 3 — Estruturas de Controle, Algoritmo 3.14), aqui está a explicação detalhada:

---

### 📌 Contexto do Problema

O algoritmo faz um **levantamento do estoque de vinhos** de uma adega. Os dados de entrada são os tipos de vinho:
- **'T'** → Tinto
- **'B'** → Branco
- **'R'** → Rosê
- **'F'** → Finalizador (marca o fim da entrada de dados)

A quantidade de vinhos é **desconhecida**, então o laço de repetição continua até o usuário digitar **'F'**.

---

### 🧩 Como Funciona a Estrutura

#### 1. **Declaração e Inicialização de Variáveis**
```text
caracter: TV;            // tipo de vinho lido
inteiro: CONV, CT, CB, CR; // contador geral e contadores por tipo
real: PT, PB, PR;         // porcentagens de cada tipo
```
Todos os contadores são **inicializados com zero** antes do laço:
```text
CONV ← 0;  CT ← 0;  CB ← 0;  CR ← 0;
```

#### 2. **Laço de Repetição (`repita...até`)**
O laço executa **repetidamente** a leitura do tipo de vinho e a seleção múltipla:
```text
repita
    leia(TV);              // lê o tipo de vinho
    escolha TV             // estrutura de seleção múltipla
        caso ""T"": CT ← CT + 1;   // incrementa contador de tinto
        caso ""B"": CB ← CB + 1;   // incrementa contador de branco
        caso ""R"": CR ← CR + 1;   // incrementa contador de rosê
    fimescolha;
    CONV ← CONV + 1;       // incrementa contador geral
até TV = ""F"";               // condição de saída do laço
```

#### 3. **Ajuste Pós-Laço**
Após sair do laço, o contador geral é **decrementado em 1** para descontar o finalizador 'F', que foi contado na última iteração:
```text
CONV ← CONV - 1;
```

#### 4. **Cálculo das Porcentagens**
Verifica se há vinhos cadastrados (CONV > 0) e calcula as porcentagens:
```text
PT ← (CT * 100) / CONV;
PB ← (CB * 100) / CONV;
PR ← (CR * 100) / CONV;
```

---

### 🔑 Observações Importantes (destacadas pelo autor)

| Observação | Detalhe |
|---|---|
| **Contador geral + contadores específicos** | Além do contador geral de vinhos (`CONV`), foi necessário um contador para **cada tipo de vinho** (`CT`, `CB`, `CR`) |
| **Aplicação típica de escolha múltipla** | Cada tipo de vinho corresponde a um **caso** (`caso`) dentro da estrutura `escolha` (equivalente ao `switch/case`) |
| **Decremento pós-laço** | O contador geral é decrementado em 1 para **descontar o finalizador 'F'**, que foi erroneamente contado na última iteração |
| **Quantidade desconhecida** | Como o número de vinhos não é conhecido, usa-se a estrutura `repita...até` com um valor sentinela ('F') como condição de parada |

---

### 🔄 Fluxo Lógico Resumido

```
[Início] → [Inicializar contadores = 0]
    → [Laço: ler TV] → [escolha TV: T→CT++, B→CB++, R→CR++] → [CONV++]
    → [TV = 'F'?] → Não → volta ao laço
                   → Sim → [CONV-- (descontar 'F')]
    → [CONV > 0?] → Sim → [Calcular %] → [Exibir resultados] → [Fim]
                  → Não → [Exibir ""Nenhum vinho fornecido""] → [Fim]
```

Essa é uma **aplicação clássica** onde a **seleção múltipla** (`switch/case` / `escolha`) é usada **dentro de um laço de repetição** para direcionar a incrementação do contador correto conforme a categoria (tipo de vinho) lida, permitindo contar ocorrências de múltiplas categorias em uma única passagem do laço.";3;0.7272727272727273;0.8155369294020168;0.9999999999;0.5;8.047403;2479;1275;3754
Q057;Que tipo de estrutura de repetição é mais adequado quando já se sabe exatamente quantas vezes um trecho do algoritmo deve ser executado, como ao ler as notas de uma turma de tamanho fixo?;Quando o número de repetições é conhecido de antemão, a estrutura mais adequada é a repetição com variável de controle (para), pois ela já estabelece um valor inicial, um valor final e um passo de incremento definidos antes de o laço começar, sem depender da avaliação de uma condição lógica a cada iteração como acontece no enquanto ou no repita.;Fundamentos da programação de computadores (Ana Fernanda Gomes Ascencio et al.) [Fundamentals of Computer Programming];"## Estrutura de Repetição para Número Definido de Repetições (Estrutura **PARA**)

Quando se sabe **exatamente o número de vezes** que um trecho do algoritmo deve ser repetido — como no caso de ler as notas de uma turma de tamanho fixo —, a estrutura mais adequada é a **estrutura de repetição PARA** (também conhecida como *para número definido de repetições* ou, em outras linguagens, como `for`).

### Por que a estrutura PARA é a mais adequada?

Conforme o material recuperado (do livro **""Fundamentos da Programação de Computadores""** — Ascencio et al.):

> *""Essa estrutura de repetição é utilizada quando se sabe o número de vezes que um trecho do algoritmo deve ser repetido.""*

A estrutura **PARA** é projetada especificamente para situações em que o número de iterações é **fixo e conhecido previamente**, o que se encaixa perfeitamente no seu exemplo: ler as notas de uma turma cujo tamanho já é conhecido.

### Formato geral da estrutura PARA

```
PARA I ← valor_inicial ATÉ valor_final FAÇA [PASSO n]
INÍCIO
    comando1
    comando2
    ...
    comandom
FIM
```

**Elementos principais:**

| Elemento | Descrição |
|---|---|
| **I (variável de controle)** | Controla a repetição, variando de `valor_inicial` até `valor_final` |
| **valor_inicial / valor_final** | Definem o intervalo de iterações |
| **PASSO n** (opcional) | Indica o incremento da variável de controle a cada iteração (ex.: PASSO 2 aumenta de 2 em 2) |

### Exemplo prático aplicado à sua pergunta

Se a turma tem **30 alunos** e você precisa ler a nota de cada um:

```
PARA I ← 1 ATÉ 30 FAÇA
INÍCIO
    ESCREVA ""Digite a nota do aluno "", I
    LEIA nota
FIM
```

Neste caso:
- A variável **I** inicia em **1** e vai até **30**, executando o bloco exatamente **30 vezes** — uma para cada aluno.
- Sabe-se de antemão que serão 30 repetições, o que torna a estrutura **PARA** a escolha ideal.

### Comparação com outras estruturas de repetição

O documento também menciona que existem **dois tipos** de estruturas de repetição:

1. **Número fixo de repetições** → estrutura **PARA** (usada quando se conhece o número exato de iterações)
2. **Repetição condicionada** → estruturas **ENQUANTO** e **REPITA** (usadas quando o número de iterações depende de uma condição que é avaliada durante a execução)

Como no seu cenário o número de repetições é **previamente conhecido** (tamanho fixo da turma), a estrutura **PARA** é a mais adequada, pois:
- **Garante** que o laço será executado exatamente o número de vezes especificado;
- **Controla automaticamente** a variável de contagem (incremento, limite);
- **Torna o código mais legível** e conciso em comparação às estruturas condicionais.";3;0.5789473684210527;0.9215440539362089;0.9999999999;0.0;6.069008;2341;919;3260
Q058;Em uma matriz unidimensional (vetor), qual é a vantagem operacional de usar essa estrutura em vez de declarar várias variáveis simples separadas para armazenar um conjunto de valores relacionados?;Usando uma matriz unidimensional, é possível armazenar vários valores relacionados sob um único identificador, acessando cada um deles por meio de um índice, em vez de ter que criar e nomear uma variável simples diferente para cada valor. Isso facilita o processamento com laços, pois o índice pode variar automaticamente a cada repetição para acessar sequencialmente todas as posições da estrutura.;Algoritmos Lógica para desenvolvimento de programação de computadores [Algorithms: Logic for Computer Programming Development];"## Vantagem Operacional do Vetor sobre Variáveis Simples Separadas

Com base no material recuperado, a vantagem operacional fundamental de utilizar um **vetor** (variável composta homogênea unidimensional) em vez de várias variáveis simples separadas pode ser resumida nos seguintes pontos:

---

### 1. Manipulação conjunta por meio de um único identificador

O vetor é definido como **""um conjunto de variáveis de mesmo tipo, que possuem o mesmo identificador (nome) e são alocadas sequencialmente na memória""** (Ascencio et al., Cap. 6). Como todas as posições compartilham o mesmo nome, o que as distingue é apenas um **índice**, isso permite que todo o conjunto seja referenciado e manipulado de forma unificada, em vez de tratar cada variável individualmente.

### 2. Uso de uma única estrutura de laço para processar todos os elementos

Segundo o material, **""na manipulação de uma matriz do tipo vetor, é utilizada uma única instrução de laço (enquanto, para ou repita)""**. Ou seja, com um único loop é possível percorrer, ler, modificar ou exibir todos os valores armazenados. Se fossem usadas variáveis simples separadas (ex.: `nota1`, `nota2`, `nota3`, ..., `nota100`), seria necessário escrever uma instrução para cada variável — tornando o código extenso, repetitivo e difícil de manter.

### 3. Economia de espaço em memória e eficiência

O texto também destaca que **""é a partir desse recurso que se economiza espaço em memória, tornando o programa mais eficiente""**. O vetor permite que um bloco contíguo de memória seja alocado de uma só vez, com tamanho previamente definido, evitando a sobrecarga de gerenciar múltiplas variáveis independentes.

### 4. Escalabilidade sem alteração do código

Com um vetor, se o tamanho do conjunto de dados mudar (por exemplo, de 10 para 1000 elementos), basta alterar o tamanho declarado do vetor. A lógica de processamento (o laço) permanece idêntica. Com variáveis simples, seria necessário declarar e manipular cada nova variável adicionada.

---

### Exemplo ilustrativo

| Abordagem | Código (pseudo) |
|---|---|
| **Variáveis simples** | `leia(nota1); leia(nota2); leia(nota3); ... leia(nota100);` |
| **Vetor** | `para i de 1 até 100 faça leia(notas[i]); fimpara;` |

No caso do vetor, uma única estrutura de repetição substitui 100 instruções de leitura individuais.

---

### Resumo

A grande vantagem operacional do vetor é permitir **processar um conjunto de dados relacionados de forma automatizada e compacta**, utilizando laços de repetição que acessam cada elemento por meio de um índice. Isso resulta em **código mais curto, mais eficiente, mais fácil de manter e mais escalável**, além de promover melhor aproveitamento da memória.";3;0.029411764705882353;0.7706812625460073;0.49999999995;1.0;7.050991;5834;884;6718
Q059;Como as listas em Python podem ser percorridas usando um laço while e o que controla o acesso a cada posição durante essa repetição?;"Para percorrer uma lista com while, cria-se uma variável de índice que começa em zero e é incrementada a cada repetição, enquanto essa variável for menor que o tamanho da lista (obtido com a função len); a cada iteração, o índice atual é usado para acessar o elemento correspondente da lista, avançando posição por posição até chegar ao fim.";Introdução à programação com Python (Nilo Ney Coutinho Menezes) [Introduction to Programming with Python];"## Percorrendo Listas em Python com um Laço `while`

Com base no conteúdo recuperado — especificamente do livro **""Introdução à Programação com Python""** de Nilo Ney Coutinho Menezes (p. 65–66) —, vejamos como funciona o percurso de listas usando `while`.

---

### Estrutura básica

Para percorrer uma lista com `while`, você precisa de uma **variável de controle** (um contador/índice) que rastreia qual posição da lista está sendo acessada em cada repetição. O exemplo do livro é:

```python
L = [8, 9, 15]
x = 0
while x < len(L):
    e = L[x]
    print(e)
    x += 1
```

### Como funciona passo a passo

| Elemento | Papel |
|---|---|
| **`x`** | Variável contadora (índice) — começa em `0` e controla qual posição da lista é acessada |
| **`len(L)`** | Retorna o tamanho da lista (número de elementos); usada como limite superior da condição |
| **`x < len(L)`** | Condição do `while` — garante que o índice nunca ultrapasse o último elemento válido |
| **`L[x]`** | Acessa o elemento na posição `x` da lista |
| **`x += 1`** | Incrementa o índice a cada iteração, avançando para a próxima posição |

1. **Inicialização:** `x = 0` define o acesso à primeira posição (`L[0] = 8`).
2. **Condição:** `x < len(L)` verifica se ainda há elementos a percorrer. Como `len(L)` é 3, o laço executa enquanto `x` for 0, 1 ou 2.
3. **Acesso:** `e = L[x]` lê o elemento na posição atual.
4. **Incremento:** `x += 1` avança para a próxima posição. Sem isso, o laço seria infinito.

---

### O que controla o acesso a cada posição?

O acesso a cada posição é controlado por **três elementos conjuntos**:

1. **A variável contadora (`x`)** — funciona como índice, determinando qual posição da lista é lida em cada iteração.
2. **A condição do `while` (`x < len(L)`)** — define o limite da repetição, ou seja, até onde o índice pode ir antes de o laço parar.
3. **O incremento (`x += 1`)** — garante que o índice avança a cada repetição, permitindo o acesso sequencial a cada elemento.

---

### `while` vs `for`

O livro também destaca que, embora o `for` seja mais conveniente para percorrer listas elemento a elemento:

> *""while é indicado para repetições nas quais não sabemos ainda quantas vezes vamos repetir ou onde manipulamos os índices de forma não sequencial.""*

Ou seja, o `while` oferece **controle manual sobre o índice**, sendo útil quando você precisa saltar posições, acessar elementos de forma não linear ou interromper o percurso sob condições específicas.";3;0.6956521739130435;0.8706758879316073;0.9999999999;1.0;5.541031;2689;886;3575
Q060;Qual é a relação entre a função len e os índices válidos de uma lista em Python?;A função len retorna o número de elementos de uma lista e, como a contagem de índices em Python começa em zero, os índices válidos de uma lista vão de 0 até o valor retornado por len menos 1. Por causa disso, as comparações usadas para percorrer a lista (como em um laço while) geralmente testam se o índice é menor que o len da lista, e não menor ou igual a ele.;Introdução à programação com Python (Nilo Ney Coutinho Menezes) [Introduction to Programming with Python];"## Relação entre a função `len` e os índices válidos de uma lista em Python

Com base no conteúdo recuperado do livro **""Introdução à Programação com Python""** (Nilo Ney Coutinho Menezes), a relação entre a função `len` e os índices válidos de uma lista é a seguinte:

### 1. `len` retorna o **número de elementos** da lista

A função `len(L)` retorna a quantidade total de elementos em uma lista `L`. Por exemplo:

```python
L = [12, 9, 5]
len(L)  # retorna 3

V = []
len(V)  # retorna 0
```

### 2. O valor retornado por `len` **não é um índice válido**

Como os índices de uma lista em Python começam em **0**, os índices válidos de uma lista de tamanho `n` vão de `0` até `n - 1`. Portanto, o valor retornado por `len(L)` é **igual a um além do último índice válido**. O próprio livro destaca:

> *""Observe que o valor retornado pela função len é um número que não pode ser utilizado como índice, mas que é perfeito para testarmos os limites.""*

Ou seja, se `len(L) == 3`, os índices válidos são `0`, `1` e `2` — e **não** `3`.

### 3. `len` é ideal para controlar limites em loops

Essa característica torna `len` perfeita para ser usada como condição de paragem em ciclos de repetição. Compare:

```python
# Versão com valor fixo — frágil
L = [1, 2, 3]
x = 0
while x < 3:
    print(L[x])
    x += 1

# Versão com len — flexível e robusta
L = [1, 2, 3]
x = 0
while x < len(L):
    print(L[x])
    x += 1
```

A vantagem da versão com `len` é que **se a lista mudar de tamanho**, o programa continua a funcionar corretamente sem ajustes manuais:

```python
L = [7, 8, 9, 10, 11, 12]
x = 0
while x < len(L):  # funciona automaticamente para 6 elementos
    print(L[x])
    x += 1
```

### 4. Uso de `len` para validação de índices

O livro também mostra o uso de `len` para validar se um índice está dentro dos limites válidos de uma lista:

```python
def indiceVálido(self, i):
    return i >= 0 and i < len(self.lista)
```

Esta função verifica se o índice `i` está entre `0` e `len(lista) - 1`, ou seja, dentro da faixa de índices válidos.

---

### Resumo

| Conceito | Valor |
|---|---|
| Índice mínimo válido | `0` |
| Índice máximo válido | `len(L) - 1` |
| Valor retornado por `len(L)` | Número de elementos (não é um índice válido) |
| Uso típico | Controle de limites em loops e validação de índices |

A relação fundamental é: **`len(L)` fornece o limite superior (exclusivo) dos índices válidos** de uma lista, o que a torna a ferramenta ideal para iterar sobre listas e verificar se um índice está dentro dos limites permitidos.";3;0.8823529411764706;0.8917465999361345;0.8333333332916666;1.0;5.664263;2814;951;3765
Q061;Qual é a diferença fundamental entre um procedimento e uma função como subprogramas?;Ambos desviam a execução do programa principal para realizar uma tarefa específica, mas uma função sempre retorna um valor a quem a chamou, um valor associado ao seu próprio nome, enquanto um procedimento realiza a operação e não retorna nenhum valor ao ponto de chamada.;Fundamentos da programação de computadores (Ana Fernanda Gomes Ascencio et al.) [Fundamentals of Computer Programming];"## Diferença Fundamental entre Procedimento e Função como Subprogramas

A diferença fundamental entre um **procedimento** e uma **função** como subprogramas está na **capacidade de retornar um valor**.

---

### 📌 Definição Central

Existem duas categorias distintas de subprogramas — **procedimentos** e **funções** —, ambas podendo ser vistas como estratégias para ampliar a linguagem de programação. Os subprogramas são conjuntos de sentenças que definem **computações parametrizadas**.

- **Funções**: **retornam valores**.
- **Procedimentos**: **não retornam valores**.

---

### 🔍 Detalhes da Diferença

1. **Retorno de valor**: A principal diferença é que uma função **sempre retorna um determinado conteúdo**. Esse conteúdo é retornado automaticamente no próprio nome da função e pode ocorrer em operações de processamento (matemático ou lógico) e de saída. Por essa razão, é preciso **indicar o tipo de dado da função**. Por exemplo, uma função `FATORIAL(N : inteiro) : inteiro` retorna um valor inteiro que pode ser usado em expressões.

2. **Uso como sentenças**: As computações de um **procedimento** são representadas por **sentenças de chamada simples**. Na verdade, procedimentos **definem novas sentenças** — ou seja, eles são usados para realizar ações, não para produzir valores. Por exemplo, se uma linguagem não possui uma sentença de ordenação, um usuário pode criar um procedimento para ordenar vetores de dados e usar uma chamada para esse procedimento no lugar da sentença de ordenação não disponível.

3. **Flexibilidade em linguagens modernas**: Na maioria das linguagens que **não incluem procedimentos** como uma forma distinta de subprograma, as funções podem ser definidas de forma a **não retornarem valores**, sendo usadas como procedimentos. Linguagens mais antigas, como **Fortran**, são exemplos que distinguem claramente entre os dois.

---

### 📝 Resumo

| Característica | Procedimento | Função |
|---|---|---|
| **Retorna valor?** | ❌ Não | ✅ Sim |
| **Tipo de dado declarado** | Não necessário | Sim, obrigatório |
| **Uso** | Como uma nova sentença (ação) | Em expressões e atribuições |
| **Resultado** | Através de parâmetros (efeito colateral) | Retornado automaticamente no nome |

---

### 📚 Fontes de Embasamento

- **Grafo de conhecimento**: A entidade **Algoritmo** está relacionada a **Dados de entrada** e **Dados de saída** — os procedimentos e funções são subprogramas que processam dados de entrada e produzem resultados, sendo a forma como retornam esses resultados (ou não) o que os diferencia.

- **Texto recuperado (Sebesta, ""Conceitos de Linguagens de Programação"")**: Define que ""funções retornam valores — os procedimentos, não"" e explica que procedimentos definem novas sentenças.

- **Texto recuperado (Forbellone & Eberspächer, ""Algoritmos: Lógica para Desenvolvimento de Programação de Computadores"")**: Reforça que ""a principal diferença entre uma sub-rotina (procedimento) e uma função é a capacidade de uma função sempre retornar um determinado conteúdo"", retornado automaticamente no próprio nome da função.

- **Texto recuperado (Dilermando Junior & Gilberto Nakamiti, ""Algoritmos e Programação de Computadores"")**: Questiona explicitamente: ""se uma função é tão semelhante a um procedimento, o que diferencia um do outro?"" e indica que a diferença ocorre em linguagens que implementam ambos.";3;0.37142857142857144;0.9412616771151235;0.49999999995;1.0;5.814247;4042;955;4997
Q062;No método de módulos de Forbellone, o que distingue um módulo com 'contexto de ação' de um módulo com 'contexto de resultado'?;Um módulo tem contexto de ação quando sua essência é executar um conjunto de ações que resolve parte do problema, sem preocupação em retornar um valor específico. Um módulo tem contexto de resultado quando sua finalidade é calcular e retornar, por meio do comando 'retorne', um único valor que passa a ser associado ao próprio nome do módulo, exigindo compatibilidade entre o tipo desse valor e o tipo da variável que o recebe.;Lógica de programação (André Luiz Villar Forbellone) [Programming Logic];"## Distinção entre ""Contexto de Ação"" e ""Contexto de Resultado"" no método de módulos de Forbellone

Com base na obra **""Lógica de Programação""** de **Forbellone & Eberspacher**, os módulos (subalgoritmos) são classificados pelo seu **contexto**, que é definido pela essência e pelo objetivo do módulo. A distinção é a seguinte:

---

### 🔹 Contexto de Ação

Um módulo possui **contexto de ação** quando ele se preocupa com **um processo em particular**, ou seja, quando seu **conjunto de ações** é o que perfaz sua essência. O foco está nos **processos e atividades realizadas**, e não na produção de um valor específico.

> *""Assumiremos que um módulo possui contexto de ação quando ele se preocupar com um processo em particular, quando seu conjunto de ações for o que perfaz sua essência.""*

**Exemplos citados por Forbellone:**
- Módulos de **Entrada** e **Impressão** — cada um resolve uma pequena parte do algoritmo (leitura de dados, exibição de resultados), focando na execução de uma atividade específica.

---

### 🔹 Contexto de Resultado

Um módulo possui **contexto de resultado** quando ele se preocupa com **um valor especial**, ou seja, quando sua característica principal é **calcular ou obter um resultado**. A essência do módulo está no valor que ele produz e retorna.

> *""Assumiremos que um módulo possui contexto de resultado quando este se preocupar com um valor especial, quando sua característica for a de calcular um resultado.""*

**Exemplos citados por Forbellone:**
- Funções matemáticas como: calcular uma **raiz**, um **valor absoluto**, um **fatorial**, ou verificar se um número é **par**, **primo**, etc.

---

### 📌 Resumo Comparativo

| Característica | Contexto de Ação | Contexto de Resultado |
|---|---|---|
| **Foco principal** | Processos e atividades realizadas | Cálculo ou obtenção de um valor específico |
| **Essência** | O conjunto de ações em si | O valor/resultado produzido |
| **Exemplos** | Entrada de dados, Impressão | Calcular raiz, fatorial, verificar se número é primo |

---

### Base no Grafo de Conhecimento

As entidades e relações que sustentam esta resposta incluem:

- **FORBELLONE & EBERSPACHER** → `[DEFINES]` → **Algoritmo**: definem algoritmo como um conjunto de regras formais para a obtenção de um resultado.
- **Dados de entrada** → `[RELATES_TO]` → **Dados de saída**: os dados de entrada são transformados em dados de saída, o que está diretamente ligado à ideia de contexto de resultado (produzir um valor).
- **Algoritmo** → `[RELATES_TO]` → **Problema**: o módulo é definido a partir do entendimento lógico de um problema particular, e seu contexto (ação ou resultado) determina como ele aborda essa solução.

Em suma, a distinção central está em **o que é a essência do módulo**: se o foco é **fazer/executar um processo** (contexto de ação) ou se o foco é **produzir/retornar um valor** (contexto de resultado).";3;0.5185185185185185;0.8595226012948533;0.99999999995;0.5;7.402641;9255;966;10221
Q063;O que é o fator de carga de uma tabela hash e por que ele é usado como critério para redimensionar a tabela?;"O fator de carga mede a proporção entre o número de itens armazenados e o número total de posições no vetor subjacente da tabela hash (por exemplo, 2 itens em 5 posições dá um fator de carga de 2/5). Quando esse valor fica alto, a chance de colisões aumenta e o desempenho piora; por isso, quando ele ultrapassa um certo limiar (uma boa regra prática é 0.7), um vetor maior é criado, normalmente com o dobro do tamanho original, e todos os itens são reinseridos usando a função hash, o que reduz o fator de carga e mantém o tempo médio de execução próximo de O(1).";Entendendo Algoritmos (Aditya Y. Bhargava) [Grokking Algorithms];"## Fator de Carga de uma Tabela Hash

### O que é?

O **fator de carga** de uma tabela hash é uma métrica simples que indica o quão ""cheia"" a tabela está. Ele é calculado pela razão entre o número de itens armazenados e o número total de espaços (slots) disponíveis no array subjacente da tabela.

> **Fator de carga = nº de itens / nº de espaços no array**

Por exemplo, se uma tabela hash tem 10 espaços e contém 7 itens, o fator de carga é **0,7**.

### Por que é usado como critério para redimensionar a tabela?

O fator de carga é utilizado como critério de redimensionamento porque ele está diretamente ligado ao **desempenho da tabela hash**, especificamente à quantidade de **colisões** que ocorrem:

1. **Colisões aumentam com o fator de carga:** Quando a tabela está muito cheia (fator de carga alto), há maior probabilidade de dois itens diferentes serem mapeados para o mesmo slot pela função hash, gerando colisões. Colisões degradam o desempenho, pois exigem tratamento adicional (como encadeamento ou sondagem linear), o que aumenta o tempo de busca, inserção e remoção.

2. **Redimensionar reduz colisões:** Quando o fator de carga cresce, é necessário adicionar mais espaços à tabela — um processo chamado **redimensionamento**. O procedimento envolve:
   - Criar um novo array com **o dobro do tamanho** do array original (definido empiricamente como um bom tamanho);
   - **Reinserir todos os itens** na nova tabela usando a função hash (que agora mapeia para os novos slots disponíveis).

3. **Regra prática:** Como consta no material consultado (do livro *Entendendo Algoritmos*, de Aditya Y. Bhargava), uma boa regra geral é:
   > **Redimensione quando o fator de carga for maior que 0,7.**

   Com um fator de carga menor (ex.: ⅜ após o redimensionamento), haverá menos colisões e a tabela terá melhor desempenho.

4. **Custo do redimensionamento:** Embora o redimensionamento seja uma operação ""cara"" (precisa copiar e reinserir todos os itens), ele **não deve ser feito com frequência**. Mesmo assim, em média, as tabelas hash mantêm um tempo de execução **O(1)** para as operações básicas.

### Resumo

| Conceito | Detalhe |
|---|---|
| **Definição** | Razão entre itens armazenados e slots disponíveis |
| **Critério de redimensionamento** | Fator de carga > 0,7 |
| **Efeito de fator alto** | Mais colisões → pior desempenho |
| **Efeito do redimensionamento** | Novo array com dobro do tamanho → menos colisões → melhor desempenho |
| **Custo** | Operação cara, mas amortizada — tabelas hash permanecem O(1) em média |

**Fontes:** Os trechos acima foram extraídos do livro *Entendendo Algoritmos* (Aditya Y. Bhargava), páginas 96–101, recuperados via busca semântica. O grafo de conhecimento não retornou entidades estruturadas para esta consulta.";3;0.6590909090909091;0.9999996357007631;0.99999999995;1.0;6.3511;1842;858;2700
Q064;No exemplo com as sub-rotinas S2 (parâmetro por valor) e S3 (parâmetro por referência) do livro de Ascencio et al., o que acontece com as variáveis globais X e Y do programa principal após cada chamada?;Depois da chamada de S2, que recebe X e Y por valor, os valores das variáveis globais permanecem inalterados, pois a sub-rotina modificou apenas cópias locais. Depois da chamada de S3, que recebe os mesmos nomes por referência, as alterações feitas dentro da sub-rotina são refletidas diretamente nas variáveis globais do programa principal, porque elas se comportam como variáveis globais dentro da sub-rotina.;Fundamentos da programação de computadores (Ana Fernanda Gomes Ascencio et al.) [Fundamentals of Computer Programming];"## Análise do Exemplo de Ascencio et al.

O exemplo do livro **""Fundamentos da Programação de Computadores""** (Ascencio et al.) demonstra de forma prática a diferença entre **passagem por valor** e **passagem por referência**. A seguir, o que acontece com as variáveis globais **X** e **Y** após cada chamada de sub-rotina:

---

### Valores iniciais (globais)
```
X = 1,  Y = 2
```

---

### Após a chamada de **S2(X, Y)** — parâmetros **por valor**

A sub-rotina S2 recebe **cópias** dos valores de X e Y:

```portugol
SUB_ROTINA S2 (X, Y NUMÉRICO)  // parâmetro por valor
  DECLARE Z NUMÉRICO
  X ← X + 2    // 1 + 2 = 3
  Y ← Y * 2    // 2 * 2 = 4
  Z ← X + Y    // 3 + 4 = 7
FIM_SUB_ROTINA S2
```

- **Dentro de S2:** X = 3, Y = 4, Z = 7 (valores impressos na tela).
- **Após S2 (globais):** **X = 1, Y = 2** — **inalterados!**

> 🔑 **Por que não mudam?** Na passagem **por valor**, a sub-rotina trabalha com *cópias* locais dos argumentos. Qualquer modificação feita dentro da sub-rotina **não afeta** as variáveis globais originais.

---

### Após a chamada de **S3(X, Y)** — parâmetros **por referência**

A sub-rotina S3 recebe **referências** (endereços) das próprias variáveis globais X e Y:

```portugol
SUB_ROTINA S3 (X, Y NUMÉRICO)  // parâmetro por referência
  DECLARE A NUMÉRICO
  A ← X + Y    // 1 + 2 = 3
  X ← X - 1    // 1 - 1 = 0
  Y ← Y - 2    // 2 - 2 = 0
FIM_SUB_ROTINA S3
```

- **Dentro de S3:** X = 0, Y = 0, A = 3 (valores impressos na tela).
- **Após S3 (globais):** **X = 0, Y = 0** — **alterados!**

> 🔑 **Por que mudam?** Na passagem **por referência**, a sub-rotina opera diretamente sobre as variáveis originais. Toda modificação feita dentro da sub-rotina **afeta** as variáveis globais.

---

### Resumo comparativo

| Momento | X (global) | Y (global) |
|---|---|---|
| **Valores iniciais** | 1 | 2 |
| **Após S1** (sem parâmetros — usa variáveis locais próprias) | 1 | 2 |
| **Após S2** (por **valor** — cópias locais) | 1 | 2 |
| **Após S3** (por **referência** — endereços das globais) | **0** | **0** |

---

### Conclusão

Este exemplo do livro ilustra claramente os dois mecanismos de passagem de parâmetros:

- **Passagem por valor** (S2): a sub-rotina modifica apenas cópias locais; as variáveis globais permanecem **intactas**.
- **Passagem por referência** (S3): a sub-rotina opera diretamente sobre as variáveis originais; as globais são **modificadas** de forma permanente.";3;0.043478260869565216;0.5183669085756989;0.49999999995;0.0;6.408922;2755;1317;4072
Q065;No exemplo de Forbellone sobre escopo de variáveis com módulos aninhados, o que acontece quando uma variável K é declarada tanto no início do algoritmo (global) quanto dentro de um módulo interno, com o mesmo nome?;Quando ocorre esse conflito de nomes, o módulo em que a variável foi declarada localmente, assim como os módulos hierarquicamente subordinados a ele, sempre usam a variável local, ignorando a variável global de mesmo nome. Os módulos que não descendem desse módulo continuam a enxergar apenas a variável global original K.;Lógica de programação (André Luiz Villar Forbellone) [Programming Logic];"## Resposta sobre o Escopo de Variáveis no Exemplo de Forbellone

Com base no trecho recuperado da obra de **Forbellone & Eberspächer** (livro *""Lógica de Programação""*), o exemplo de módulos aninhados apresentado pelo autor descreve a seguinte situação:

### Estrutura do Exemplo

- As variáveis **K** e **J**, declaradas no início do algoritmo, são **globais** — visíveis a princípio a todos os módulos.
- A variável **M** é **local ao módulo 3** (visível apenas a ele).
- A variável **Y** é **local ao módulo 2**.
- A variável **X** é local ao módulo 1, mas também visível ao módulo 2 (relativamente global ao módulo 2).

### O Conflito da Variável K

A situação particular ocorre quando a variável **K** é declarada **tanto no início do algoritmo (escopo global) quanto no interior do módulo 1 (escopo local)**. Isso gera um **conflito de declaração**, pois duas variáveis com o mesmo nome coexistem em escopos diferentes.

### Regra Adotada por Forbellone

A regra assumida pelo autor é:

> **A variável utilizada no interior do módulo será aquela definida dentro do próprio módulo**, ignorando a existência da variável global de mesmo nome.

Em outras palavras, dentro do módulo 1, qualquer referência a **K** acessará a versão **local** (declarada dentro do módulo 1), e não a versão **global** (declarada no início do algoritmo). Fora do módulo 1, a variável **K** global continua acessível normalmente.

### Resumo do Comportamento

| Contexto | Qual K é utilizada? |
|---|---|
| **Dentro do módulo 1** | A variável K **local** ao módulo 1 |
| **Fora do módulo 1** (demais módulos ou algoritmo principal) | A variável K **global** |

Esse comportamento é coerente com o conceito de **escopo estático** (ou escopo léxico), também discutido por **Robert W. Sebesta** em *""Conceitos de Linguagens de Programação""*, onde a variável mais interna (declarada no escopo mais próximo) oculta (""shadows"") as variáveis de mesmo nome em escopos envolventes. Esse princípio foi introduzido por **ALGOL 60** e adotado pela maioria das linguagens imperativas subsequentes.";3;0.6923076923076923;0.6787831149254816;0.99999999995;1.0;4.701431;3525;990;4515
Q066;Segundo Ascencio et al., qual é a diferença entre uma variável local e uma variável global em um algoritmo com sub-rotinas, e o que acontece com cada uma delas ao final da execução?;As variáveis locais são declaradas dentro de uma sub-rotina e só podem ser usadas dentro dela, sendo destruídas (perdendo seu conteúdo) assim que a execução da sub-rotina termina. As variáveis globais são declaradas fora de qualquer sub-rotina e podem ser acessadas por qualquer parte do programa, inclusive pelas sub-rotinas, sendo destruídas somente quando o programa inteiro termina.;Fundamentos da programação de computadores (Ana Fernanda Gomes Ascencio et al.) [Fundamentals of Computer Programming];"## Diferença entre Variáveis Locais e Globais segundo Ascencio et al.

Com base nos trechos recuperados da obra **""Fundamentos da programação de computadores""** (Ana Fernanda Gomes Ascencio et al.), bem como em conteúdo complementar de mesma temática, a diferença entre variáveis locais e globais pode ser resumida da seguinte forma:

---

### 🔹 Variável Global
- É **declarada no início do programa principal** (antes das sub-rotinas), tornando-se acessível a todas as sub-rotinas subsequentes.
- No exemplo do livro, as variáveis `X` e `Y` declaradas no algoritmo principal são **variáveis globais**:
  > `DECLARE X, Y NUMÉRICO // variáveis globais`

### 🔹 Variável Local
- É **declarada dentro de uma sub-rotina**, sendo válida e referenciada apenas dentro daquele escopo.
- No exemplo, dentro da sub-rotina `S1`, as variáveis `X`, `Y` e `Z` são **locais**:
  > `DECLARE X, Y, Z NUMÉRICO // variáveis locais da sub-rotina S1`
- Mesmo que tenham o **mesmo nome** de variáveis globais, ocupam **posições de memória distintas**, não causando conflito de compilação.

---

### ⚡ O que acontece ao final da execução?

O trecho recuperado é bastante claro a esse respeito:

> **""As variáveis locais ocupam memória do computador apenas enquanto a sub-rotina, onde ela foi criada, está em execução. Terminada a execução, os espaços de memória ocupados por elas são liberados, e seu conteúdo é perdido. As variáveis globais permanecem ocupando a memória do computador o tempo todo em que o programa principal está em execução.""**

Ou seja:

| Aspecto | Variável Local | Variável Global |
|---|---|---|
| **Escopo** | Apenas dentro da sub-rotina onde foi declarada | Todo o programa principal e sub-rotinas subsequentes |
| **Tempo de vida na memória** | Enquanto a sub-rotina está em execução | Enquanto o programa principal está em execução |
| **Ao final da execução da sub-rotina** | A memória é **liberada** e o conteúdo é **perdido** | Continua na memória, **preservando seu conteúdo** |
| **Conflito de nomes** | Pode ter o mesmo nome de uma global sem erro (ocupa outra posição de memória) | Se redeclarada como local dentro de uma sub-rotina, a local ""encobre"" a global naquele escopo |

---

### 📌 Resumo
Segundo Ascencio et al., a **variável local** existe apenas durante a execução da sub-rotina em que foi declarada — ao término, **sua memória é liberada e o conteúdo é perdido**. Já a **variável global** persiste na memória durante toda a execução do programa principal, **mantendo seus valores** mesmo após as sub-rotinas terminarem.";3;0.6875;0.7220361029656691;0.9999999999666667;1.0;7.490461;6003;1148;7151
Q067;O que é recursão e por que toda função recursiva precisa de um caso base?;Recursão é quando uma função chama a si mesma para resolver um problema, geralmente reduzindo-o a uma versão menor do mesmo problema. Toda função recursiva precisa de um caso base, a situação mais simples em que a função para de chamar a si mesma, porque sem ele as chamadas se repetiriam indefinidamente, resultando em um laço infinito que nunca produz um resultado.;Entendendo Algoritmos (Aditya Y. Bhargava) [Grokking Algorithms];"## O que é Recursão?

**Recursão é quando uma função chama a si mesma.** Em vez de resolver um problema de uma só vez, a função decomõe o problema em subproblemas menores e invoca a si mesma para resolvê-los, até que o problema seja tão simples que possa ser resolvido diretamente.

De acordo com o livro *Entendendo Algoritmos* (Aditya Y. Bhargava), toda função recursiva contém **dois casos**:

1. **Caso base:** é a condição que faz a função **parar** de chamar a si mesma. É a situação mais simples do problema, que pode ser resolvida diretamente, sem nova chamada recursiva.
2. **Caso recursivo:** é a parte em que a função chama a si mesma com uma versão reduzida do problema, aproximando-se progressivamente do caso base.

---

## Por que toda função recursiva precisa de um caso base?

O caso base é essencial por **evitar um loop infinito**. Sem ele, a função continuaria chamando a si mesma indefinidamente, sem nunca retornar.

### O problema prático: a Pilha de Chamada

Cada vez que uma função é chamada, o computador **aloca memória na pilha de chamada** (*call stack*) para armazenar o estado da execução. A pilha tem duas operações:

- **push** — insere informação no topo da pilha (nova chamada de função).
- **pop** — remove e lê a informação do topo da pilha (função termina e retorna).

Se uma função recursiva **não tem caso base**, ela chama a si mesma infinitamente. A pilha de chamada cresce sem parada, ocupando cada vez mais memória, até que o programa **trava** por esgotamento de memória (conhecido como *stack overflow*).

> Como destacado no exercício 3.2 do livro: *""Suponha que você acidentalmente escreva uma função recursiva que fica executando infinitamente. (...) O que acontece com a pilha quando a função recursiva fica executando infinitamente?""* — a resposta é: a pilha enche e o programa trava.

### Exemplo prático: contagem regressiva

Considere uma função de contagem regressiva escrita **sem** caso base:

```python
def regressiva(i):
    print(i)
    regressiva(i - 1)   # caso recursivo — nunca para!
```

Executando: `3...2...1...0...-1...-2...` → executa para sempre (loop infinito).

Com um **caso base** adicionado:

```python
def regressiva(i):
    if i <= 0:          # caso base — para a recursão
        return
    else:
        print(i)
        regressiva(i - 1)  # caso recursivo
```

Executando: `3...2...1` → para corretamente.

---

## Dica prática do material

> *""Quando estiver escrevendo uma função de recursão que envolva um array, o caso base será, muitas vezes, um array vazio ou um array com apenas um elemento. Se estiver com problemas, use este caso como base.""*

---

## Resumo

| Conceito | Descrição |
|---|---|
| **Recursão** | Uma função que chama a si mesma para resolver subproblemas menores |
| **Caso base** | Condição de parada que impede o loop infinito |
| **Caso recursivo** | Chamada recursiva que reduz o problema em direção ao caso base |
| **Pilha de chamada** | Estrutura que armazena cada chamada de função; sem caso base, ela estoura |
| **Sem caso base** | Loop infinito → pilha de chamada enche → estouro de memória (*stack overflow*) |

A recursão é considerada elegante e facilita a abstração e modularidade, mas exige cuidado com o consumo de memória da pilha de chamada. Alternativas incluem reescrever com loops ou usar **tail recursion** (recursão de cauda), uma técnica avançada que nem todas as linguagens suportam.";3;0.13043478260869565;1.0;0.5833333333041666;1.0;7.778683;4591;1058;5649
Q068;O que é a 'pilha de chamadas' e como ela se relaciona com a recursão?;"A pilha de chamadas é a estrutura que o computador usa internamente para acompanhar o estado de cada chamada de função que ainda não terminou; cada nova chamada é empilhada no topo e, quando uma função retorna, a sua parte é removida do topo, devolvendo a execução à função anterior. Em funções recursivas, cada chamada recursiva cria uma nova entrada nessa pilha, então uma recursão muito profunda pode consumir muita memória.";Entendendo Algoritmos (Aditya Y. Bhargava) [Grokking Algorithms];"## A Pilha de Chamadas e sua Relação com a Recursão

Com base no conteúdo recuperado do livro **""Entendendo Algoritmos""** de Aditya Y. Bhargava, aqui está uma explicação detalhada:

---

### 📦 O que é a Pilha de Chamadas?

A **pilha de chamadas** (*call stack*) é uma estrutura de dados fundamental em programação que funciona como uma **pilha de notas adesivas**. Ela possui apenas duas operações:

- **Push** → inserir um item no topo da pilha
- **Pop** → remover e ler o item do topo da pilha

A analogia usada no livro é a de uma lista de afazeres em notas adesivas: quando você insere um item, ele vai para o **topo**; quando você lê um item, você lê apenas o do topo e o remove. **O último item inserido é o primeiro a ser removido** (estrutura LIFO — *Last In, First Out*).

A pilha de chamadas, especificamente, é usada pelo computador para **rastrear as chamadas de funções** que estão em andamento. Cada vez que uma função é chamada, suas informações (variáveis locais, ponto de execução, etc.) são empilhadas (*push*). Quando a função termina, ela é desempilhada (*pop*).

---

### 🔁 Como a Recursão se Relaciona com a Pilha de Chamadas?

A **recursão** é quando uma função chama a si mesma. Toda função recursiva possui dois componentes:

1. **Caso-base** — a condição que para a recursão
2. **Caso recursivo** — a condição em que a função chama a si mesma

A relação fundamental é a seguinte:

> **Cada chamada recursiva adiciona um novo item na pilha de chamadas.**

Isso significa que quando uma função recursiva chama a si mesma repetidamente, o computador **salva cada chamada parcialmente completada na pilha**, junto com todas as suas variáveis locais. Como o texto descreve:

> *""O 'monte de caixas' é salvo na pilha! Esta é uma pilha com as funções de chamada completadas até a metade, cada uma com a sua lista de caixas, também completadas até a metade, para serem analisadas.""*

Ou seja, a pilha de chamadas **rastreia automaticamente** todas as chamadas recursivas pendentes — você não precisa gerenciar isso manualmente. A pilha ""lembra"" onde cada função estava e retoma a execução na ordem inversa (de dentro para fora), desempilhando cada chamada conforme ela é concluída.

---

### ⚠️ O Custo da Recursão na Pilha

Embora usar a pilha seja conveniente, existe um **custo de memória**:

> *""Salvar toda essa informação pode ocupar muita memória. Cada uma destas funções de chamada ocupa um pouco de memória, e quando a sua pilha está muito cheia é sinal de que seu computador está salvando informação para muitas chamadas de funções.""*

Quando a pilha fica muito cheia, ocorre o que se chama de **stack overflow** (estouro de pilha). O livro menciona duas alternativas para contornar esse problema:

1. **Reescrever o código utilizando loops** (substituindo a recursão por iteração)
2. **Usar *tail recursion* (recursão de cauda)** — uma técnica avançada que nem todas as linguagens de programação suportam

O livro também levanta um exercício interessante: se uma função recursiva for escrita **sem um caso-base adequado**, ela executará infinitamente, e a pilha continuará crescendo sem parar — pois o computador aloca memória para **cada** chamada de função — até que a memória se esgote e o programa trave.

---

### 📝 Recapitulando

| Conceito | Resumo |
|---|---|
| **Recursão** | Quando uma função chama a si mesma |
| **Caso-base e caso recursivo** | Os dois componentes obrigatórios de toda função recursiva |
| **Pilha** | Estrutura com operações *push* e *pop* |
| **Pilha de chamadas** | Rastreia as funções em execução; cada chamada recursiva ocupa um espaço na pilha |
| **Custo** | Acúmulo de memória; pode causar *stack overflow* se não houver caso-base |

Em resumo, **a pilha de chamadas é o mecanismo que torna a recursão possível**: ela armazena o estado de cada chamada recursiva pendente e permite que o computador retome cada função na ordem correta quando as chamadas mais profundas começam a retornar.";3;0.28888888888888886;0.866121234573606;0.9999999999666667;1.0;9.555365;1973;1228;3201
Q069;Como funciona a função fatorial recursiva e qual é o seu caso base?;A função fatorial recursiva retorna 1 quando o argumento é igual a 1 (esse é o caso base) e, em qualquer outro caso, retorna o próprio argumento multiplicado pelo resultado da chamada recursiva com o argumento menos um. Assim, calcular o fatorial de um número é reduzido repetidamente a calcular o fatorial de um número menor, até que o caso base seja alcançado.;Entendendo Algoritmos (Aditya Y. Bhargava) [Grokking Algorithms];"## Função Fatorial Recursiva

Com base nos documentos recuperados, vou explicar como funciona a função fatorial recursiva e seu caso base.

---

### 📌 O que é a função fatorial recursiva?

A função **FATORIAL(N)** é uma função recursiva que calcula o fatorial de um número inteiro **N**, ou seja, o produto de todos os inteiros positivos de 1 até **N** (escrito como **N!**).

A recursividade ocorre quando a função **chama a si mesma** com um argumento menor, até atingir uma condição de parada.

### 🔄 Como funciona o processamento recursivo

A lógica da função é:

```
FATORIAL(N) = FATORIAL(N - 1) * N
```

Ou seja, para calcular o fatorial de **N**, a função:
1. **Chama a si mesma** com o valor `N - 1`;
2. Cada chamada é **empilhada** (colocada em uma pilha de execução);
3. Quando o caso base é atingido, a função começa a **retornar** os valores, efetuando as multiplicações sucessivas.

### 📊 Exemplo prático: FATORIAL(5)

Conforme ilustrado no esquema lógico do documento (*Figura 10.16* — Manzano & Oliveira, *Algoritmos: Lógica para Desenvolvimento de Programação de Computadores*, 28ª Edição, Editora Érica):

| Chamada recursiva | Empilhamento | Retorno (desempilhamento) |
|---|---|---|
| `FATORIAL(5)` | `FATORIAL(4) * 5` | `RETORNA 5 * 24 = 120` |
| `FATORIAL(4)` | `FATORIAL(3) * 4` | `RETORNA 4 * 6 = 24` |
| `FATORIAL(3)` | `FATORIAL(2) * 3` | `RETORNA 3 * 2 = 6` |
| `FATORIAL(2)` | `FATORIAL(1) * 2` | `RETORNA 2 * 1 = 2` |
| `FATORIAL(1)` | `FATORIAL(0) * 1` | `RETORNA 1 * 1 = 1` |
| `FATORIAL(0)` | **Caso base!** | `RETORNA 1` |

O resultado final é **5! = 120**.

---

### 🎯 O Caso Base

O **caso base** da função fatorial recursiva é:

> **FATORIAL(0) = 1**  (ou equivalentemente, **FATORIAL(1) = 1**)

O caso base é a condição que **interrompe a recursão**. Sem ele, a função continuaria chamando a si mesma indefinidamente, o que causaria um erro de estouro de pilha (*stack overflow*).

No esquema do documento, isso fica claro na linha:

```
FATORIAL ← 1     (quando N = 0)
RETORNA 1
```

---

### 💡 Observação importante

O documento destaca que:

> *""O processo de recursividade é considerado muito elegante em programação, pois facilita a abstração.""*

No entanto, é importante notar que, embora elegante, a recursividade pode consumir mais memória (devido à pilha de chamadas) em comparação com soluções iterativas, especialmente para valores grandes de **N**.

### 📚 Fontes utilizadas:
- **Manzano & Oliveira** — *Algoritmos: Lógica para Desenvolvimento de Programação de Computadores*, 28ª Edição, Editora Érica (páginas 207–208).
- **Nilo Ney Coutinho Menezes** — *Introdução à Programação com Python: Algoritmos e Lógica de Programação para Iniciantes* (página 123).";3;0.5675675675675675;1.0;0.5833333333041666;1.0;5.41534;2261;998;3259
Q070;Ao calcular o fatorial de 3 usando a versão recursiva, o que acontece na pilha de chamadas enquanto a função ainda não retornou nenhum valor?;A pilha de chamadas acumula uma entrada para cada chamada ainda incompleta: primeiro há a chamada com argumento 3 esperando o resultado da chamada com argumento 2, que por sua vez espera o resultado da chamada com argumento 1. Quando essa última chamada atinge o caso base e retorna 1, os valores voltam multiplicando-se em cada nível da pilha até que a chamada original retorne o resultado final, e a pilha se esvazia.;Entendendo Algoritmos (Aditya Y. Bhargava) [Grokking Algorithms];"## O que acontece na pilha de chamadas ao calcular `fatorial(3)` recursivamente (antes de qualquer retorno)

Com base no material recuperado, especialmente do livro **""Entendendo Algoritmos"" (Aditya Bhargava)** e **""Algoritmos — Lógica para Desenvolvimento de Programação"" (Manzano & Oliveira)**, podemos explicar o processo em detalhes:

---

### Conceitos-chave

1. **Recursão** é quando uma função chama a si mesma. Toda função recursiva tem dois casos:
   - **Caso-base**: a condição de parada (quando `n = 0` ou `n = 1`, retornando `1`).
   - **Caso recursivo**: a função chama a si mesma com um valor menor (`fatorial(n-1) * n`).

2. A **pilha de chamada** (call stack) é uma estrutura de dados do tipo LIFO (último a entrar, primeiro a sair) com duas operações:
   - **Push**: inserir uma chamada no topo da pilha.
   - **Pop**: remover e ler a chamada do topo.

3. **Todas as chamadas de função vão para a pilha de chamada.**

---

### Fase de empilhamento (antes de qualquer retorno)

Ao chamar `fatorial(3)`, enquanto nenhum valor foi retornado ainda, a pilha é construída de baixo para cima, empilhando cada chamada incompleta:

| Passo | Chamada na pilha | Estado |
|-------|------------------|--------|
| 1 | `fatorial(3)` | Precisa de `fatorial(2)` para calcular `fatorial(2) * 3` |
| 2 | `fatorial(2)` | Precisa de `fatorial(1)` para calcular `fatorial(1) * 2` |
| 3 | `fatorial(1)` | **Caso-base atingido!** Retorna `1` — este é o primeiro valor retornado |

Visualmente, a pilha fica assim (de baixo para cima):

```
┌──────────────────┐  ← topo
│  fatorial(1)     │   ← caso-base: retorna 1
├──────────────────┤
│  fatorial(2)     │   ← aguarda retorno para fazer: retorno * 2
├──────────────────┤
│  fatorial(3)     │   ← aguarda retorno para fazer: retorno * 3
└──────────────────┘  ← base
```

### O que está acontecendo em cada nível da pilha?

- **`fatorial(3)`** — empilhada primeiro. Precisa de `fatorial(2)` para concluir. Fica ""congelada"" aguardando.
- **`fatorial(2)`** — empilhada em seguida. Precisa de `fatorial(1)` para concluir. Fica ""congelada"" aguardando.
- **`fatorial(1)`** — empilhada por último. É o **caso-base**, então retorna `1` imediatamente.

Como explica o livro *Manzano & Oliveira*:

> *""Cada instância de chamada da função recursiva FATORIAL() ocorre de forma a **empilhar cada uma das instâncias da função em operação** para depois, no retorno, efetuar a multiplicação sucessiva típica do valor retornado com o valor armazenado na pilha.""*

### O custo dessa abordagem

O livro *Entendendo Algoritmos* ressalta:

> *""Usar a pilha é bom, porém, existe um custo: salvar toda essa informação pode consumir muita memória.""*

Cada chamada pendente na pilha ocupa espaço de memória para armazenar suas variáveis locais e o ponto de retorno. Se a recursão for muito profunda, pode ocorrer um **estouro de pilha** (stack overflow).

---

### Resumo

Antes de qualquer valor ser retornado, a pilha de chamadas contém **3 chamadas empilhadas** — `fatorial(3)`, `fatorial(2)` e `fatorial(1)` — cada uma incompleta (exceto a última, que é o caso-base). Apenas quando o caso-base é atingido e retorna `1` é que a pilha começa a ser **desempilhada** (pop), com cada chamada multiplicando o valor retornado pelo seu `n` e devolvendo o resultado para a chamada imediatamente abaixo na pilha.";3;0.11428571428571428;0.7903453801896955;0.8333333332916666;0.0;4.762075;4595;1186;5781
Q071;Como funciona a busca simples (busca linear) e qual é o seu tempo de execução em notação Big O?;Na busca simples, o algoritmo percorre a lista item por item, do início ao fim, comparando cada elemento até encontrar o valor procurado ou chegar ao fim da lista. No pior caso, todos os n elementos precisam ser verificados, então o seu tempo de execução é O(n), crescendo linearmente com o tamanho da lista.;Entendendo Algoritmos (Aditya Y. Bhargava) [Grokking Algorithms];"## Busca Simples (Busca Linear)

### Como funciona

A **busca simples**, também chamada de **pesquisa sequencial** ou **busca linear**, é o algoritmo de busca mais básico que existe. Funciona da seguinte maneira:

1. **Percorre a lista elemento por elemento**, do primeiro ao último.
2. **Compara cada elemento** com o valor que está sendo procurado.
3. **Interrompe a busca** assim que encontra o primeiro elemento cujo valor é igual ao procurado.
4. Se percorrer toda a lista sem encontrar, informa que o elemento não existe.

Conforme descrito no livro *Introdução à Programação com Python* (Nilo Ney Coutinho Menezes), a pesquisa simplesmente ""compara todos os elementos da lista com o valor procurado, interrompendo a repetição ao encontrar o primeiro elemento cujo valor é igual ao procurado"". É utilizada uma variável lógica (booleana) para verificar se o elemento foi encontrado ou se todos os elementos foram visitados sem sucesso.

### Tempo de execução em notação Big O: **O(n)**

O tempo de execução da busca simples é **O(n)**, onde **n** é o número de elementos na lista.

**Por que O(n)?**
- No **pior caso**, o elemento procurado é o último da lista (ou não existe na lista), então é necessário verificar todos os **n** elementos.
- No **melhor caso**, o elemento é o primeiro da lista, sendo necessária apenas 1 verificação.
- Na **média**, percorre-se metade da lista (n/2 elementos), mas como a notação Big O ignora constantes, o tempo médio também é expresso como **O(n)**.

### Comparação com a Busca Binária

Como destacado no livro *Entendendo Algoritmos* (Aditya Y. Bhargava), existe uma **grande diferença** entre os tempos de execução:

| Algoritmo | Tempo de Execução (Big O) |
|---|---|
| **Busca Simples** | **O(n)** |
| **Busca Binária** | **O(log n)** |

O autor ilustra isso com um exemplo prático: se você conseguisse ler dez linhas de um caderno por segundo e precisasse buscar em uma lista com **4 bilhões de elementos**:

- A **busca simples** precisaria percorrer todos os elementos (na ordagem de bilhões de verificações).
- A **busca binária** reduziria drasticamente o número de verificações para aproximadamente **32 passos** (log₂ de 4 bilhões).

### Ponto importante sobre constantes

O livro *Entendendo Algoritmos* também ressalta que, mesmo que a busca simples tenha uma constante menor (ex: 10 milissegundos por operação) comparada à busca binária (ex: 1 segundo por operação), **para listas grandes a constante não importa** — a busca binária ainda será muito mais rápida devido à diferença fundamental entre **O(n)** e **O(log n)**.

### Resumo

| Característica | Detalhe |
|---|---|
| **Funcionamento** | Percorre a lista sequencialmente, elemento por elemento |
| **Requisito** | A lista **não precisa estar ordenada** |
| **Tempo de execução** | **O(n)** |
| **Melhor caso** | O(1) — elemento encontrado na primeira posição |
| **Pior caso** | O(n) — elemento não encontrado ou na última posição |";3;0.13043478260869565;0.877846265440111;0.0;0.5;6.359009;4843;943;5786
Q072;Diferentemente da busca binária, a busca simples exige que a lista esteja ordenada para funcionar?;Não. A busca simples funciona em qualquer lista, ordenada ou não, pois apenas percorre os elementos um a um sem depender de nenhuma organização prévia dos dados. É justamente por não exigir ordenação que ela é mais lenta, O(n), do que a busca binária, O(log n), que só pode ser usada em listas ordenadas.;Entendendo Algoritmos (Aditya Y. Bhargava) [Grokking Algorithms];"## Resposta

**Não, é exatamente o oposto!** A afirmação da pergunta inverte a lógica. Vamos esclarecer:

- **A busca binária** é o algoritmo que **exige** que a lista esteja ordenada para funcionar corretamente.
- **A busca simples (ou busca sequencial/linear)** **não exige** que a lista esteja ordenada — ela percorre elemento por elemento, do início ao fim, até encontrar o valor desejado.

### O que os documentos revelam

No material **""Algoritmos — Lógica para Desenvolvimento de Programação de Computadores""** (p. 137–139), fica evidente que a **pesquisa binária** depende da ordenação prévia da lista. O algoritmo descrito inclui explicitamente um **trecho de ordenação** antes de executar a pesquisa binária:

> - **Passo 1:** Ler dez nomes e colocá-los **em ordem alfabética**.
> - **Passo 2:** Realizar a **pesquisa binária**, dividindo a lista ao meio (variável `MEIO = (COMEÇO + FINAL) div 2`) e comparando o elemento do meio com o valor pesquisado.

Essa divisão sucessiva ao meio **só funciona porque a lista está ordenada** — caso contrário, não haveria como decidir se o elemento buscado está na metade superior ou inferior.

Já a **busca simples (ou sequencial)** compara o elemento alvo com cada item da lista, um a um, independente da ordem. Ela funciona corretamente com listas **ordenadas ou não**, embora seja menos eficiente (tempo linear **O(n)**) do que a busca binária (tempo logarítmico **O(log n)**) quando a lista está ordenada.

### Resumo

| Algoritmo          | Exige lista ordenada? | Complexidade |
|--------------------|-----------------------|--------------|
| **Busca simples (sequencial)** | ❌ Não                | O(n)         |
| **Busca binária**            | ✅ Sim                 | O(log n)     |

Portanto, a busca binária é a que exige ordenação, não a busca simples.";3;0.4444444444444444;0.9341782889775839;0.0;0.0;5.452037;2846;808;3654
Q073;Como funciona a busca binária e qual é o seu pré-requisito em relação aos dados?;"A busca binária localiza um elemento em uma lista ordenada comparando o valor procurado com o elemento do meio; se o valor procurado for menor, a busca continua apenas na metade inferior; se for maior, continua na metade superior, repetindo esse processo e descartando metade dos elementos restantes a cada passo. O pré-requisito é que a lista esteja ordenada, já que sem isso não é possível decidir corretamente em qual metade continuar a busca.";Entendendo Algoritmos (Aditya Y. Bhargava) [Grokking Algorithms];"# Busca Binária: Funcionamento e Pré-requisito

Com base nas informações recuperadas dos documentos e do grafo de conhecimento, segue uma explicação detalhada:

---

## Pré-requisito fundamental

> **A busca binária exige que os dados (matriz/vetor) estejam previamente ordenados.**

Como destacado no livro *Algoritmos — Lógica para Desenvolvimento de Programação de Computadores* (p. 134):

> *""O método de pesquisa binária é, em média, mais rápido que o método de pesquisa sequencial, no entanto **exige que a matriz esteja previamente ordenada**.""*

No exemplo de código apresentado no documento (p. 138), isso fica evidente: antes mesmo de iniciar a pesquisa binária, há um **trecho de ordenação** que coloca os nomes em ordem, usando um algoritmo de troca (bubble sort simplificado).

---

## Como funciona a busca binária

A busca binária simula a mesma estratégia que usamos para consultar um **dicionário** ou uma **lista telefônica**. O processo é o seguinte:

1. **Divisão ao meio**: O método divide o conjunto de dados em duas partes (por isso chama-se *""binária""*). Calcula-se a posição central (MEIO) da matriz.

2. **Comparação com o elemento central**: Verifica-se se o valor pesquisado está na posição central:
   - **Se for igual**: A informação foi encontrada. A pesquisa termina com sucesso.
   - **Se for diferente**: Continua para o próximo passo.

3. **Descarte de metade**: Se o valor pesquisado for diferente do elemento central, determina-se em qual metade dos dados o valor pode estar (metade superior ou inferior) e descarta-se a outra metade.

4. **Repetição**: O processo é repetido na metade restante, recalculando o novo MEIO, até que:
   - O elemento seja encontrado (flag `ACHA` torna-se verdadeiro), ou
   - O intervalo se esgote (`COMEÇO > FINAL`), indicando que o elemento não existe na matriz.

---

## Estrutura do algoritmo (do documento)

Conforme o pseudocódigo do livro, as variáveis principais são:

| Variável | Função |
|---|---|
| `COMEÇO` | Índice inicial do intervalo de busca |
| `FINAL` | Índice final do intervalo de busca |
| `MEIO` | Posição central calculada: `(COMEÇO + FINAL) div 2` |
| `ACHA` | Flag (bandeira) lógica — começa falsa e vira verdadeira quando o elemento é encontrado |

A condição de continuidade do loop é: **`COMEÇO ≤ FINAL` e `ACHA = Falso`**.

---

## Por que é mais eficiente?

A cada iteração, a busca binária **elimina metade** dos elementos restantes, resultando em uma complexidade de **O(log n)**, enquanto a busca sequencial percorre elemento por elemento, com complexidade **O(n)**. No entanto, o custo dessa eficiência é justamente a **necessidade de ordenação prévia** dos dados.

---

### Resumo

| Aspecto | Detalhe |
|---|---|
| **Pré-requisito** | Dados devem estar **ordenados** |
| **Estratégia** | Dividir ao meio e descartar metade a cada iteração |
| **Complexidade** | O(log n) — muito mais rápida que a busca sequencial O(n) |
| **Analogia** | Consultar um dicionário ou lista telefônica |

As informações foram extraídas principalmente do livro *Algoritmos — Lógica para Desenvolvimento de Programação de Computadores* (páginas 134 e 138–139), complementadas por referências do livro *Entendendo Algoritmos* de Aditya Y. Bhargava.";3;0.43243243243243246;0.8377261682199992;0.5833333333041666;0.5;6.26968;2505;1098;3603
Q074;Qual é o tempo de execução da busca binária em notação Big O e por que ela é considerada muito mais rápida que a busca simples em listas grandes?;A busca binária tem tempo de execução O(log n), já que o espaço de busca é cortado pela metade a cada comparação. Isso a torna muito mais rápida que a busca simples, O(n), à medida que a lista cresce: buscar em uma lista de 4 bilhões de elementos levaria cerca de 32 comparações com a busca binária, contra até 4 bilhões de comparações com a busca simples.;Entendendo Algoritmos (Aditya Y. Bhargava) [Grokking Algorithms];"## Tempo de Execução da Busca Binária e Comparação com a Busca Simples

### Tempo de Execução em Notação Big O

A **busca binária** (ou pesquisa binária) tem tempo de execução **O(log n)**, enquanto a **busca simples** (ou pesquisa sequencial) tem tempo de execução **O(n)**.

### Por que a busca binária é muito mais rápida em listas grandes?

A diferença fundamental está em **como cada algoritmo reduz o problema**:

1. **Busca simples (O(n))**: Percorre os elementos um a um, do início ao fim, até encontrar o alvo. No pior caso, precisa verificar **todos os n elementos** da lista.

2. **Busca binária (O(log n))**: Funciona dividindo sucessivamente a lista ao meio. A cada passo, elimina **metade** dos elementos restantes. Devido a essa ""divisão sucessiva da matriz em duas partes, o volume de dados a ser verificado sempre diminui pela metade"" — é por isso que o método recebe o nome de **pesquisa binária**.

### Exemplo prático: a diferença é dramática em grandes listas

O livro *Entendendo Algoritmos* (Aditya Y. Bhargava) traz um exemplo ilustrativo:

- Suponha uma busca em uma lista com **4 bilhões de elementos**.
- Mesmo que a busca simples tenha uma constante menor (ex: 10 milissegundos por operação) e a busca binária tenha uma constante maior (ex: 1 segundo por operação), **a busca binária continua sendo muito mais rápida**. A constante não faz diferença quando os tempos de execução Big O são diferentes.

O texto também menciona que ""Vale lembrar que existe uma grande diferença entre um tempo de execução O(n) e O(log n)!"", ilustrando que, ao ler dez linhas por segundo, o tempo necessário com a pesquisa binária é dramaticamente menor que com a pesquisa simples conforme a lista cresce.

### Resumo comparativo

| Característica | Busca Simples | Busca Binária |
|---|---|---|
| **Big O** | O(n) — linear | O(log n) — logarítmico |
| **Estratégia** | Verifica elemento por elemento | Divide a lista ao meio sucessivamente |
| **Pré-requisito** | Nenhum | Lista deve estar **ordenada** |
| **Crescimento do tempo** | Cresce proporcionalmente a n | Cresce de forma logarítmica (muito mais lento) |

Em resumo, a busca binária é considerada muito mais rápida em listas grandes porque, ao invés de reduzir o espaço de busca em 1 a cada passo (como a busca simples), ela **reduz o espaço de busca pela metade** a cada passo, resultando em um crescimento logarítmico em vez de linear. Isso significa que, mesmo para listas com bilhões de elementos, o número máximo de passos permanece relativamente pequeno.";3;0.2857142857142857;0.8848268996948799;0.49999999995;0.0;6.943573;5123;841;5964
Q075;Como funciona o algoritmo de ordenação por seleção?;O algoritmo percorre repetidamente os elementos ainda não ordenados procurando o menor valor entre eles e o move para a próxima posição da lista ordenada resultante. Essa busca pelo menor elemento restante é repetida até que todos os elementos tenham sido selecionados, formando a lista final em ordem crescente.;Entendendo Algoritmos (Aditya Y. Bhargava) [Grokking Algorithms];"## Como funciona o Algoritmo de Ordenação por Seleção

A **ordenação por seleção** (*selection sort*) é um dos algoritmos mais simples de classificação de dados. Com base nas fontes recuperadas, segue uma explicação detalhada do seu funcionamento:

### Conceito Geral

A partir do grafo de conhecimento, observamos que um **Algoritmo** é definido por diversos autores como uma *sequência ordenada de passos* (conforme definição de **Saliba** e **Berg & Figueiró**) ou um *conjunto de regras formais para a obtenção de um resultado* (segundo **Forbellone & Eberspacher**). O algoritmo toma **Dados de Entrada**, processa-os e produz **Dados de Saída**. A ordenação por seleção é um exemplo clássico disso: recebe um array (ou lista) desordenado como entrada e devolve o array ordenado como saída.

### Passo a Passo do Funcionamento

O algoritmo funciona da seguinte maneira:

1. **Buscar o menor elemento** da lista a partir da posição atual.
2. **Adicionar esse elemento** a uma nova lista (ou trocá-lo com a primeira posição não ordenada).
3. **Repetir** o processo para os elementos restantes, até que todos estejam ordenados.

Conforme o livro *Entendendo Algoritmos* (Aditya Y. Bhargava), a ideia pode ser ilustrada com um exemplo prático: imagine que você tem um monte de músicas e quer ordenar os artistas do mais tocado para o menos tocado. O algoritmo busca sempre o menor (ou maior) elemento restante e o posiciona na ordem correta.

### Exemplo de Código (Python)

O livro *Entendendo Algoritmos* apresenta o código em duas partes:

**Função auxiliar — buscar o menor elemento:**
```python
def buscaMenor(arr):
    menor = arr[0]          # Armazena o menor valor
    menor_indice = 0       # Armazena o índice do menor valor
    for i in range(1, len(arr)):
        if arr[i] < menor:
            menor = arr[i]
            menor_indice = i
    return menor_indice
```

**Ordenação por seleção propriamente dita:**
```python
def ordenacaoporSelecao(arr):
    novoArr = []
    for i in range(len(arr)):
        menor = buscaMenor(arr)       # Encontra o menor elemento
        novoArr.append(arr.pop(menor))  # Remove do original e adiciona ao novo array
    return novoArr

print(ordenacaoporSelecao([5, 3, 6, 2, 10]))
# Resultado: [2, 3, 5, 6, 10]
```

### Características Importantes

| Aspecto | Detalhe |
|---|---|
| **Complexidade de tempo** | **O(n²)** — pois para cada elemento (n), percorre-se toda a lista (n). |
| **Velocidade** | É considerado um algoritmo **lento** para grandes volumes de dados, conforme indicado no livro *Algoritmos — Lógica para Desenvolvimento de Programação de Computadores*. |
| **Categorização** | Classifica-se dentro da categoria de **classificação por seleção** (que inclui também métodos como *heapsort* e *threadedheapsort*). |
| **Aplicação** | É útil para ordenar **conjuntos pequenos de dados**, sendo de fácil entendimento e servindo de base para compreender métodos mais avançados. |
| **Comparação** | Serve como **trampolim** para entender algoritmos mais rápidos como o **Quicksort** (O(n log n)). |

### Representação Visual

Conforme as relações do grafo, um algoritmo pode ser descrito de forma **gráfica** através de **Diagramas de Blocos** (norma **ISO 5807:1985**) ou de forma **textual** através de uma **Linguagem de Programação**. A ordenação por seleção pode ser representada das duas formas, sendo o código acima uma representação textual e os fluxogramas uma representação gráfica.

### Resumo

A ordenação por seleção é um algoritmo **intuitivo e didático** que, a cada iteração, seleciona o menor elemento da parte não ordenada da lista e o coloca na posição correta. Embora eficaz, sua **complexidade O(n²)** o torna ineficiente para grandes conjuntos de dados, sendo mais adequado para aprender os fundamentos de algoritmos de ordenação antes de avançar para métodos mais sofisticados.";3;0.03333333333333333;0.9883849622838176;0.0;0.0;8.021718;15966;1221;17187
Q076;Qual é o tempo de execução da ordenação por seleção e por que ele continua sendo O(n²) mesmo que o número de elementos verificados a cada passagem diminua?;Encontrar o menor elemento em uma lista custa O(n), e essa operação precisa ser repetida n vezes, uma para cada posição da lista final, resultando em O(n × n), ou seja, O(n²). Mesmo que restem menos elementos a verificar a cada repetição, a notação Big O ignora constantes como a fração média de elementos analisados, então o resultado ainda é expresso como O(n²).;Entendendo Algoritmos (Aditya Y. Bhargava) [Grokking Algorithms];"## Tempo de Execução da Ordenação por Seleção: **O(n²)**

### O que dizem os documentos recuperados

O livro **""Entendendo Algoritmos""** (Aditya Y. Bhargava) afirma claramente:

> *""O seu tempo de execução é O(n²); é bastante lento.""*

E o código de implementação apresentado no livro mostra a estrutura do algoritmo:

```python
def ordenacaoporSelecao(arr):
    novoArr = []
    for i in range(len(arr)):
        menor = buscaMenor(arr)       # percorre o array para achar o menor
        novoArr.append(arr.pop(menor)) # remove e adiciona ao novo array
    return novoArr
```

---

### Por que o tempo permanece **O(n²)** mesmo verificando menos elementos a cada passagem?

O próprio livro antecipa essa dúvida e responde de forma direta (página 19):

> *""Talvez você esteja pensando: conforme passa pelas operações, o número de elementos que precisa analisar diminui. Eventualmente, você acaba tendo de checar apenas um elemento. Então como o tempo de execução permanece sendo O(n²)?""*

A explicação dada é:

> *""Você verifica n elementos, então n – 1, n – 2 … 2, 1. Na média, você verifica uma lista que tem ½ × n elementos. O tempo de execução é O(n × ½ × n). Mas **constantes como ½ são ignoradas na notação Big O**, então você escreve apenas O(n × n) ou O(n²).""*

---

### Resumo passo a passo

| Passagem | Elementos verificados |
|----------|----------------------|
| 1ª       | n                    |
| 2ª       | n − 1               |
| 3ª       | n − 2               |
| ...      | ...                  |
| última   | 1                    |

**Total de operações:**

$$n + (n-1) + (n-2) + \dots + 2 + 1 = \frac{n(n-1)}{2} = \frac{n^2 - n}{2}$$

Na **notação Big O**, o que importa é a taxa de crescimento dominante:

1. **O termo dominante** é n² (o termo de maior grau).
2. **Constantes multiplicativas** (como ½) são **ignoradas** — não mudam a taxa de crescimento assintótica.
3. **Termos de menor grau** (como −n) também são desprezados.

Portanto: **½n² − ½n ≈ n²**, e o tempo de execução é **O(n²)**.

---

### Conclusão

Mesmo que o número de elementos verificados **diminua a cada passagem**, a *soma total* de comparações cresce **quadraticamente** com n. A redução de n para 1 elemento por passagem apenas introduz uma **constante fracionária** (½), que é irrelevante para a notação Big O — que foca apenas na **ordem de magnitude** do crescimento. Por isso, a ordenação por seleção permanece **O(n²)**, conforme documentado na obra de referência recuperada.";3;0.4666666666666667;0.9441232432764788;0.8333333332916666;1.0;12.07476;14374;1231;15605
Q077;Como funciona o método de ordenação conhecido como bubble sort?;O bubble sort ordena a lista comparando repetidamente pares de elementos adjacentes e trocando-os sempre que estiverem fora da ordem desejada. Esse processo de comparar e trocar é repetido percorrendo a lista até que nenhuma troca seja mais necessária, ou seja, até que todos os elementos estejam ordenados.;Lógica de programação (André Luiz Villar Forbellone) [Programming Logic];"## Como funciona o Bubble Sort (Método de Bolhas)

Com base na documentação recuperada, em especial do livro **""Introdução à Programação com Python — Algoritmos e Lógica de Programação para Iniciantes""** (Nilo Ney Coutinho Menezes), o funcionamento do Bubble Sort pode ser descrito da seguinte forma:

### Princípio Básico

O Bubble Sort, ou **método de bolhas**, é um algoritmo de ordenação **simples e fácil de entender**, mas **lento** — portanto, não recomendado para listas grandes.

### Funcionamento Passo a Passo

1. **Comparação par a par:** O algoritmo percorre a lista comparando **dois elementos vizinhos** de cada vez.
2. **Troca condicional:** Se o valor do **primeiro elemento for maior** que o do **segundo**, eles **trocam de posição**.
3. **Avanço na lista:** A operação é repetida para o próximo par de elementos, e assim sucessivamente, **até o fim da lista**.
4. **Múltiplas passagens:** É necessário percorrer a lista **várias vezes** até que todos os elementos estejam ordenados.
5. **Marcador de trocas:** Utiliza-se um **marcador** (flag) para indicar se, durante uma passagem completa pela lista, houve ou não alguma troca. Se nenhuma troca ocorrer em uma passagem, significa que a lista já está ordenada e o algoritmo pode encerrar.
6. **Propriedade de flutuação:** A cada passagem, o **maior elemento ""flutua""** para o final da lista (como uma bolha subindo à superfície), daí o nome ""Bubble Sort"".

### Exemplo Ilustrativo

Considere a lista `[5, 3, 8, 1]`:

| Passagem | Lista antes | Comparações e trocas | Lista depois |
|----------|-------------|----------------------|--------------|
| 1ª | `[5, 3, 8, 1]` | 5>3 troca → 5<8 ok → 8>1 troca | `[3, 5, 1, 8]` |
| 2ª | `[3, 5, 1, 8]` | 3<5 ok → 5>1 troca → 1<8 ok | `[3, 1, 5, 8]` |
| 3ª | `[3, 1, 5, 8]` | 3>1 troca → 1<5 ok → 5<8 ok | `[1, 3, 5, 8]` |
| 4ª | `[1, 3, 5, 8]` | Nenhuma troca → **fim** | `[1, 3, 5, 8]` ✅ |

### Características Resumidas

| Característica | Descrição |
|---|---|
| **Tipo** | Algoritmo de ordenação por comparação |
| **Complexidade (pior caso)** | O(n²) — onde *n* é o número de elementos |
| **Complexidade (melhor caso)** | O(n) — quando a lista já está ordenada |
| **Estabilidade** | Sim (não altera a ordem de elementos iguais) |
| **Recomendação** | Apenas para listas pequenas ou fins didáticos |

> 📖 **Fonte:** O trecho recuperado provém do livro *Introdução à Programação com Python* (Nilo Ney Coutinho Menezes), Capítulo 6 — Listas, seção 6.16 (Ordenação), página 75. O grafo de conhecimento não retornou entidades estruturadas específicas sobre Bubble Sort, mas o contexto vetorial forneceu a descrição textual completa do algoritmo.";3;0.3333333333333333;0.8975441429792196;0.99999999995;1.0;6.210076;2003;977;2980
Q078;Qual é a diferença de estratégia entre a ordenação por seleção direta e o bubble sort?;"Na seleção direta, o algoritmo procura o menor elemento entre os restantes e o troca diretamente para a posição correta, repetindo o processo para as posições seguintes. No bubble sort, por outro lado, não há busca pelo menor elemento; em vez disso, o algoritmo compara pares de elementos vizinhos e os troca quando estão fora de ordem, fazendo com que os maiores valores se desloquem gradualmente para o fim da lista a cada passagem completa.";Lógica de programação (André Luiz Villar Forbellone) [Programming Logic];"## Diferença de Estratégia entre Ordenação por Seleção Direta e Bubble Sort

Com base nos documentos recuperados, as duas estratégias de ordenação diferem fundamentalmente na abordagem utilizada para reorganizar os elementos:

---

### 🔵 Bubble Sort (Método de Bolhas)

**Estratégia baseada em comparação e troca de elementos adjacentes.**

- **Como funciona:** A cada passagem, compara **dois elementos vizinhos** consecutivos. Se o primeiro for maior que o segundo, eles **trocam de posição**. Em seguida, avança para o próximo par e repete o processo até o fim da lista.
- **Propriedade chave:** A cada passagem completa, o maior elemento ""borbulha"" (sobe) para a sua posição correta no final da lista. Por isso, a cada nova passagem, não é necessário verificar o último elemento já posicionado.
- **Critério de parada:** Utiliza um marcador (ex.: variável `trocou`) para detectar se nenhuma troca foi realizada em uma passagem completa — o que indica que a lista já está ordenada.
- **Classificação:** É classificado como um método de **classificação por troca**.
- **Desempenho:** É considerado **lento**, não recomendado para listas grandes, mas é fácil de entender e aprender.

> *""A ordenação pelo método de bolhas consiste em comparar dois elementos a cada vez. Se o valor do primeiro elemento for maior que o do segundo, eles trocarão de posição.""* (Nilo Ney Coutinho Menezes — *Introdução à Programação com Python*)

---

### 🟢 Ordenação por Seleção Direta (Selection Sort)

**Estratégia baseada em busca do menor elemento e posicionamento sequencial.**

- **Como funciona:** Percorre toda a lista procurando o **menor elemento**. Ao encontrá-lo, este elemento é removido da lista original e inserido em uma nova lista ordenada (ou trocado com o elemento da posição atual). O processo é repetido para os elementos restantes.
- **Propriedade chave:** A cada iteração, **seleciona** o menor elemento restante e o coloca na próxima posição ordenada. O foco está em **encontrar o mínimo**, e não em comparar pares adjacentes.
- **Menos trocas:** Ao contrário do bubble sort, que pode realizar muitas trocas intermediárias, a seleção direta faz apenas **uma troca (ou movimentação) por iteração**, posicionando um elemento de cada vez na sua posição definitiva.

> *Exemplo prático: encontra-se o menor valor no array (`buscaMenor`), remove-se esse elemento e adiciona-se a um novo array ordenado (`ordenacaoporSelecao`).* (Aditya Y. Bhargava — *Entendendo Algoritmos*)

---

### 📊 Quadro Comparativo

| Aspecto | Bubble Sort | Seleção Direta |
|---|---|---|
| **Estratégia** | Compara e troca elementos **adjacentes** | **Seleciona** o menor elemento e o posiciona |
| **Trocas por passagem** | Múltiplas (todas as necessárias) | Apenas uma (posiciona o menor encontrado) |
| **Foco da operação** | Comparação par a par de vizinhos | Busca do valor mínimo global restante |
| **Classificação** | Classificação por troca | Classificação por seleção |
| **Eficiência** | Lento (múltiplas passagens com várias trocas) | Lento, porém com menos trocas que o bubble sort |
| **Detecção de lista ordenada** | Sim (se nenhuma troca ocorrer, para) | Não há otimização equivalente natural |

### Resumo da Diferença Central

A diferença fundamental está em **o que cada método prioriza**:

- O **Bubble Sort** foca em **comparar e trocar pares adjacentes** repetidamente, fazendo os maiores elementos ""subirem"" gradualmente para o fim da lista — como bolhas.
- A **Seleção Direta** foca em **encontrar o menor elemento** da porção não ordenada e colocá-lo diretamente em sua posição correta, reduzindo o número de trocas.

Ambos são algoritmos simples e didáticos, adequados para conjuntos pequenos de dados, mas **ineficientes para grandes volumes**.";3;0.3333333333333333;0.9800003399019029;0.3333333333;0.5;9.403643;5233;1334;6567
Q079;Como o quicksort aplica a estratégia de dividir para conquistar para ordenar um vetor?;O quicksort escolhe um elemento do vetor como pivô e particiona o restante em dois subvetores: um com os elementos menores que o pivô e outro com os maiores. Em seguida, aplica recursivamente o mesmo processo a cada subvetor até chegar ao caso base, que são vetores vazios ou com um único elemento, e a combinação final é feita juntando o subvetor menor, o pivô e o subvetor maior, produzindo uma lista ordenada.;Entendendo Algoritmos (Aditya Y. Bhargava) [Grokking Algorithms];"## Como o Quicksort aplica a estratégia de Dividir para Conquistar

Com base nos trechos recuperados do livro **""Entendendo Algoritmos""** de Aditya Y. Bhargava, o quicksort é um exemplo clássico de algoritmo que utiliza o paradigma **dividir para conquistar** para ordenar um vetor (array). Aqui está como ele funciona:

---

### 1. 🔀 Divisão — Escolha do Pivô e Particionamento

O primeiro passo do quicksort é **escolher um elemento do array como pivô**. Em seguida, o array é **particionado** em dois subarrays:

- Um **subarray esquerdo** contendo todos os números **menores** que o pivô;
- Um **subarray direito** contendo todos os números **maiores** que o pivô.

> *""Um subarray contendo todos os números menores do que o pivô""* e *""Um subarray contendo todos os números maiores do que o pivô. Os dois subarrays não estão ordenados, apenas particionados.""*

Por exemplo, se você tem o array `[15, 10, 33]` e escolhe `33` como pivô, obtém:
- Subarray esquerdo: `[15, 10]` (menores que 33)
- Subarray direito: `[]` (vazio, pois não há maiores que 33)

---

### 2. 🔄 Conquista — Execução Recursiva do Quicksort

Após o particionamento, o quicksort é **executado recursivamente** em ambos os subarrays:

> *""Execute o quicksort recursivamente em ambos os subarrays.""*

A recursão continua dividindo cada subarray em subarrays ainda menores, até atingir o **caso-base**: arrays de **0 ou 1 elemento** já estão naturalmente ordenados (e arrays de 2 elementos são facilmente ordenados).

> *""Como você pode ordenar os subarrays? Bem, o caso-base do quicksort consegue ordenar arrays de dois elementos (o subarray esquerdo) e também arrays vazios (o subarray direito).""*

---

### 3. 🧩 Combinação — Junção dos Resultados

Uma vez que os subarrays estão ordenados, a **combinação** é trivial. Basta juntar:

> *array esquerdo (ordenado) + pivô + array direito (ordenado)*

Por exemplo:
```
quicksort([15, 10]) + [33] + quicksort([])
> [10, 15] + [33] + []
> [10, 15, 33]  ← array ordenado
```

---

### 4. 📐 Generalização — Indução

O raciocínio do quicksort é **indutivo**: sabendo ordenar arrays pequenos (caso-base), você consegue ordenar arrays cada vez maiores.

> *""Sabendo ordenar arrays com quatro elementos, você consegue ordenar arrays com cinco elementos.""*

Não importa qual pivô seja escolhido — todos os subarrays resultantes terão menos elementos que o array original, e o quicksort poderá ser aplicado recursivamente a cada um deles:

> *""não importa o pivô que você escolher, pois você poderá executar o quicksort recursivamente em ambos os subarrays.""*

---

### Resumo do Paradigma ""Dividir para Conquistar"" no Quicksort

| Etapa | Ação | Descrição |
|-------|------|-----------|
| **Dividir** | Escolher pivô e particionar | Divide o array em dois subarrays (menores e maiores que o pivô) |
| **Conquistar** | Recursão | Ordena recursivamente cada subarray aplicando o mesmo processo |
| **Combinar** | Concatenação | Junta: `subarray esquerdo + pivô + subarray direito` |

O quickort exemplifica perfeitamente como o paradigma de dividir para conquistar transforma um problema complexo (ordenar um array inteiro) em subproblemas menores e mais simples (ordenar subarrays cada vez menores), que são resolvidos recursivamente e depois combinados de forma direta.";3;0.4482758620689655;0.8577550600274321;0.9999999999666667;1.0;6.862119;9041;1100;10141
Q080;Por que o quicksort costuma ser mais rápido que o merge sort na prática, mesmo que ambos tenham o mesmo tempo médio de execução de O(n log n)?;Embora ambos tenham tempo médio de execução O(n log n), o quicksort tem uma constante multiplicativa menor que a do merge sort, e essa constante, normalmente ignorada na notação Big O, passa a importar quando dois algoritmos compartilham a mesma ordem de crescimento. Além disso, na prática o quicksort tende a se comportar mais perto do seu caso médio com mais frequência do que do seu pior caso, O(n²), o que o torna mais rápido na maioria das situações do mundo real.;Entendendo Algoritmos (Aditya Y. Bhargava) [Grokking Algorithms];"## Por que o Quicksort costuma ser mais rápido que o Merge Sort na prática

Embora ambos os algoritmos tenham tempo de execução médio **O(n log n)**, o quicksort é, na prática, mais rápido que o merge sort. Com base no material consultado (livro *""Entendendo Algoritmos""* de Aditya Y. Bhargava), os principais motivos são:

---

### 1. A constante oculta da notação Big O

A notação **Big O** ignora constantes multiplicativas — ela descreve apenas a taxa de crescimento do tempo de execução. No entanto, quando dois algoritmos compartilham o **mesmo tempo Big O**, a constante passa a fazer diferença:

> *""O quicksort tem uma constante menor do que o merge sort. Assim, como ambos têm tempo de execução O(n log n), o quicksort acaba sendo mais rápido.""*

Na prática, isso significa que, para o mesmo tamanho de entrada `n`, o quicksort realiza **menos operações reais** por iteração do que o merge sort (por exemplo, trocas in-place vs. cópias de arrays), o que se traduz em um tempo de execução menor.

---

### 2. O quicksort funciona in-place (sem cópias auxiliares)

O merge sort precisa de memória adicional para armazenar sub-listas temporárias durante a fusão (merge), o que envolve **copiar elementos** repetidamente. Já o quicksort **ordena os elementos no próprio array** (in-place), economizando tanto memória quanto o tempo gasto nessas cópias. Isso reduz diretamente a constante mencionada acima.

---

### 3. O quicksort funciona mais vezes no caso médio do que no pior caso

O quicksort tem um **pior caso de O(n²)** (quando o pivô escolhido é sempre o menor ou maior elemento), mas isso é raro na prática:

> *""O quicksort é mais rápido, na prática, pois ele funciona mais vezes no caso médio do que no pior caso.""*

Com uma boa estratégia de escolha do pivô (pivô aleatório, mediana de três, etc.), a probabilidade de cair no pior caso é muito baixa, e o comportamento predominante é o caso médio O(n log n) — com a vantagem da constante menor.

---

### Resumo

| Fator | Quicksort | Merge Sort |
|---|---|---|
| Tempo médio (Big O) | O(n log n) | O(n log n) |
| Pior caso | O(n²) | O(n log n) |
| Constante (operações reais) | **Menor** | Maior |
| Uso de memória | In-place (O(log n)) | O(n) auxiliar |
| Cópias de dados | Não | Sim |

**Em síntese:** quando ambos têm o mesmo tempo Big O, o que decide é a **constante** — e o quicksort, por trabalhar in-place e evitar cópias desnecessárias, possui uma constante significativamente menor, tornando-se mais rápido na maioria dos cenários práticos.

---

**Fonte:** *Entendendo Algoritmos*, de Aditya Y. Bhargava (páginas 60–63).";3;0.358974358974359;0.9147750315993118;0.8333333332916666;1.0;6.989471;4330;882;5212
Q081;O que a notação Big O representa e por que ela não mede o tempo de execução de um algoritmo em segundos?;A notação Big O expressa como o tempo de execução de um algoritmo cresce à medida que o tamanho da entrada aumenta, e não um tempo medido em segundos, já que a velocidade real depende do hardware usado. Por isso, o Big O foca na taxa de crescimento — por exemplo, O(n) significa que o tempo cresce linearmente com o número de elementos — permitindo comparar algoritmos independentemente da máquina em que são executados.;Entendendo Algoritmos (Aditya Y. Bhargava) [Grokking Algorithms];"## Notação Big O: o que representa e por que não mede tempo em segundos

### O que a notação Big O representa

A **notação Big O** é uma forma matemática de expressar **como o tempo de execução de um algoritmo cresce** à medida que o tamanho da entrada aumenta. Em outras palavras, ela descreve a **taxa de crescimento** do tempo de execução (ou do uso de recursos) em função do número de elementos processados.

Conforme o texto recuperado da fonte bibliográfica (*Entendendo Algoritmos*, de Aditya Y. Bhargava):

> *""O tempo de execução de um algoritmo é medido por meio de seu crescimento.""*
> *""O tempo de execução dos algoritmos é expresso na notação Big O.""*

Alguns exemplos de tempos de execução comuns citados no material:

| Notação | Significado prático |
|---|---|
| **O(log n)** | Cresce de forma muito lenta; fica ainda mais rápido conforme a lista aumenta |
| **O(n)** | Cresce linearmente com o número de elementos |
| **O(n log n)** | Cresce de forma intermediária (ex: *merge sort*) |
| **O(n²)** | Cresce quadraticamente; bastante lento (ex: *ordenação por seleção*) |

### Por que a notação Big O não mede o tempo em segundos?

Existem várias razões fundamentais para isso:

1. **O tempo real depende do hardware**: Um computador lento que realiza 10 operações por segundo terá tempos totalmente diferentes de um computador moderno que realiza bilhões de operações por segundo. O próprio texto alerta: *""Na realidade, o seu computador é capaz de executar muito mais do que dez operações por segundo.""* Logo, medir em segundos tornaria a análise dependente da máquina.

2. **A Big O mede crescimento, não tempo absoluto**: A notação foca em **como** o tempo de execução escala quando a entrada cresce. Um algoritmo O(n²) com 10 elementos pode ser mais rápido que um O(n log n) com 3 elementos, mas com 1 milhão de elementos, a diferença se torna dramática. A Big O captura essa tendência de crescimento.

3. **Constantes são ignoradas**: A notação Big O descarta fatores constantes. Por exemplo, o texto explica que na ordenação por seleção, mesmo que o número de elementos verificados diminua a cada passo (n, n-1, n-2...), em média verifica-se ½ × n elementos. O tempo real seria O(n × ½ × n), mas como constantes como ½ são ignoradas, escreve-se simplesmente **O(n²)**. Isso significa que a Big O não pretende ser uma medida precisa de tempo, mas sim uma **abstração do comportamento assintótico** do algoritmo.

4. **Independência de implementação e ambiente**: A notação Big O permite comparar algoritmos de forma **independente de linguagem de programação, compilador, sistema operacional ou hardware**, focando apenas na **estrutura lógica** do algoritmo.

### Resumo

A notação Big O **não é um cronômetro** — é uma ferramenta de análise que descreve **a eficiência de um algoritmo em escala**. Ela responde à pergunta: *""Quando a entrada cresce, quanto mais rápido (ou mais devagar) o algoritmo fica?""* — e não *""Quantos segundos ele leva para executar?""*

---

**Fontes utilizadas:**
- **Contexto vetorial**: Trechos do livro *Entendendo Algoritmos* (Aditya Y. Bhargava), especialmente das páginas 1, 19 e 60, que tratam diretamente da definição e comportamento da notação Big O.
- **Contexto do grafo**: Entidades como **Algoritmos**, **Lógica de Programação**, **Programadores** e suas relações, que contextualizam a origem e o uso de algoritmos na computação e na matemática.";3;0.2558139534883721;0.9579170320308018;0.9999999999;0.0;7.632548;5022;1125;6147
Q082;Por que a constante que acompanha o tempo de execução de um algoritmo costuma ser ignorada na notação Big O, mas em alguns casos pode fazer diferença?;A constante costuma ser ignorada porque, quando dois algoritmos têm ordens de crescimento diferentes em notação Big O, como O(n) versus O(log n), essa diferença de crescimento é muito mais decisiva do que qualquer constante, especialmente para entradas grandes. No entanto, quando dois algoritmos compartilham a mesma notação Big O, como o quicksort e o merge sort, ambos O(n log n), a constante passa a fazer diferença prática, e é por isso que o quicksort tende a ser mais rápido que o merge sort no uso cotidiano.;Entendendo Algoritmos (Aditya Y. Bhargava) [Grokking Algorithms];"## A constante na notação Big O: por que é ignorada e quando importa

### Por que a constante costuma ser ignorada

A notação Big O descreve a **taxa de crescimento** do tempo de execução de um algoritmo em função do tamanho da entrada (*n*), e não o tempo exato. Por isso, fatores constantes multiplicativos são descartados — o foco está em como o tempo cresce quando *n* se torna muito grande.

Como o texto recuperado explica de forma didática (do livro *Entendendo Algoritmos*, de Aditya Y. Bhargava):

> *""Constantes como ½ são ignoradas na notação Big O [...] você escreve apenas O(n × n) ou O(n²).""*

Ou seja, se um algoritmo executa **½ × n** operações por passo, o fator **½** é desprezado, e o tempo de execução é simplesmente **O(n²)**.

A justificativa prática é que, **quando dois algoritmos têm tempos de execução Big O diferentes, a constante não importa**. O exemplo do livro ilustra isso bem:

- A **pesquisa simples** tem tempo **O(n)** com constante de 10 milissegundos.
- A **pesquisa binária** tem tempo **O(log n)** com constante de 1 segundo (ou seja, 100 vezes maior!).

Pode parecer que a pesquisa simples seria mais rápida por ter uma constante muito menor. Mas ao buscar em uma lista de **4 bilhões de elementos**, a pesquisa binária continua sendo absurdamente mais rápida, pois **O(log n)** cresce muito mais devagar que **O(n)**. A diferença de constante é irrelevante diante da diferença de ordem de crescimento.

### Quando a constante pode fazer diferença

A constante passa a importar quando **dois algoritmos têm o mesmo tempo de execução Big O**. Nesse caso, a notação Big O por si só não consegue distinguir qual é mais rápido — e é aí que a constante entra em cena.

O exemplo clássico citado no texto é:

> *""O quicksort, comparado ao merge sort, é um exemplo disso. O quicksort tem uma constante menor do que o merge sort. Assim, como ambos têm tempo de execução O(n log n) [...]""*

Como ambos são **O(n log n)**, a notação Big O não os diferencia. Porém, na prática, o **quicksort** costuma ser mais rápido porque sua **constante é menor** — ele envolve menos operações por iteração (menos trocas, melhor uso de cache, etc.).

### Resumo

| Situação | A constante importa? |
|---|---|
| Algoritmos com **Big O diferentes** | ❌ Não. A ordem de crescimento domina. |
| Algoritmos com **mesmo Big O** | ✅ Sim. A constante pode ser o fator decisivo. |

### Base no grafo de conhecimento

Embora o grafo recuperado esteja centrado em conceitos fundamentais como **Algoritmo** (definido por Cormen et al., Saliba, FORBELLONE & EBERSPACHER, Berg & Figueiró, Szwarcfiter & Markenzon), **Lógica de Programação**, **Programa**, **Dados de entrada/saída** e **Problema**, as relações estruturadas confirmam que o algoritmo é um processo sistemático que transforma dados de entrada em dados de saída. A análise de eficiência (notação Big O) é parte essencial dessa relação **Algoritmo → [CAUSES] → Programa**, pois a escolha do algoritmo com melhor desempenho impacta diretamente a execução pelo **Computador**.

Já os trechos textuais (recuperados por similaridade semântica do livro de Bhargava) fornecem os exemplos concretos que ilustram ambos os cenários: quando a constante é irrelevante (pesquisa simples vs. binária) e quando ela faz diferença (quicksort vs. merge sort).";3;0.2682926829268293;0.761626114562258;0.9999999999;1.0;7.213876;4557;1025;5582
Q083;O que caracteriza a estrutura de dados pilha e quais são as suas duas operações básicas?;Uma pilha é uma estrutura de dados LIFO (Last In, First Out), em que o último elemento inserido é sempre o primeiro a ser removido. Suas duas operações básicas são push, que insere um elemento no topo da pilha, e pop, que remove e lê o elemento do topo.;Entendendo Algoritmos (Aditya Y. Bhargava) [Grokking Algorithms];"## Estrutura de Dados: Pilha (Stack)

A **pilha** é uma estrutura de dados amplamente aplicável que armazena um número de elementos e **só permite acesso ao elemento em uma de suas extremidades: o topo**. Essa característica faz com que a pilha siga o princípio **LIFO** (*Last In, First Out* — último a entrar, primeiro a sair), ou seja, o último elemento inserido é sempre o primeiro a ser removido.

### Características principais

- **Acesso restrito ao topo:** Todos os elementos são inseridos e removidos apenas pela extremidade do topo da pilha. Não é possível acessar, inserir ou remover elementos de posições intermediárias (diferente do que ocorre em arrays e listas).
- **Simplicidade:** Como observado no livro *Entendendo Algoritmos* (Aditya Y. Bhargava), uma pilha é mais simples que uma lista comum — numa lista você pode adicionar ou remover itens em qualquer posição, enquanto na pilha há apenas duas ações possíveis.

### As duas operações básicas

| Operação | Descrição |
|----------|-----------|
| **push** (empilhar) | Insere um elemento no **topo** da pilha. |
| **pop** (desempilhar) | Remove (e opcionalmente lê) o elemento do **topo** da pilha. |

### Operações complementares

Além das duas operações básicas, as pilhas frequentemente oferecem operações auxiliares, conforme descrito no livro *Conceitos de Linguagens de Programação* (Robert W. Sebesta):

- **create(stack):** cria e possivelmente inicializa um objeto pilha.
- **destroy(stack):** libera o armazenamento da pilha.
- **empty(stack):** função booleana que retorna `true` se a pilha está vazia e `false` caso contrário.
- **top(stack):** retorna uma cópia do elemento do topo **sem removê-lo** (diferente do `pop`, que remove).

### Exemplo de uso

Um exemplo de sequência de código com uma pilha seria:

```
create(stk1);
push(stk1, color1);   // insere color1 no topo
push(stk1, color2);   // insere color2 no topo (agora color2 está acima de color1)
temp = top(stk1);     // temp recebe color2 (cópia do topo, sem remover)
pop(stk1);            // remove color2 do topo; color1 volta a ser o topo
```

### Analogia prática

O livro *Entendendo Algoritmos* usa uma analogia didática: imagine uma pilha de **notas adesivas**. Quando você insere uma nova nota, ela vai para o topo da pilha. Quando você lê uma nota, lê apenas a do topo e a retira. Assim, sua ""lista de afazeres"" em formato de pilha contém apenas duas ações: **push** (inserir) e **pop** (remover e ler).

---

**Fontes utilizadas:**
- 📖 *Conceitos de Linguagens de Programação* (Robert W. Sebesta) — p. 342: definição formal da pilha como tipo de dados abstrato e suas operações.
- 📖 *Entendendo Algoritmos* (Aditya Y. Bhargava) — p. 29: analogia das notas adesivas e explicação simplificada das operações push e pop.";3;0.3333333333333333;0.7645003111785268;0.5833333333041666;1.0;5.172863;2315;893;3208
Q084;De que forma a pilha de chamadas do computador é um exemplo prático de como funciona uma pilha LIFO?;"Toda vez que uma função é chamada, o computador empilha uma nova entrada com o estado dessa chamada no topo da pilha; quando a função termina e retorna, apenas a entrada do topo é removida, devolvendo a execução à função que fez a chamada mais recente. Esse comportamento, em que a última chamada feita é sempre a primeira a terminar e ser removida, corresponde exatamente à lógica LIFO de uma pilha.";Entendendo Algoritmos (Aditya Y. Bhargava) [Grokking Algorithms];"## A Pilha de Chamadas (Call Stack) como Exemplo Prático de LIFO

Com base nas informações recuperadas do grafo de conhecimento e dos documentos textuais, posso explicar como a **pilha de chamadas** ilustra perfeitamente o funcionamento de uma **pilha LIFO** (Last In, First Out — Último a Entrar, Primeiro a Sair).

---

### O Conceito de Pilha (LIFO)

Conforme descrito no livro *Entendendo Algoritmos* (Aditya Y. Bhargava), uma pilha é uma estrutura de dados simples com apenas duas ações principais:

- **Push** (inserir): coloca um item no **topo** da pilha.
- **Pop** (remover e ler): retira o item que está no **topo** da pilha.

O último elemento inserido é sempre o primeiro a ser removido — daí o nome **LIFO**.

---

### Como a Pilha de Chamadas Aplica o LIFO na Prática

A **pilha de chamadas** (call stack) é o mecanismo pelo qual o computador gerencia a execução de funções em um programa. O livro *Conceitos de Linguagens de Programação* (Robert W. Sebesta) explica isso em detalhes:

1. **Push (empilhar)**: Cada vez que uma função é chamada, o computador cria um **registro de ativação** (activation record) contendo as variáveis locais, parâmetros e o endereço de retorno, e o coloca **no topo** da pilha de chamadas.

2. **Pop (desempilhar)**: Quando a função termina sua execução, seu registro de ativação é removido do **topo** da pilha, e o controle retorna para a função que estava logo abaixo — ou seja, a função que havia feito a chamada.

3. **Ordem LIFO**: A última função chamada é sempre a primeira a ser concluída e removida. Isso significa que:
   - Se a função **A** chama a função **B**, e **B** chama a função **C**;
   - A execução segue: A → B → C;
   - A conclusão segue (LIFO): **C** termina primeiro → **B** termina → **A** termina.

> Conforme o texto recuperado: *""a pilha de chamada se parece com isto: o 'monte de caixas' é salvo na pilha! [...] Utilizar a pilha é conveniente porque você não precisa acompanhar o monte de caixas – a pilha faz isso para você.""*

---

### Conexão com o Grafo de Conhecimento

As entidades e relações do grafo reforçam esse contexto:

| Entidade/Relação do Grafo | Aplicação na Explicação |
|---|---|
| **Lógica de Programação** → **DEFINE** → **Programa** | A lógica de programação define a estrutura do programa, incluindo como as funções são organizadas e chamadas |
| **Programa** → **RELATES_TO** → **Computador** | O programa é executado na forma de passos pelo computador, que utiliza a pilha de chamadas para gerenciar esses passos |
| **Algoritmo** → **CAUSES** → **Programa** | O algoritmo é transformado em programa, e durante a execução desse programa, a pilha LIFO gerencia as chamadas de função |
| **Lógica de Programação** → **IS_A** → **Raciocínio lógico** | O entendimento de pilhas e call stacks faz parte do raciocínio lógico necessário para programar corretamente |

---

### Exemplo Concreto com Recursão

O livro *Entendendo Algoritmos* destaca que a pilha de chamadas é **indispensável para entender a recursão**. Considere uma função recursiva que calcula fatoriais:

```
fatorial(3) → chama fatorial(2) → chama fatorial(1) → chama fatorial(0)
```

| Estado | Pilha de Chamadas (topo → base) |
|---|---|
| Após chamar `fatorial(3)` | `[fatorial(3)]` |
| Após chamar `fatorial(2)` | `[fatorial(2), fatorial(3)]` |
| Após chamar `fatorial(1)` | `[fatorial(1), fatorial(2), fatorial(3)]` |
| Após chamar `fatorial(0)` | `[fatorial(0), fatorial(1), fatorial(2), fatorial(3)]` |
| `fatorial(0)` retorna (POP) | `[fatorial(1), fatorial(2), fatorial(3)]` |
| `fatorial(1)` retorna (POP) | `[fatorial(2), fatorial(3)]` |
| `fatorial(2)` retorna (POP) | `[fatorial(3)]` |
| `fatorial(3)` retorna (POP) | `[]` (vazia) |

Observe que **o último a entrar (`fatorial(0)`) foi o primeiro a sair** — exatamente o comportamento LIFO.

---

### Resumo

A pilha de chamadas é um exemplo prático e real de LIFO porque:

1. **Cada chamada de função é um *push*** — empilha um novo registro de ativação no topo.
2. **Cada retorno de função é um *pop*** — desempilha o registro do topo, retornando o controle para a função anterior.
3. **A ordem de conclusão é inversa à ordem de chamada** — exatamente como LIFO determina: o último chamado é o primeiro a terminar.

Isso torna a pilha de chamadas não apenas um conceito teórico de estruturas de dados, mas uma **ferramenta fundamental** que o computador utiliza para executar qualquer programa, conforme estabelecido pela relação **Lógica de Programação → RELATES_TO → Computador** no grafo de conhecimento.";3;0.15151515151515152;0.8887628213868322;0.0;0.0;9.34684;2901;1615;4516
Q085;O que caracteriza a estrutura de dados fila e quais são as suas duas operações básicas?;Uma fila é uma estrutura de dados FIFO (First In, First Out), em que o primeiro elemento inserido é o primeiro a ser removido, assim como uma fila de pessoas. Suas duas operações básicas são enqueue, que insere um elemento no fim da fila, e dequeue, que remove e lê o elemento da frente dela.;Entendendo Algoritmos (Aditya Y. Bhargava) [Grokking Algorithms];"## Estrutura de Dados: Fila

Com base nos trechos recuperados do material (Manzano & Oliveira, *Algoritmos – Lógica para Desenvolvimento de Programação de Computadores*, 28ª Edição, Editora Érica), posso detalhar o que caracteriza a **fila** e suas operações básicas:

---

### Caracterização da Fila

A **fila** é uma estrutura de dados que:

- **Possui início e fim** — ou seja, há dois pontos de referência bem definidos: um para a entrada de novos elementos e outro para a saída dos elementos a serem atendidos.
- **Segue o princípio FIFO** (*First In, First Out* — primeiro a entrar, primeiro a sair). Conforme o texto:

  > *""Toda vez que um elemento sai da fila para atendimento (**sempre o primeiro elemento**), os demais elementos são colocados uma posição à frente.""*

  Isso significa que o elemento que está há mais tempo na fila (o primeiro) é sempre o próximo a ser removido, exatamente como ocorre em uma fila de atendimento em um guichê.

- Após a remoção de um elemento, os demais elementos são **reposicionados**, avançando uma posição, de modo que o próximo elemento assuma a posição do elemento retirado e uma nova posição de inserção seja aberta no final da fila.

---

### As Duas Operações Básicas

As duas operações fundamentais de uma fila são:

| Operação | Descrição |
|---|---|
| **1. Enfileirar (Entrada)** | Insere um novo elemento no **fim** da fila. É a operação de adição de dados à estrutura. |
| **2. Desenfileirar (Saída / Retirar)** | Remove e retorna o elemento do **início** da fila (o primeiro elemento). Após a captura desse elemento, os elementos restantes são reposicionados uma posição à frente e o contador de início é atualizado para liberar espaço para novas entradas. |

Conforme o texto recuperado:

> *""Para o gerenciamento de dados de uma estrutura do tipo fila, o módulo de rotina mais importante, que age como fila (num guichê de atendimento), é a função **RETIRAR**. Após a captura do primeiro elemento, essa função reposiciona os elementos seguintes a partir da posição inicial liberada e atualiza o contador INÍCIO com menos um para liberar a posição para uma nova entrada na fila.""*

---

### Resumo

A fila é uma estrutura de dados linear caracterizada pelo comportamento **FIFO** (primeiro a entrar, primeiro a sair), com dois extremos bem definidos — **início** (por onde os elementos saem) e **fim** (por onde os elementos entram). Suas duas operações básicas são:

1. **Enfileirar** — inserção no fim da fila;
2. **Desenfileirar** — remoção do início da fila.";3;0.4117647058823529;0.8377682016168314;0.49999999995;0.0;6.932127;10527;1055;11582
Q086;Por que a busca em largura em um grafo usa uma fila, em vez de uma pilha, para guardar os elementos a serem verificados?;"A busca em largura precisa verificar as conexões na mesma ordem em que foram adicionadas à lista de busca, garantindo que as conexões de primeiro grau sejam verificadas antes das de segundo grau, o que é essencial para encontrar o caminho mais curto. Como uma fila é FIFO, ela preserva essa ordem de chegada; uma pilha, sendo LIFO, inverteria a ordem e faria o algoritmo verificar primeiro os elementos adicionados mais recentemente, o que não garantiria encontrar o caminho mais curto.";Entendendo Algoritmos (Aditya Y. Bhargava) [Grokking Algorithms];"## Por que a Busca em Largura (BFS) usa uma Fila e não uma Pilha?

A resposta está diretamente ligada ao **objetivo fundamental** da busca em largura: **encontrar o caminho mais curto (menor caminho)** entre dois vértices em um grafo não ponderado.

### 1. A natureza FIFO da fila garante a exploração por níveis

A busca em largura explora o grafo **camada por camada** — ou seja, primeiro visita todos os vizinhos diretos (distância 1), depois todos os vizinhos dos vizinhos (distância 2), e assim por diante. Isso só é possível com uma estrutura de dados **FIFO (First In, First Out — Primeiro a Entrar, Primeiro a Sair)**, que é exatamente como uma **fila** funciona.

Como descreve o livro *Entendendo Algoritmos*, de Aditya Y. Bhargava:

> *""Se você enfileirar dois itens na lista, o primeiro item adicionado será desenfileirado antes do segundo item. Dessa forma, pessoas que foram adicionadas primeiro na lista serão desenfileiradas e verificadas primeiro.""*

Ou seja, os vértices que chegam primeiro à fila (que estão mais próximos do ponto de partida) são processados primeiro. Isso garante que **o primeiro caminho encontrado até um vértice é necessariamente o mais curto**.

### 2. O que aconteceria com uma pilha (LIFO)?

A **pilha** é uma estrutura **LIFO (Last In, First Out — Último a Entrar, Primeiro a Sair)**. Se usássemos uma pilha na busca em largura:

- O **último** vértice adicionado seria o **primeiro** a ser processado.
- Isso faria com que o algoritmo **mergulhasse profundamente** em um ramo do grafo antes de explorar os outros — comportamento que caracteriza a **busca em profundidade (DFS)**, e não a busca em largura.
- O caminho encontrado poderia **não ser o mais curto**, pois vértices mais distantes poderiam ser visitados antes de vértices mais próximos.

### 3. Resumo das diferenças

| Característica | **Fila (BFS)** | **Pilha (DFS)** |
|---|---|---|
| Ordem de processamento | Primeiro a entrar, primeiro a sair (FIFO) | Último a entrar, primeiro a sair (LIFO) |
| Estratégia de exploração | Por níveis (largura) | Em profundidade (mergulha em um ramo) |
| Caminho encontrado | **Mais curto** (em grafos não ponderados) | Qualquer caminho válido |
| Garantia de menor caminho | ✅ Sim | ❌ Não |

### 4. Conclusão

A fila é essencial para a busca em largura porque:

- **Preserva a ordem de descoberta** dos vértices, processando-os do mais próximo para o mais distante.
- **Garante que o primeiro caminho encontrado** até qualquer vértice seja o de menor número de arestas (caminho mínimo em grafos não ponderados), como destacado no livro *Entendendo Algoritmos*: *""A pesquisa em largura é usada para calcular o caminho mínimo para um grafo não ponderado.""*
- Se uma pilha fosse usada no lugar, o algoritmo deixaria de ser uma busca em **largura** e se tornaria uma busca em **profundidade**, com propriedades e aplicações diferentes.

Em suma, **a fila é o que dá à BFS sua característica de ""largura""** — espalhar-se pelo grafo uniformemente, nível a nível, em vez de aprofundar-se em um único caminho.";3;0.13513513513513514;0.724541230683287;0.3333333333;0.0;8.9354;5113;1006;6119
Q087;O que é uma função hash e como ela permite que uma tabela hash encontre um valor com tempo de execução O(1)?;Uma função hash recebe uma chave (como uma cadeia de caracteres) e retorna consistentemente o mesmo número para a mesma entrada, mapeando essa chave para uma posição em um vetor subjacente. Como a tabela hash usa esse número como índice direto no vetor, ela acessa o valor associado à chave imediatamente, sem precisar percorrer os demais elementos, o que garante tempo de execução O(1) mesmo à medida que o número de itens armazenados aumenta.;Entendendo Algoritmos (Aditya Y. Bhargava) [Grokking Algorithms];"## Função Hash e Tabela Hash: Explicação

Com base no material recuperado (do livro *Entendendo Algoritmos*, de Aditya Y. Bhargava), aqui está a explicação:

---

### O que é uma função hash?

Uma **função hash** é uma função que recebe uma entrada (como uma string ou número) e a converte em um índice numérico que corresponde a uma posição em um **array**. Em outras palavras, ela mapeia um valor de entrada diretamente para uma posição de armazenamento.

Quando você combina uma **função hash** com um **array**, obtém uma **tabela hash** — uma estrutura de dados que permite modelar informações de forma muito eficiente.

---

### Como a função hash permite tempo de execução O(1)?

O processo funciona assim:

1. **Você fornece uma chave** (por exemplo, o nome de um produto).
2. **A função hash transforma essa chave em um índice** do array.
3. **O valor associado é armazenado (ou buscado) diretamente nesse índice.**

Como a função hash calcula o índice de forma **direta e imediata**, não é necessário percorrer o array elemento por elemento (como na pesquisa simples, que tem tempo linear **O(n)**). O tempo gasto é o mesmo, **independentemente do tamanho da tabela hash** — por isso o tempo é **O(1)**, também chamado de **tempo constante**.

> *""Tempo constante não é algo que acontece instantaneamente, mas sim um tempo que continuará sempre o mesmo, independentemente de quão grande a tabela hash possa vir a ser.""*

---

### Resumo dos pontos-chave (extraídos do texto)

| Conceito | Descrição |
|---|---|
| **Tabela hash** | Combinação de uma função hash com um array |
| **Função hash** | Distribui valores no array de forma simétrica, gerando índices |
| **Tempo O(1)** | No caso médio, pesquisa, inserção e remoção têm tempo constante |
| **Colisões** | Quando duas chaves mapeiam para o mesmo índice — é necessário minimizá-las com uma boa função hash |
| **Redimensionamento** | Quando a tabela cresce demais, ela é redimensionada. É uma operação cara, mas em média o desempenho permanece O(1) |

---

### Uma boa função hash

O texto destaca que **uma boa função hash distribui os valores no array simetricamente**, minimizando colisões. Quanto menos colisões, mais próximo o desempenho real fica do tempo constante O(1). Quando há colisões, o desempenho pode degradar, mas com uma boa função hash e redimensionamento adequado, o **caso médio** permanece O(1).

---

**Fonte:** *Entendendo Algoritmos*, de Aditya Y. Bhargava — capítulo sobre tabelas hash (páginas 94–100).";3;0.32558139534883723;0.8431719078477315;0.0;0.0;5.491103;1753;794;2547
Q088;O que é uma colisão em uma tabela hash e qual é a solução mais simples para resolvê-la?;"Uma colisão ocorre quando a função hash mapeia duas chaves diferentes para a mesma posição do vetor subjacente da tabela, fazendo com que um valor sobrescreva o outro. A solução mais simples é, quando várias chaves caem na mesma posição, iniciar ali uma lista encadeada contendo todos os itens daquela posição; a busca por uma chave específica então percorre essa pequena lista em vez do vetor inteiro, desde que a função hash seja boa o suficiente para manter essas listas curtas.";Entendendo Algoritmos (Aditya Y. Bhargava) [Grokking Algorithms];"## O que é uma colisão em uma tabela hash?

Uma **colisão** ocorre quando a função hash atribui **duas chaves diferentes ao mesmo espaço (índice)** do array que compõe a tabela hash. Segundo o livro *Entendendo Algoritmos*, de Aditya Y. Bhargava:

> *""Isso se chama colisão: duas chaves são indicadas para o mesmo espaço, e isto é um problema. Assim, se armazenar o preço dos abacates neste espaço, eles irão sobrescrever o preço das ameixas.""*

No exemplo do livro, ao inserir o preço dos **abacates** na tabela hash, a função hash aponta para o mesmo índice onde já estavam armazenadas as **ameixas**. Se simplesmente sobrescrevermos o conteúdo, perderíamos os dados anteriores — por isso as colisões são um problema que precisa ser resolvido.

---

## Solução mais simples: lista encadeada (encadeamento separado)

A solução mais simples apresentada é:

> *""Se diversas chaves mapeiam para o mesmo espaço, inicie uma lista encadeada neste espaço.""*

Ou seja, em vez de armazenar um único valor em cada posição do array, armazena-se uma **lista encadeada**. Quando duas chaves colidem (como ""ameixa"" e ""abacate""), ambas são armazenadas como nós da lista encadeada naquela posição. Para buscar um valor, basta percorrer a pequena lista naquele índice.

---

## Considerações importantes

O texto também destaca **duas lições fundamentais** sobre colisões:

1. **A função hash é muito importante** — idealmente, ela deve distribuir as chaves de maneira uniforme por toda a tabela, minimizando colisões.
2. **Listas encadeadas muito longas prejudicam o desempenho** — se muitas chaves colidem no mesmo índice, a tabela hash perde sua vantagem de tempo constante e se torna tão lenta quanto uma lista simples.

Além disso, o livro aponta que para **evitar colisões** são necessários:
- **Um baixo fator de carga** (razão entre número de elementos e tamanho da tabela);
- **Uma boa função hash** que distribua as chaves de forma simétrica.

---

**Fonte:** *Entendendo Algoritmos* — Aditya Y. Bhargava (páginas 92–96), recuperado via busca semântica no documento. O grafo de conhecimento não retornou entidades estruturadas relacionadas a esta consulta.";3;0.0;0.929599197901512;0.0;0.0;8.453923;8991;817;9808
Q089;O que é um registro (estrutura de dados heterogênea) e como ele difere de um vetor ou de uma matriz?;Um registro é um tipo de dado derivado que agrupa, dentro de uma única estrutura, vários campos que podem ser de tipos primitivos diferentes entre si, como cadeia, caractere, inteiro e real ao mesmo tempo. Isso faz dele uma estrutura heterogênea, diferentemente de um vetor ou de uma matriz, que são estruturas homogêneas e só podem armazenar dados de um único tipo em todas as suas posições.;Algoritmos Lógica para desenvolvimento de programação de computadores [Algorithms: Logic for Computer Programming Development];"## O que é um Registro (Estrutura de Dados Heterogênea)

Um **registro** é uma **estrutura de dados heterogênea** que permite agrupar, em uma mesma estrutura, **dados de tipos diferentes** (como inteiros, reais, lógicos, cadeias de caracteres, etc.). Cada elemento dentro de um registro é chamado de **campo**, e cada campo é uma variável independente com seu próprio tipo.

### Como funciona

A declaração de um registro segue a estrutura básica:

```
tipo
    <identificador> = registro
        var
            <lista dos campos e seus tipos>
    fim_registro

<variável> : <identificador>
```

> Trecho recuperado da obra *Algoritmos – Lógica para Desenvolvimento de Programação de Computadores* (p. 170): *""tipo é o comando utilizado para a construção de um dado derivado; identificador é o nome do tipo registro; lista dos campos e seus tipos é a relação de variáveis que serão usadas como campos, bem como seu tipo de estrutura de dados, podendo ser real, inteiro, lógico ou cadeia/caractere.""*

Por exemplo, um registro de **aluno** pode conter:
- **Nome** (cadeia/caractere)
- **Nota 1, Nota 2** (real)
- **Média** (real)
- **Frequência** (inteiro)

Todos esses campos de tipos diferentes convivem na **mesma estrutura**, formando um único registro.

---

## Principais diferenças em relação a Vetores e Matrizes

| Característica | **Vetor / Matriz** (Homogênea) | **Registro** (Heterogênea) |
|---|---|---|
| **Tipo de dados** | Todos os elementos são do **mesmo tipo** (homogênea) | Cada campo pode ser de um **tipo diferente** (heterogênea) |
| **Acesso aos elementos** | Acesso por **índice** (posição numérica) — ex: `TABELA[2,3]` | Acesso por **nome do campo** — ex: `aluno.nome`, `aluno.nota1` |
| **Estrutura** | Coleção de elementos ""iguais"" organizados em uma ou mais dimensões | Conjunto de **campos nomeados**, cada um com tipo e significado próprios |
| **Dimensionalidade** | Vetor = 1 dimensão; Matriz = 2 ou mais dimensões | Não tem noção de dimensão; tem noção de **campos** |
| **Manipulação** | Manipulados por **laços** (enquanto, para, repita) — uma dimensão usa 1 laço, duas dimensões usam 2 laços, etc. | Manipulados campo a campo, referenciando cada campo pelo nome |

### Explicação detalhada

1. **Vetores e matrizes são estruturas homogêneas**: segundo o material recuperado (p. 167), *""Uma estrutura homogênea de dados permite trabalhar com um só tipo de dado em toda a matriz.""* Se você precisa armazenar nomes (texto) e notas (números) usando apenas vetores/matrizes, seria necessário **criar várias matrizes diferentes** — uma para os nomes, outra para as notas, etc. O material destaca que *""apesar de ter sido possível resolver o problema, existe uma forma mais cômoda de fazê-lo com estruturas de dados heterogêneas, que possibilitam dados de tipos diferentes na mesma tabela, baseando-se em registros.""*

2. **Registros resolvem a limitação de tipos**: o registro permite que dados de tipos distintos coexistam. Conforme a obra *Lógica de Programação* (Forbellone, p. 97): *""as estruturas heterogêneas chamamos de registros, que são estruturas de dados divididas em campos, em que cada campo é uma variável diferente a ser declarada.""*

3. **Combinação possível — Matriz de Registros**: é possível inclusive combinar as duas abordagens criando uma **matriz de registros**, que *""permite a construção de programas que fazem entrada, processamento e saída de diversos registros""* (p. 176). Isso une a capacidade de armazenar múltiplos registros (como numa matriz) com a flexibilidade de tipos heterogêneos de cada registro.

---

## Resumo

- **Vetor**: estrutura homogênea **unidimensional** — mesmos tipos, acesso por índice.
- **Matriz**: estrutura homogênea **multidimensional** — mesmos tipos, acesso por múltiplos índices (linha, coluna, etc.).
- **Registro**: estrutura **heterogênea** — tipos diferentes em cada campo, acesso por nome do campo, sem noção de dimensão.

O registro é a estrutura ideal quando se precisa representar uma **entidade do mundo real** (como um aluno, um produto, um funcionário) que possui **atributos de naturezas distintas** agrupados em uma única unidade lógica.";3;0.5813953488372093;0.8517989247376838;0.9999999999666667;1.0;6.718531;5475;1255;6730
Q090;Como um tipo registro é declarado e como um campo específico de uma variável desse tipo é acessado?;"A declaração é feita com o comando tipo, definindo um identificador seguido de registro, listando cada campo com o seu respectivo tipo primitivo e encerrando com fim_registro; em seguida, o comando var associa uma variável a esse tipo derivado. Para acessar ou atribuir um campo específico dessa variável, usa-se a notação variável.campo (por exemplo, ALUNO.NOME ou ALUNO.NOTA1), separando o nome da variável do nome do campo por um ponto.";Algoritmos Lógica para desenvolvimento de programação de computadores [Algorithms: Logic for Computer Programming Development];"## Declaração de um Tipo Registro e Acesso a Campos

Com base nos trechos recuperados do material, aqui está a explicação detalhada:

---

### 1. Declaração de um Tipo Registro

A declaração de uma variável do tipo registro é o primeiro passo para sua utilização. Consiste em **especificar o nome da variável, os nomes de seus campos e seus respectivos tipos de dado**. O registro é considerado uma **variável composta heterogênea**, pois pode conter campos de tipos diferentes.

#### Sintaxe geral (em pseudocódigo/algoritmos):

```
DECLARE nome_da_variável_registro REGISTRO (
    nome_campo1 TIPO_DO_CAMPO1,
    nome_campo2 TIPO_DO_CAMPO2,
    ...,
    nome_campoN TIPO_DO_CAMPOn
)
```

#### Exemplo:
```
DECLARE conta REGISTRO (num, saldo NUMÉRICO, nome LITERAL)
```
Neste exemplo, a variável `conta` é um registro com três campos: `num` e `saldo` (numéricos) e `nome` (literal).

#### Em Pascal:
```pascal
TYPE BANCO = RECORD
    numero: INTEGER;
    saldo: REAL;
    titular: STRING[35];
END;

VAR conta: BANCO;
```
Primeiro define-se o tipo (`TYPE ... = RECORD ... END;`) e depois declara-se a variável desse tipo (`VAR conta: BANCO;`).

#### Em Java:
Em Java, o tipo registro é representado por uma **classe**. A declaração da variável é feita da seguinte forma:
```java
nome_da_classe nome_da_variável;
```
Por exemplo:
```java
Produto var;
```
> ⚠️ Importante: em Java, a variável `var` é apenas uma **referência** ao objeto. Logo após a declaração, seu conteúdo é `null`, pois o objeto ainda não foi criado na memória — é necessário instanciá-lo.

---

### 2. Acesso a um Campo Específico

O acesso a um determinado campo de um registro é feito informando-se o **nome da variável**, seguido por um **ponto (`.`)** e pelo **nome do campo desejado**.

#### Forma geral:
```
nome_da_variável_do_tipo_registro.nome_do_campo
```

#### Exemplos práticos:

- **Em Pascal:**
  ```pascal
  conta.numero   { acessa o campo ""numero"" da variável ""conta"" }
  conta.titular  { acessa o campo ""titular"" da variável ""conta"" }
  conta.saldo    { acessa o campo ""saldo"" da variável ""conta"" }
  ```

- **Em pseudocódigo (português estruturado):**
  ```
  leia ALUNO.NOME
  leia ALUNO.TURMA
  leia ALUNO.NOTA1
  ```
  A leitura/escrita é feita campo a campo, sempre usando a estrutura `VARIÁVEL.CAMPO`.

- **Em Java (com encapsulamento):**
  Como os atributos geralmente são `private`, o acesso é feito por meio de **métodos getters e setters**:
  ```java
  conta.getValor();      // recupera o valor do atributo ""valor""
  conta.setValor(100.0); // altera o valor do atributo ""valor""
  ```

#### Notação por pontos em registros aninhados:
Quando há registros dentro de registros, a referência segue do registro mais externo para o campo mais interno, também separados por ponto:
```
Employee_Record.Employee_Name.Middle
```

---

### Resumo

| Aspecto | Como funciona |
|---|---|
| **Declaração do tipo** | Define-se o nome do registro e a lista de campos com seus tipos (ex: `REGISTRO (campo1 TIPO1, campo2 TIPO2, ...)`) |
| **Declaração da variável** | Cria-se uma variável do tipo registro definido (ex: `VAR conta: BANCO;`) |
| **Acesso a um campo** | Usa-se a notação por ponto: `nome_variavel.nome_campo` |

**Fontes consultadas:** Trechos do livro *""Fundamentos da Programação de Computadores""* (Ascencio et al.), *""Conceitos de Linguagens de Programação""* (Sebesta) e *""Algoritmos: Lógica para Desenvolvimento de Programação de Computadores""*.";3;0.3333333333333333;0.7582832668429488;0.0;0.0;6.894461;5438;1190;6628
